ACCIDENT_YEAR,COLLISION_DATE,COLLISION_TIME,MONTH,SEASON,24HOURS,DAY_OF_WEEK,INTERSECTION,WEATHER_1,STATE_HWY_IND,ROAD_SURFACE,ROAD_COND_1,LIGHTING,STWD_VEHTYPE_AT_FAULT,CHP_VEHTYPE_AT_FAULT,DIRECTION,PCF_VIOL_CATEGORY,TYPE_OF_COLLISION,PEDESTRIAN_ACCIDENT,BICYCLE_ACCIDENT,MOTORCYCLE_ACCIDENT,TRUCK_ACCIDENT,MVIW,TOW_AWAY,HIT_AND_RUN,CONTROL_DEVICE,NUMBER_INJURED,COUNT_PED_INJURED,COUNT_BICYCLIST_INJURED,COUNT_MC_INJURED,PCF_VIOLATION,PARTY_COUNT,POINT_Y,POINT_X,COLLISION_SEVERITY
2011,2011-01-12,2012,1,4,20,3,Y,A,N,A,H,C,N,60,,11,C,Y,,,,C,Y,N,D,1,1,0,0,21954.0,4,36.79362,-119.84435,4
2011,2011-01-10,1342,1,4,13,1,N,A,N,A,H,A,-,- ,S,18,E,,,,,I,Y,N,D,1,0,0,0,,1,36.7783847,-119.78609264,4
2011,2011-01-11,2106,1,4,21,2,N,A,N,A,H,C,-,- ,S,22,C,,,,,E,N,N,D,2,0,0,0,,1,36.75936915,-119.71592277,4
2011,2011-01-08,55,1,4,0,6,N,A,N,A,G,C,A,01,E,01,E,,,,,I,Y,N,D,2,0,0,0,23153.0,1,36.86652007,-119.75081763,2
2011,2011-01-06,1721,1,4,17,4,Y,A,N,A,H,C,N,60,,11,G,Y,,,,B,N,N,A,1,1,0,0,21456.0,2,36.72864,-119.73655,2
2011,2011-01-09,437,1,4,4,7,Y,A,N,A,H,C,D,22,,01,A,,,,,I,Y,N,A,1,0,0,0,23152.0,1,36.80133,-119.7633,2
2011,2011-01-10,1549,1,4,15,1,Y,A,N,A,H,A,A,01,,12,D,,,,,C,Y,N,A,3,0,0,0,21453.0,4,36.77959,-119.78158,4
2011,2011-01-10,1526,1,4,15,1,N,A,N,A,H,A,A,01,S,03,C,,,,,C,Y,N,A,1,0,0,0,22350.0,2,36.78610409,-119.8893815,4
2011,2011-01-09,1900,1,4,19,7,N,A,N,A,H,C,A,01,W,03,C,,,,,C,Y,N,A,3,0,0,0,22350.0,2,36.83998545,-119.80188192,4
2011,2011-01-01,1220,1,4,12,6,N,B,N,C,A,A,-,- ,S,00,F,,,,,A,N,N,D,2,0,0,0,,1,,,3
2011,2011-01-07,740,1,4,7,5,N,B,N,A,H,A,D,22,W,03,C,,,,,C,N,N,D,1,0,0,0,22350.0,2,36.79400424,-119.80061646,4
2011,2011-01-04,1720,1,4,17,2,Y,A,N,A,H,B,A,08,,12,D,,,,,C,Y,N,A,1,0,0,0,22450.0,2,36.66354,-119.68191,2
2011,2011-01-04,920,1,4,9,2,Y,E,N,A,H,A,A,01,,09,D,,,,,C,Y,N,A,2,0,0,0,21802.0,2,36.603531,-120.178683,4
2011,2011-01-04,850,1,4,8,2,Y,A,N,A,H,A,A,01,,09,D,,,,,C,N,N,A,1,0,0,0,21800.0,2,36.88103,-119.71116,4
2011,2011-01-07,1528,1,4,15,5,N,B,N,A,H,A,A,01,E,08,E,,,,,I,Y,N,D,1,0,0,0,22107.0,1,36.77176497,-119.88391757,4
2011,2011-01-05,1343,1,4,13,3,N,B,Y,A,H,A,A,01,N,03,C,,,,,C,Y,N,D,3,0,0,0,22350.0,4,36.83321454,-119.78492453,4
2011,2011-01-02,755,1,4,7,7,N,B,Y,B,H,A,A,01,N,03,E,,,,,I,Y,N,D,1,0,0,0,22350.0,2,36.70999532,-119.77698757,4
2011,2011-01-07,1655,1,4,16,5,N,B,Y,A,H,B,A,07,E,04,C,,,,,C,N,N,D,1,0,0,0,21703.0,2,36.7441,-119.80893661,4
2011,2011-01-05,805,1,4,8,3,N,E,Y,A,H,A,D,22,W,03,C,,,,,C,Y,N,A,1,0,0,0,22350.0,2,36.83535793,-119.70493794,4
2011,2011-01-03,645,1,4,6,1,N,B,Y,A,H,A,A,01,S,03,C,,,,,C,Y,N,D,1,0,0,0,22350.0,4,36.52830704,-119.62894743,4
2011,2011-01-01,2207,1,4,22,6,N,C,Y,B,H,C,A,07,S,03,C,,,,,C,Y,M,D,2,0,0,0,22350.0,2,36.78947182,-119.85711432,4
2011,2011-01-02,1255,1,4,12,7,N,B,Y,B,H,A,A,01,S,08,E,,,,,I,Y,N,D,1,0,0,0,22107.0,1,36.77673905,-119.78479609,4
2011,2011-01-08,1500,1,4,15,6,N,B,Y,A,H,A,A,01,N,08,B,,,,,I,Y,N,D,1,0,0,0,22107.0,1,36.76636508,-119.77825264,4
2011,2011-01-07,1445,1,4,14,5,N,B,Y,A,H,A,A,01,N,03,C,,,,,C,Y,N,A,4,0,0,0,22350.0,2,36.60531318,-119.78996719,4
2011,2011-01-01,827,1,4,8,6,N,B,Y,B,H,B,A,01,W,03,E,,,,,I,Y,N,D,1,0,0,0,22350.0,1,36.7534,-119.72431572,3
2011,2011-01-05,1536,1,4,15,3,N,B,Y,A,H,A,A,01,N,08,F,,,,,A,Y,N,D,1,0,0,0,22107.0,1,36.50907407,-119.55098945,3
2011,2011-01-09,830,1,4,8,7,N,B,Y,A,H,A,A,01,S,08,F,,,,,A,Y,N,D,2,0,0,0,22107.0,1,36.77110175,-119.83798265,3
2011,2011-01-05,845,1,4,8,3,N,E,Y,B,H,A,D,22,W,03,C,,,,,C,Y,N,A,8,0,0,0,22350.0,7,36.7357,-119.61095528,4
2011,2011-01-22,1735,1,4,17,6,Y,A,N,A,H,C,A,01,,01,A,,,,,C,Y,F,D,1,0,0,0,23152.0,2,36.77053,-119.75974,4
2011,2011-01-22,730,1,4,7,6,N,E,Y,A,H,A,A,01,W,03,E,,,,,I,Y,N,D,1,0,0,0,22350.0,1,36.74037507,-119.81363264,4
2011,2011-01-15,1415,1,4,14,6,N,A,Y,A,H,A,D,22,E,08,E,,,,,I,Y,N,D,1,0,0,0,22107.0,1,36.76971716,-119.74917263,3
2011,2011-01-22,915,1,4,9,6,N,E,Y,A,H,A,A,01,S,03,C,,,,,C,Y,N,A,5,0,0,0,22350.0,3,36.40494089,-119.8062488,4
2011,2011-01-17,1757,1,4,17,1,N,A,Y,A,H,D,A,01,S,03,C,,,,,C,N,N,A,4,0,0,0,22350.0,2,36.70682507,-119.78479263,4
2011,2011-01-22,842,1,4,8,6,N,A,N,A,H,A,A,01,S,06,A,,,,,C,Y,N,D,2,0,0,0,21751.0,2,37.03120752,-119.52932767,3
2011,2011-01-22,702,1,4,7,6,Y,E,N,A,H,A,A,01,,21,C,,,,,C,N,N,D,1,0,0,0,22106.0,2,36.53257,-119.84539,4
2011,2011-01-08,2248,1,4,22,6,N,A,Y,A,H,D,A,01,E,07,B,,,,,C,Y,M,D,2,0,0,0,21658.0,2,36.60844507,-119.6643526,4
2011,2011-01-20,122,1,4,1,4,N,A,Y,A,H,D,D,22,W,01,E,,,,,J,Y,N,D,1,0,0,0,23152.0,1,37.03716979,-119.50520017,3
2011,2011-01-16,829,1,4,8,7,Y,B,N,A,H,A,A,01,,12,D,,,,,C,Y,N,A,3,0,0,0,22450.0,2,36.89603,-119.72996,4
2011,2011-01-11,2108,1,4,21,2,N,A,Y,A,H,D,D,22,W,08,E,,,,,I,Y,N,D,1,0,0,0,22107.0,1,37.04255592,-119.49631215,3
2011,2011-01-16,1758,1,4,17,7,N,B,N,A,H,D,D,22,N,06,B,,Y,,,G,N,F,D,1,0,1,0,21750.0,2,36.59067525,-119.88939874,4
2011,2011-01-02,2013,1,4,20,7,Y,B,N,B,H,D,D,22,,01,D,,,,,C,Y,N,A,4,0,0,0,23152.0,2,36.61983,-119.75484,3
2011,2011-01-23,430,1,4,4,7,N,A,Y,A,H,D,A,01,W,08,E,,,,,I,Y,N,D,2,0,0,0,22107.0,1,36.7205,-119.00252679,3
2011,2011-01-18,1145,1,4,11,2,N,B,N,A,H,A,-,- ,W,18,H,,,,,A,N,N,D,1,0,0,0,,2,,,4
2011,2011-01-10,637,1,4,6,1,Y,A,N,A,H,D,D,22,,10,G,Y,,,,B,N,N,A,1,1,0,0,21950.0,2,36.77588,-119.74086,4
2011,2011-01-09,30,1,4,0,7,N,B,Y,A,H,D,D,22,S,08,F,,,,,A,Y,N,D,1,0,0,0,22107.0,1,36.86653514,-119.61314912,4
2011,2011-01-17,1340,1,4,13,1,N,B,N,A,H,A,A,01,E,08,D,,,,,C,Y,N,D,2,0,0,0,22107.0,2,36.79371108,-119.56415395,3
2011,2011-01-19,550,1,4,5,3,Y,A,N,A,H,D,-,- ,,00,D,,,,,C,Y,N,A,1,0,0,0,,3,36.77896,-119.89832,4
2011,2011-01-06,1435,1,4,14,4,N,A,Y,A,H,A,A,01,N,03,C,,,,,C,Y,N,D,3,0,0,0,22350.0,4,36.83058583,-119.78496033,4
2011,2011-01-16,1520,1,4,15,7,N,B,N,A,H,A,A,08,E,03,C,,,,,C,N,N,A,2,0,0,0,22350.0,2,36.7939137,-119.8076388,4
2011,2011-01-17,225,1,4,2,1,N,A,Y,A,H,D,A,01,N,01,C,,,,,C,Y,N,D,3,0,0,0,23152.0,2,36.64832381,-119.70802389,4
2011,2011-01-12,1520,1,4,15,3,N,A,N,A,H,A,A,01,W,06,B,,,,,C,N,N,D,1,0,0,0,21750.0,2,36.43108633,-119.7567595,4
2011,2011-01-11,1840,1,4,18,2,N,A,Y,A,H,C,D,22,E,03,C,,,,,C,Y,N,D,3,0,0,0,22350.0,2,36.83878563,-119.70221183,4
2011,2011-01-13,610,1,4,6,4,N,E,Y,A,H,B,A,01,S,06,B,,,,,C,Y,N,D,1,0,0,0,21751.0,2,36.45551577,-119.63617675,3
2011,2011-01-18,1555,1,4,15,2,N,B,Y,A,H,A,A,07,S,03,C,,,,,C,Y,N,D,2,0,0,0,22350.0,2,36.83015508,-119.78496264,4
2011,2011-01-06,1612,1,4,16,4,N,B,N,A,H,A,A,08,W,03,C,,Y,,,G,N,N,D,1,0,1,0,22350.0,2,36.73596513,-119.70639646,2
2011,2011-01-19,820,1,4,8,3,N,B,Y,A,H,A,A,01,E,03,C,,,,,C,N,N,D,1,0,0,0,22350.0,2,36.736,-119.60702068,4
2011,2011-01-14,815,1,4,8,5,N,B,N,B,H,A,A,07,S,08,E,,,,,I,Y,N,D,1,0,0,0,22107.0,1,36.78614994,-119.51077014,3
2011,2011-01-14,750,1,4,7,5,Y,B,N,B,H,A,D,22,,09,D,,,,,C,N,M,A,1,0,0,0,21802.0,2,36.70741,-119.66405,4
2011,2011-01-10,1510,1,4,15,1,N,A,Y,A,H,A,A,01,N,07,B,,,,,C,Y,N,D,1,0,0,0,21658.0,3,36.67677151,-119.7397889,4
2011,2011-01-10,827,1,4,8,1,N,A,Y,A,H,A,A,01,W,07,B,,,,,C,Y,N,D,2,0,0,0,21658.0,2,36.7474,-119.80222556,4
2011,2011-01-09,520,1,4,5,7,N,B,Y,A,H,D,A,07,N,08,E,,,,,I,Y,N,D,1,0,0,0,22107.0,1,36.58932253,-119.64367683,4
2011,2011-01-05,1955,1,4,19,3,N,A,N,A,H,D,D,22,S,03,E,,,,,I,Y,N,D,1,0,0,0,22350.0,1,36.70589729,-119.53989259,3
2011,2011-01-09,330,1,4,3,7,N,A,N,A,H,D,A,01,E,08,E,,,,,I,Y,M,D,1,0,0,0,22107.0,1,36.65586525,-119.54746112,3
2011,2011-01-02,1445,1,4,14,7,N,B,N,B,H,A,A,07,W,03,E,,,,,I,Y,N,D,1,0,0,0,22350.0,1,36.93928421,-119.68446225,2
2011,2011-01-12,1833,1,4,18,3,N,A,Y,A,H,D,A,01,E,03,C,,,,,C,Y,N,D,1,0,0,0,22350.0,2,36.7547,-119.77183256,4
2011,2011-01-19,730,1,4,7,3,N,B,Y,A,H,A,D,22,N,03,C,,,,,C,N,N,D,1,0,0,0,22350.0,2,36.7734024,-119.83979668,4
2011,2011-01-07,2500,1,4,25,5,N,A,N,A,H,D,A,01,N,01,E,,,,,I,Y,N,D,1,0,0,0,23152.0,1,36.66634195,-119.41253257,3
2011,2011-01-11,750,1,4,7,2,Y,B,N,A,H,A,D,22,,09,D,,,,,C,Y,N,A,1,0,0,0,21802.0,2,36.66354,-119.68191,4
2011,2011-01-06,1555,1,4,15,4,Y,A,N,A,H,A,C,02,,09,D,,,Y,,C,N,N,A,1,0,0,1,21802.0,2,36.77205,-119.68216,3
2011,2011-01-12,2300,1,4,23,3,N,A,Y,A,H,D,A,01,W,08,F,,,,,J,Y,N,D,1,0,0,0,22107.0,1,36.9826843,-119.5283448,4
2011,2011-01-28,1725,1,4,17,5,N,B,N,A,H,B,D,22,W,01,A,,,,,C,Y,N,D,5,0,0,0,23152.0,2,36.7503255,-119.72724732,3
2011,2011-01-21,1622,1,4,16,5,Y,B,N,A,H,A,-,- ,,10,G,Y,,,,B,N,N,A,1,1,0,0,21950.0,2,36.69216,-119.55411,3
2011,2011-02-16,2000,2,4,20,3,N,B,Y,B,H,C,A,01,N,03,D,,,,,C,Y,N,D,3,0,0,0,22350.0,3,36.83824334,-119.78518967,2
2011,2011-03-09,858,3,1,8,3,N,A,Y,A,D,A,A,01,S,03,C,,,,,C,Y,N,D,3,0,0,0,22350.0,4,36.82956366,-119.78496579,3
2011,2011-02-26,2130,2,4,21,6,N,A,N,A,H,C,A,01,W,01,A,,,,,E,Y,N,D,1,0,0,0,23152.0,3,36.76702207,-119.75500288,3
2011,2011-02-28,1155,2,4,11,1,N,A,N,A,H,A,D,22,W,05,A,,,,,C,Y,N,D,2,0,0,0,21650.0,2,36.83210604,-119.95062238,2
2011,2011-02-26,1610,2,4,16,6,N,A,Y,A,H,A,D,22,E,17,E,,,,,J,Y,N,D,1,0,0,0,23114.0,2,36.76737588,-119.74949263,3
2011,2011-02-25,1456,2,4,14,5,N,C,Y,B,H,A,A,01,W,08,B,,,,Y,C,Y,N,D,2,0,0,0,22107.0,3,36.7551,-119.76355262,2
2011,2011-02-23,1723,2,4,17,3,Y,A,N,A,H,A,A,01,,05,D,,,,,C,Y,N,D,1,0,0,0,21752.0,2,36.576351,-119.6465895,4
2011,2011-03-04,815,3,1,8,5,N,A,Y,A,H,A,A,01,S,03,C,,,,,C,Y,N,D,2,0,0,0,22350.0,3,36.62340631,-119.68071011,4
2011,2011-03-04,1120,3,1,11,5,N,A,Y,A,H,A,D,22,S,03,C,,,,,C,N,N,A,1,0,0,0,22350.0,3,36.63403525,-119.78586262,4
2011,2011-02-22,1128,2,4,11,2,Y,A,N,A,H,A,D,22,,09,D,,,,Y,C,Y,N,A,1,0,0,0,21802.0,3,36.5472,-119.700684,4
2011,2011-02-16,740,2,4,7,3,N,B,Y,B,H,A,G,25,N,03,C,,,,Y,C,Y,N,D,2,0,0,0,22350.0,3,36.70968123,-119.77668265,4
2011,2011-01-13,1116,1,4,11,4,Y,A,N,A,H,A,-,- ,,16,F,,,,,J,Y,N,A,1,0,0,0,24002.0,2,36.60555,-119.65504,4
2011,2011-01-11,1009,1,4,10,2,Y,F,N,A,H,A,-,- ,,09,A,,,,,C,Y,N,D,1,0,0,0,21801.0,2,36.62609,-119.67772,4
2011,2011-01-06,1752,1,4,17,4,N,A,N,A,H,C,A,01,W,09,A,,,,,C,Y,N,D,2,0,0,0,21801.0,2,36.81569509,-119.77360044,4
2011,2011-01-06,1451,1,4,14,4,N,A,N,A,H,A,C,02,W,- ,D,,,Y,,C,N,N,A,1,0,0,1,,2,36.83007468,-119.79944484,4
2011,2011-02-14,1858,2,4,18,1,Y,A,N,A,H,D,G,25,,09,D,,,,Y,C,Y,N,D,1,0,0,0,21801.0,2,36.60433,-119.47544,3
2011,2011-02-14,1530,2,4,15,1,Y,A,N,A,H,A,-,- ,,18,H,,,,,A,N,N,A,4,0,0,0,,1,36.72837,-119.84444,4
2011,2011-02-20,1107,2,4,11,7,Y,A,N,A,H,A,F,26,,12,D,,,,Y,C,Y,N,A,1,0,0,0,22450.0,2,36.63421,-119.57469,4
2011,2011-02-17,2208,2,4,22,4,N,B,Y,B,H,D,G,25,S,08,E,,,,Y,I,N,N,D,1,0,0,0,22107.0,1,36.80512798,-119.88286785,3
2011,2011-02-24,1430,2,4,14,4,N,B,N,A,H,A,A,01,E,03,C,,,,Y,C,Y,N,D,2,0,0,0,22350.0,2,36.70757508,-119.70675838,4
2011,2011-01-02,1313,1,4,13,7,N,C,N,B,H,A,A,01,E,03,E,,,,,I,Y,N,D,1,0,0,0,22350.0,1,36.80134508,-119.76530759,2
2011,2011-02-28,145,2,4,1,1,N,A,Y,A,H,D,A,01,E,08,F,,,,,A,Y,N,D,1,0,0,0,22107.0,1,36.2551966,-120.17778855,4
2011,2011-01-30,1435,1,4,14,7,N,B,N,B,H,A,D,22,S,12,D,,,,,C,N,N,A,3,0,0,0,22450.0,2,36.65605585,-119.79084263,4
2011,2011-01-30,945,1,4,9,7,N,C,Y,B,H,A,A,01,N,08,E,,,,,I,N,N,D,1,0,0,0,22107.0,1,36.7539594,-119.77575789,4
2011,2011-01-21,835,1,4,8,5,N,E,Y,A,H,A,A,07,W,03,C,,,,,C,Y,F,D,2,0,0,0,22350.0,4,36.7357,-119.611831,4
2011,2011-01-21,735,1,4,7,5,N,E,Y,A,H,A,A,01,W,03,C,,,,,C,N,N,D,1,0,0,0,22350.0,2,36.7359,-119.55648389,4
2011,2011-01-12,1707,1,4,17,3,Y,A,N,A,H,B,A,01,,12,D,,,,,C,,N,A,2,0,0,0,22450.0,2,36.547074,-119.619828,3
2011,2011-01-30,945,1,4,9,7,N,B,Y,B,H,A,A,01,S,03,C,,,,,C,N,N,D,1,0,0,0,22350.0,2,36.74472507,-119.82063264,4
2011,2011-01-30,246,1,4,2,7,N,A,Y,A,H,D,A,07,N,01,F,,,,,A,Y,N,D,1,0,0,0,23152.0,1,36.5473342,-119.59637196,3
2011,2011-01-27,1842,1,4,18,4,Y,A,N,A,H,D,A,01,,09,D,,,,,C,Y,N,A,3,0,0,0,21802.0,2,36.75558,-119.83999,4
2011,2011-01-28,1600,1,4,16,5,N,A,N,A,H,A,L,04,E,03,C,,Y,,,G,N,N,D,1,0,1,0,22350.0,2,36.56854509,-119.52054209,3
2011,2011-02-01,1744,2,4,17,2,N,A,Y,A,H,C,A,01,N,03,C,,,,,C,Y,N,D,2,0,0,0,22350.0,3,36.60688507,-119.6628926,4
2011,2011-02-02,850,2,4,8,3,N,A,Y,A,H,A,A,01,S,03,C,,,,,C,Y,N,D,1,0,0,0,22350.0,4,36.83000156,-119.78496346,4
2011,2011-02-01,2100,2,4,21,2,N,A,N,A,H,D,A,08,N,08,E,,,,,I,Y,N,D,1,0,0,0,22107.0,1,36.68170741,-119.69996347,4
2011,2011-02-01,1815,2,4,18,2,N,A,Y,A,H,D,A,01,N,08,E,,,,,I,Y,N,D,1,0,0,0,22107.0,1,36.81291999,-119.78520961,4
2011,2011-02-03,1825,2,4,18,4,N,A,Y,A,H,D,A,01,E,03,C,,,,,C,Y,F,A,1,0,0,0,22350.0,2,36.736,-119.60666347,3
2011,2011-02-07,1510,2,4,15,1,N,A,Y,A,H,A,A,08,W,03,C,,,,,C,Y,N,A,1,0,0,0,22350.0,2,36.7358,-119.6135823,4
2011,2011-02-02,1405,2,4,14,3,N,A,N,A,H,A,A,01,S,01,D,,,,,C,Y,N,A,2,0,0,0,23152.0,2,37.06021294,-119.36640054,3
2011,2011-02-06,1335,2,4,13,7,Y,A,N,A,H,A,D,22,,- ,D,,,,,C,Y,N,D,1,0,0,0,,2,36.79315,-119.69855,4
2011,2011-02-04,700,2,4,7,5,N,A,Y,A,H,A,-,99,W,07,E,,,,,I,Y,M,D,1,0,0,0,21658.0,2,36.7551,-119.75880832,3
2011,2011-02-01,1613,2,4,16,2,Y,A,N,A,H,A,C,06,,12,D,,,Y,,C,N,F,A,1,0,0,1,22450.0,2,36.77773,-119.74536,2
2011,2011-02-03,1215,2,4,12,4,N,A,Y,A,H,A,D,22,S,03,C,,,,,C,Y,N,D,2,0,0,0,22350.0,2,36.76152885,-119.77534673,4
2011,2011-02-04,1515,2,4,15,5,N,A,Y,A,H,A,A,01,E,03,C,,,,,C,Y,N,D,2,0,0,0,22350.0,2,36.7504,-119.79636616,3
2011,2011-02-04,1720,2,4,17,5,N,A,Y,A,H,A,A,01,S,03,C,,,,,C,N,N,D,1,0,0,0,22350.0,3,36.73893845,-119.77749323,4
2011,2011-02-04,1350,2,4,13,5,N,A,Y,A,H,A,D,22,S,03,C,,,,,C,Y,N,D,1,0,0,0,22350.0,2,36.83000156,-119.78496346,4
2011,2011-02-05,955,2,4,9,6,N,A,Y,A,H,A,-,99,S,08,E,,,,,I,Y,F,D,1,0,0,0,22107.0,2,36.73806565,-119.77743561,3
2011,2011-02-04,704,2,4,7,5,N,A,Y,A,H,A,C,02,W,03,F,,,Y,,A,Y,N,D,1,0,0,1,22350.0,1,,,2
2011,2011-01-30,1310,1,4,13,7,N,C,Y,B,H,A,D,22,N,08,E,,,,,I,Y,N,D,1,0,0,0,22107.0,1,36.80807509,-119.73414263,4
2011,2011-01-21,745,1,4,7,5,N,E,N,B,H,A,-,- ,S,00,B,,,,,C,Y,N,D,1,0,0,0,,2,36.68931717,-119.57429303,4
2011,2011-01-24,600,1,4,6,1,N,E,Y,A,H,B,A,01,N,08,F,,,,,A,Y,N,D,1,0,0,0,22107.0,1,36.50890591,-119.55080086,3
2011,2011-01-20,1520,1,4,15,4,Y,A,N,A,H,A,A,07,,09,D,,,,,C,N,N,A,2,0,0,0,21802.0,2,36.69933,-119.59216,4
2011,2011-01-16,1450,1,4,14,7,N,A,N,A,H,A,A,08,N,01,E,,,,,I,Y,N,A,1,0,0,0,23152.0,1,36.54704968,-119.59103286,4
2011,2011-01-31,1330,1,4,13,1,N,A,Y,A,H,A,A,08,S,03,C,,,,,C,Y,N,D,1,0,0,0,22350.0,4,36.83379795,-119.78492265,4
2011,2011-01-27,2110,1,4,21,4,N,E,N,B,H,D,A,07,W,01,H,,,,,A,Y,N,D,1,0,0,0,23152.0,1,36.70736852,-119.65714277,3
2011,2011-01-31,1549,1,4,15,1,N,B,Y,A,D,A,A,01,N,03,C,,,,,C,Y,N,D,4,0,0,0,22350.0,3,36.83073195,-119.78495954,4
2011,2011-01-31,1805,1,4,18,1,Y,A,Y,A,H,C,A,01,,09,D,,,,,C,Y,N,A,2,0,0,0,21802.0,2,36.7355,-119.88072,3
2011,2011-02-13,1436,2,4,14,7,N,A,N,A,H,A,-,- ,W,03,C,,,,,C,N,N,D,4,0,0,0,22350.0,3,36.70672509,-119.56931713,4
2011,2011-02-10,1537,2,4,15,4,Y,A,N,A,H,A,-,- ,,09,A,,,,,C,N,N,A,1,0,0,0,21801.0,2,36.70742,-119.55885,4
2011,2011-02-02,149,2,4,1,3,N,A,N,A,H,D,-,- ,,03,F,,,,,A,N,N,D,2,0,0,0,22350.0,1,,,3
2011,2011-02-03,1458,2,4,14,4,Y,A,Y,A,H,A,-,- ,,08,C,,,,,C,Y,N,D,1,0,0,0,22107.0,3,36.13875498,-120.36120267,4
2011,2011-03-07,830,3,1,8,1,N,B,Y,A,H,A,D,22,S,17,H,,,,,C,Y,N,D,1,0,0,0,23114.0,2,36.84175976,-119.930061,3
2011,2011-03-04,1146,3,1,11,5,Y,A,N,A,H,A,E,22,,09,D,,,,,C,Y,N,A,1,0,0,0,21802.0,2,36.60542,-119.70032,4
2011,2011-03-08,830,3,1,8,2,N,A,N,A,H,A,A,01,E,03,C,,,,,C,Y,N,D,3,0,0,0,22350.0,2,36.76865508,-119.7712871,3
2011,2011-03-01,945,3,1,9,2,N,A,Y,A,H,A,E,22,N,03,C,,,,,C,Y,N,D,2,0,0,0,22350.0,2,36.83117029,-119.78495719,4
2011,2011-01-23,1239,1,4,12,7,Y,A,N,A,H,A,E,22,,09,B,,,,,C,Y,N,A,1,0,0,0,21802.0,2,36.8774,-119.77339,4
2011,2011-01-15,1525,1,4,15,6,Y,B,N,A,H,A,A,01,,12,D,,,,,C,Y,N,A,2,0,0,0,21453.0,2,36.79356,-119.87133,3
2011,2011-01-01,109,1,4,1,6,N,A,N,A,H,C,D,22,N,10,G,Y,,,,B,N,N,B,1,1,0,0,21950.0,2,36.77584331,-119.79962264,4
2011,2011-01-31,723,1,4,7,1,N,B,N,B,A,A,A,01,E,- ,C,,,,,E,N,N,D,2,0,0,0,,2,36.7431684,-119.75931968,4
2011,2011-01-29,1553,1,4,15,6,Y,A,N,A,H,A,D,22,,- ,E,,,,,I,Y,N,D,1,0,0,0,,1,36.79412,-119.76784,4
2011,2011-01-21,1634,1,4,16,5,Y,A,Y,A,H,A,-,99,,09,H,,,Y,,I,Y,N,A,1,0,0,1,21802.0,2,36.13667234,-120.34396076,2
2011,2011-03-11,1751,3,1,17,5,N,B,Y,A,H,A,D,22,N,08,F,,,,,A,Y,N,D,2,0,0,0,22107.0,1,36.73726064,-120.69647417,4
2011,2011-02-23,1130,2,4,11,3,N,A,Y,A,D,A,D,22,S,03,C,,,,,C,N,N,A,1,0,0,0,22350.0,2,36.71301417,-119.78431582,4
2011,2011-02-23,1255,2,4,12,3,N,A,Y,A,H,A,A,01,S,03,C,,,,,C,Y,N,A,2,0,0,0,22350.0,2,36.43075935,-119.80126991,2
2011,2011-03-01,700,3,1,7,2,N,A,N,A,H,A,A,07,E,08,B,,,,,E,Y,N,D,1,0,0,0,22107.0,3,36.75745326,-119.72584151,4
2011,2011-03-03,1635,3,1,16,4,Y,A,Y,A,H,A,A,01,,03,C,,,,,C,Y,N,D,2,0,0,0,22350.0,3,36.7372,-119.64778151,3
2011,2011-03-06,1634,3,1,16,7,N,B,N,A,H,A,D,22,W,01,E,,,,,I,Y,N,D,1,0,0,0,23152.0,1,36.72766529,-120.00619088,4
2011,2011-03-04,1630,3,1,16,5,N,A,Y,A,H,A,A,01,E,07,B,,,,,C,Y,N,D,2,0,0,0,21658.0,3,36.7423,-119.81239974,4
2011,2011-03-07,2345,3,1,23,1,N,A,N,A,H,D,D,22,W,08,F,,,,,A,Y,N,D,1,0,0,0,22107.0,1,36.61989508,-119.61781362,3
2011,2011-03-09,1610,3,1,16,3,N,A,Y,A,H,A,D,22,N,03,C,,,,,C,Y,N,D,1,0,0,0,22350.0,2,36.49019833,-119.79091394,4
2011,2011-03-10,1735,3,1,17,4,N,A,Y,A,H,A,A,01,N,03,D,,,,,C,Y,N,D,2,0,0,0,22350.0,2,36.79702071,-119.78518237,4
2011,2011-03-05,1235,3,1,12,6,Y,A,N,A,H,A,A,07,,09,D,,,,,C,Y,N,A,4,0,0,0,21802.0,3,36.66342,-119.77285,4
2011,2011-03-11,845,3,1,8,5,N,A,Y,A,H,A,A,01,E,03,C,,,,,C,N,N,D,1,0,0,0,22350.0,2,36.736,-119.60827065,4
2011,2011-01-09,549,1,4,5,7,N,B,N,A,H,C,D,22,E,03,E,,,,,I,N,N,D,1,0,0,0,22350.0,1,36.80539167,-119.73955625,3
2011,2011-01-30,2330,1,4,23,7,Y,B,N,B,H,D,-,- ,,18,E,,,,,I,Y,N,D,1,0,0,0,,1,36.70546,-120.15135,4
2011,2011-01-31,1125,1,4,11,1,Y,B,N,A,H,A,A,01,,09,D,,,,,C,Y,N,A,1,0,0,0,21802.0,2,36.66199,-119.41249,4
2011,2011-01-31,805,1,4,8,1,N,B,N,A,H,A,A,01,E,03,C,,,,,C,N,N,D,2,0,0,0,22350.0,2,36.75744509,-119.66392028,4
2011,2011-02-12,2120,2,4,21,6,Y,A,N,A,H,D,D,22,,03,A,,,,,C,Y,N,D,1,0,0,0,22350.0,2,36.65625,-119.61054,2
2011,2011-01-30,1410,1,4,14,7,N,B,Y,B,H,A,A,01,N,03,A,,,,,C,Y,N,D,2,0,0,0,22350.0,2,36.83744846,-119.78486265,3
2011,2011-02-11,1140,2,4,11,5,Y,A,N,A,H,A,A,08,,09,D,,,Y,,C,Y,N,A,1,0,0,0,21802.0,3,36.61967,-119.57477,4
2011,2011-01-31,1555,1,4,15,1,N,A,Y,A,H,A,D,22,N,03,C,,,,,C,Y,N,D,1,0,0,0,22350.0,2,36.81131447,-119.78519902,4
2011,2011-02-06,1210,2,4,12,7,N,A,N,A,H,A,C,02,S,03,C,,,Y,,C,Y,N,D,1,0,0,1,22350.0,2,,,4
2011,2011-02-08,1520,2,4,15,2,Y,A,N,A,H,A,A,01,,09,D,,,,,C,Y,N,A,4,0,0,0,21802.0,2,36.70688374,-119.76032317,3
2011,2011-02-13,1701,2,4,17,7,N,A,N,A,H,A,A,01,N,01,E,,,,,J,Y,N,D,1,0,0,0,23152.0,1,36.66739237,-119.54766835,4