ACCIDENT_YEAR,COLLISION_DATE,COLLISION_TIME,MONTH,SEASON,24HOURS,DAY_OF_WEEK,INTERSECTION,WEATHER_1,STATE_HWY_IND,ROAD_SURFACE,ROAD_COND_1,LIGHTING,STWD_VEHTYPE_AT_FAULT,CHP_VEHTYPE_AT_FAULT,DIRECTION,PCF_VIOL_CATEGORY,TYPE_OF_COLLISION,PEDESTRIAN_ACCIDENT,BICYCLE_ACCIDENT,MOTORCYCLE_ACCIDENT,TRUCK_ACCIDENT,MVIW,TOW_AWAY,HIT_AND_RUN,CONTROL_DEVICE,NUMBER_INJURED,COUNT_PED_INJURED,COUNT_BICYCLIST_INJURED,COUNT_MC_INJURED,PCF_VIOLATION,PARTY_COUNT,POINT_Y,POINT_X,COLLISION_SEVERITY
2011,2011-10-28,1605,10,3,16,5,Y,A,N,A,H,A,A,01,,06,D,,,,,C,Y,N,A,1,0,0,0,21755.0,3,36.72956,-119.68209,4
2011,2011-10-15,411,10,3,4,6,N,A,Y,A,H,C,A,01,W,01,E,,,,,I,Y,N,D,1,0,0,0,23152.0,1,36.7537,-119.78169859,3
2011,2011-10-17,737,10,3,7,1,N,A,N,A,H,A,A,01,S,08,E,,,,,I,Y,N,D,1,0,0,0,22107.0,1,36.94729805,-119.66877402,4
2011,2011-10-27,2300,10,3,23,4,N,A,N,A,H,D,A,01,N,08,E,,,,,I,Y,N,D,1,0,0,0,22107.0,1,36.67241307,-119.44851389,4
2011,2011-10-14,1605,10,3,16,5,Y,B,N,A,H,A,A,07,,09,D,,,,,C,Y,N,A,2,0,0,0,21801.0,2,36.81554,-119.81742,4
2011,2011-10-23,28,10,3,0,7,Y,A,N,A,H,C,A,07,,09,D,,,,,C,Y,N,A,4,0,0,0,21802.0,2,36.54686581,-119.55662906,4
2011,2011-10-12,1508,10,3,15,3,N,A,N,A,H,A,A,01,W,03,G,Y,,,,B,N,N,D,1,1,0,0,22350.0,2,36.8809284,-119.68638422,4
2011,2011-08-06,1114,8,2,11,6,Y,A,N,A,H,A,-,- ,,12,D,,Y,,,G,N,N,A,1,0,1,0,21453.0,2,36.72498,-119.75469,4
2011,2011-08-06,1715,8,2,17,6,N,A,N,A,B,A,L,04,S,05,D,,Y,,,G,N,F,D,1,0,1,0,21202.0,2,36.79196228,-119.79064264,4
2011,2011-08-01,1236,8,2,12,1,Y,A,N,A,H,A,-,- ,,12,D,,,,,C,N,N,A,1,0,0,0,21453.0,2,36.73242,-119.79218,4
2011,2011-11-19,111,11,3,1,6,N,A,Y,A,H,D,A,01,W,01,C,,,,,C,Y,N,D,2,0,0,0,23152.0,2,36.7548,-119.75353795,4
2011,2011-11-28,1230,11,3,12,1,N,B,N,A,H,A,D,22,N,08,F,,,,,A,Y,N,D,1,0,0,0,22107.0,1,36.66669922,-119.54739531,4
2011,2011-11-21,1625,11,3,16,1,N,B,Y,A,H,A,A,01,S,07,B,,,,Y,C,Y,N,D,1,0,0,0,21658.0,2,36.80709986,-119.78515569,4
2011,2011-12-03,705,12,4,7,6,N,A,Y,A,H,A,E,22,S,08,E,,,,,I,Y,N,D,1,0,0,0,22107.0,1,36.76562876,-119.77779005,4
2011,2011-11-25,1035,11,3,10,5,N,A,N,A,H,A,A,01,W,03,A,,,,,C,Y,N,A,2,0,0,0,22350.0,2,37.00883698,-119.405451,2
2011,2011-11-23,1604,11,3,16,3,N,A,Y,A,H,A,D,22,N,03,C,,,,,C,Y,N,A,1,0,0,0,22350.0,2,36.71122507,-119.78468263,4
2011,2011-11-23,800,11,3,8,3,N,A,N,A,H,A,F,26,N,08,E,,,,Y,I,Y,N,A,1,0,0,0,22107.0,1,36.61852365,-119.40383958,4
2011,2011-11-07,1624,11,3,16,1,Y,A,N,A,H,A,-,- ,,09,D,,,,,C,Y,N,A,1,0,0,0,21800.0,2,36.86662,-119.71111,4
2011,2011-11-15,1744,11,3,17,2,N,A,N,A,H,C,-,- ,S,03,C,,,,,C,N,M,A,1,0,0,0,22350.0,2,36.83702493,-119.70012027,4
2011,2011-11-11,840,11,3,8,5,N,B,Y,A,H,A,A,01,N,08,E,,,,,I,Y,N,D,1,0,0,0,22107.0,1,36.58697934,-119.64084987,4
2011,2011-11-27,1811,11,3,18,7,N,B,Y,A,H,D,A,01,S,03,C,,,,,C,Y,N,D,2,0,0,0,22350.0,2,36.80674528,-119.88473843,4
2011,2011-11-16,920,11,3,9,3,N,A,Y,A,H,A,-,- ,S,- ,B,,,,,C,Y,N,D,2,0,0,0,,3,36.75891026,-119.77551257,4
2011,2011-11-16,1800,11,3,18,3,N,A,Y,A,H,C,A,01,E,03,C,,,,,C,N,N,D,2,0,0,0,22350.0,2,36.76078278,-119.74947787,4
2011,2011-11-15,1817,11,3,18,2,N,A,Y,A,H,D,A,01,E,08,E,,,,,I,Y,N,D,1,0,0,0,22107.0,1,37.0365792,-119.51162191,4
2011,2011-11-23,1835,11,3,18,3,N,A,N,A,H,D,A,07,S,08,F,,,,,A,Y,N,D,3,0,0,0,22107.0,1,36.61755345,-120.20313583,3
2011,2011-11-27,1720,11,3,17,7,N,B,Y,A,H,D,A,01,N,03,C,,,,,C,Y,N,D,2,0,0,0,22350.0,2,36.83987032,-119.92696947,4
2011,2011-11-07,1902,11,3,19,1,N,A,N,A,H,C,-,- ,S,21,C,,,,,C,N,N,A,1,0,0,0,22106.0,2,36.83729668,-119.7295016,4
2011,2011-11-09,935,11,3,9,3,Y,A,N,A,H,A,A,01,,12,D,,,,,C,Y,N,A,2,0,0,0,21453.0,2,36.80112,-119.66393,4
2011,2011-11-12,1744,11,3,17,6,Y,A,N,A,H,B,-,- ,,12,D,,,,,C,Y,N,A,2,0,0,0,22450.0,2,36.7939,-119.67306,4
2011,2011-11-15,1930,11,3,19,2,N,A,Y,A,H,C,A,01,N,01,C,,,,,C,Y,N,D,3,0,0,0,23152.0,3,36.79806692,-119.87186041,3
2011,2011-11-25,2330,11,3,23,5,N,A,Y,A,H,C,A,01,S,21,C,,,,,C,Y,N,D,6,0,0,0,22106.0,3,36.63374561,-119.78586262,4
2011,2011-11-25,1035,11,3,10,5,N,A,N,A,H,A,L,04,S,09,D,,Y,,,G,N,N,D,1,0,1,0,21804.0,2,36.58036135,-119.71849906,2
2011,2011-11-25,1748,11,3,17,5,N,A,Y,A,H,D,A,07,N,08,C,,,,,E,Y,N,D,1,0,0,0,22107.0,2,36.79745204,-119.78520933,3
2011,2011-11-27,1710,11,3,17,7,N,A,Y,A,H,D,A,07,N,03,C,,,,,C,Y,N,D,1,0,0,0,22350.0,3,36.83325191,-119.91859933,3
2011,2011-11-22,2140,11,3,21,2,N,A,N,A,H,D,A,01,E,08,E,,,,,I,Y,N,D,1,0,0,0,22107.0,1,36.72771476,-120.02413897,3
2011,2011-11-24,1635,11,3,16,4,Y,A,N,A,H,A,A,07,,09,D,,,,,C,N,N,A,1,0,0,0,21802.0,2,36.75025,-119.65829,4
2011,2011-11-15,1416,11,3,14,2,N,A,N,A,H,A,C,02,S,03,F,,,Y,,A,N,N,D,1,0,0,1,22350.0,1,36.74358647,-119.66404333,3
2011,2011-10-20,2500,10,3,25,4,N,A,N,A,D,D,A,01,W,03,E,,,,,I,N,M,A,1,0,0,0,22350.0,1,36.6700868,-119.52026618,3
2011,2011-10-26,1451,10,3,14,3,N,A,N,A,H,A,A,01,N,08,E,,,,,I,Y,N,A,1,0,0,0,22107.0,1,36.82296803,-119.70893263,4
2011,2011-10-31,1916,10,3,19,1,Y,A,N,A,H,C,A,01,,12,D,,,,,C,Y,F,A,1,0,0,0,21453.0,2,36.80848,-119.68205,4
2011,2011-11-25,2336,11,3,23,5,N,A,N,A,H,D,A,01,W,03,E,,,,,I,Y,N,D,4,0,0,0,22350.0,1,36.96703,-120.54522,2
2011,2011-11-23,411,11,3,4,3,N,A,Y,A,H,D,A,07,S,08,F,,,,,A,Y,N,D,4,0,0,0,22107.0,1,36.11114288,-120.13429852,3
2011,2011-10-13,1153,10,3,11,4,Y,A,N,A,H,A,-,- ,,03,C,,,,,C,N,N,A,1,0,0,0,22350.0,2,36.60455,-119.52094,4
2011,2011-10-06,827,10,3,8,4,Y,A,N,A,H,A,-,- ,,21,B,,,,,C,Y,N,A,1,0,0,0,22106.0,2,36.60481,-119.53874,4
2011,2011-11-19,1622,11,3,16,6,N,A,Y,A,H,A,A,07,S,07,B,,,,,C,Y,M,D,3,0,0,0,21658.0,3,36.75004674,-119.82495693,4
2011,2011-11-20,2136,11,3,21,7,Y,A,N,A,H,D,A,07,,12,D,,,,,C,Y,N,A,2,0,0,0,22450.0,3,36.546849,-119.5212285,4
2011,2011-11-09,800,11,3,8,3,N,B,N,A,H,A,A,01,W,08,A,,,,,C,Y,N,D,3,0,0,0,22107.0,2,36.74955762,-120.02608205,4
2011,2011-11-09,1724,11,3,17,3,N,A,Y,A,H,B,A,01,S,03,C,,,,,C,N,N,D,1,0,0,0,22350.0,2,36.72305326,-119.79036294,4
2011,2011-11-22,815,11,3,8,2,N,A,Y,A,H,A,A,01,E,07,E,,,,,I,Y,F,D,1,0,0,0,21658.0,2,36.7551,-119.77000787,4
2011,2011-11-22,1715,11,3,17,2,N,A,Y,A,H,D,A,01,S,03,C,,,,,C,Y,N,D,2,0,0,0,22350.0,2,36.75581276,-119.8287396,4
2011,2011-11-17,1528,11,3,15,4,Y,A,N,A,H,A,A,08,,09,A,,,,,C,N,N,A,3,0,0,0,21801.0,2,36.546705,-119.547999,4
2011,2011-11-21,1842,11,3,18,1,Y,B,N,A,H,D,A,01,,09,D,,,Y,,C,Y,N,D,1,0,0,1,21801.0,2,36.80789,-119.91653,4
2011,2011-11-15,850,11,3,8,2,N,A,N,A,H,A,A,01,N,09,D,,,,,C,Y,N,D,1,0,0,0,21801.0,2,36.65675033,-119.79084164,3
2011,2011-11-13,738,11,3,7,7,N,B,N,A,H,A,A,01,S,01,E,,,,,I,Y,N,A,1,0,0,0,23152.0,1,36.79437824,-119.70914172,4
2011,2011-11-20,1445,11,3,14,7,N,B,N,B,H,A,A,01,W,08,E,,,,,I,Y,N,D,1,0,0,0,22107.0,1,36.98348754,-119.64278475,3
2011,2011-11-21,1545,11,3,15,1,N,B,Y,A,H,A,A,01,E,03,C,,,,,C,N,N,D,1,0,0,0,22350.0,2,36.80294356,-119.738739,4
2011,2011-11-18,1750,11,3,17,5,N,A,N,A,H,D,A,07,S,09,D,,,,,C,Y,N,D,4,0,0,0,21801.0,2,36.71416926,-119.44829258,3
2011,2011-11-18,1725,11,3,17,5,N,B,Y,A,H,D,A,01,W,03,C,,,,,C,N,N,D,1,0,0,0,22350.0,2,36.7437,-119.80980242,4
2011,2011-11-21,1511,11,3,15,1,N,A,N,A,H,A,-,- ,E,00,C,,,,,C,N,N,A,2,0,0,0,,2,36.80839509,-119.71815436,4
2011,2011-11-27,1816,11,3,18,7,N,A,Y,A,H,D,A,08,N,03,C,,,,,C,N,N,D,1,0,0,0,22350.0,4,36.2961487,-120.27013496,4
2011,2011-11-14,904,11,3,9,1,N,A,N,A,H,A,A,01,N,08,C,,,,,E,Y,N,D,1,0,0,0,22107.0,3,36.81120474,-119.68205382,3
2011,2011-11-22,830,11,3,8,2,N,A,Y,A,H,A,A,01,W,03,F,,,,,A,Y,N,A,1,0,0,0,22350.0,1,36.25010016,-120.27590044,3
2011,2011-11-22,1029,11,3,10,2,N,A,N,A,H,A,-,- ,S,08,E,,,,,I,Y,N,D,1,0,0,0,22107.0,1,36.5277929,-119.54788695,4
2011,2011-11-15,1955,11,3,19,2,N,A,Y,A,H,D,A,01,W,03,C,,,,,C,Y,N,D,1,0,0,0,22350.0,2,36.7548,-119.7606846,3
2011,2011-11-16,2338,11,3,23,3,Y,A,N,A,H,D,A,01,,12,D,,,,,C,Y,F,A,3,0,0,0,22450.0,2,36.88103,-119.71116,4
2011,2011-11-20,1246,11,3,12,7,Y,B,N,B,H,A,A,01,,09,D,,,,,C,Y,N,A,1,0,0,0,21802.0,2,36.56873,-119.5568,3
2011,2011-11-24,2324,11,3,23,4,N,A,Y,A,H,D,A,01,S,03,C,,,,,C,N,N,D,5,0,0,0,22350.0,2,36.79989908,-119.78522477,4
2011,2011-11-14,844,11,3,8,1,N,A,N,A,H,A,A,07,E,03,C,,,,,C,Y,N,D,1,0,0,0,22350.0,2,36.67766319,-119.587983,4
2011,2011-11-13,1315,11,3,13,7,N,A,N,A,H,A,A,01,N,08,D,,,,,C,Y,N,D,1,0,0,0,22107.0,2,36.71623744,-119.66410773,4
2011,2011-11-13,839,11,3,8,7,N,A,Y,A,H,A,A,01,S,08,E,,,,,I,Y,N,D,1,0,0,0,22107.0,1,36.5624416,-120.09518641,4
2011,2011-11-12,1035,11,3,10,6,N,A,N,A,H,A,A,07,E,03,C,,,,,C,N,N,D,2,0,0,0,22350.0,2,36.83740493,-119.65494092,4
2011,2011-11-10,930,11,3,9,4,N,A,Y,A,H,A,A,01,N,08,D,,,,,C,Y,N,A,3,0,0,0,22107.0,2,36.7355,-119.86240942,4
2011,2011-11-19,2345,11,3,23,6,Y,A,N,A,H,C,A,01,,01,E,,,,,I,Y,N,A,1,0,0,0,23152.0,1,36.74946,-119.71823,4
2011,2011-11-16,753,11,3,7,3,Y,A,N,A,H,A,A,01,,10,G,Y,,,,B,N,N,D,1,1,0,0,21950.0,2,36.57954,-119.61515,4
2011,2011-11-05,1559,11,3,15,6,N,A,N,A,H,A,-,- ,E,03,C,,,,,C,,N,A,1,0,0,0,22350.0,2,36.60414509,-119.43960961,4
2011,2011-11-11,1749,11,3,17,5,N,C,N,B,H,D,L,04,S,08,B,,Y,,,G,N,F,D,1,0,1,0,22107.0,2,36.58245736,-119.62972896,3
2011,2011-10-15,1721,10,3,17,6,N,A,N,A,H,A,D,22,S,09,D,,,,Y,C,N,N,D,2,0,0,0,21804.0,2,36.69113365,-119.55439974,3
2011,2011-12-02,1830,12,4,18,5,N,A,N,A,H,C,-,- ,N,00,E,,Y,,,I,N,N,D,1,0,1,0,,1,36.59465902,-119.45454441,3
2011,2011-12-12,1333,12,4,13,1,Y,B,N,A,H,A,L,04,,05,D,,Y,,,G,Y,N,A,1,0,1,0,21650.0,2,36.80113,-119.80859,4
2011,2011-12-15,1721,12,4,17,4,Y,A,N,A,H,D,D,22,,09,D,,,,,C,Y,N,A,3,0,0,0,21802.0,2,36.61967,-119.57477,4
2011,2011-12-13,1730,12,4,17,2,N,A,N,A,H,A,A,07,E,03,C,,,,,C,Y,N,D,2,0,0,0,22350.0,3,36.86677688,-119.72870829,4
2011,2011-12-14,1826,12,4,18,3,N,A,Y,A,H,D,D,22,E,08,D,,,,,I,Y,F,D,1,0,0,0,22107.0,2,36.83682615,-119.70406585,3
2011,2011-12-15,1715,12,4,17,4,N,A,Y,A,H,D,D,22,S,03,C,,,,,C,Y,N,D,1,0,0,0,22350.0,3,36.78986099,-119.78452264,4
2011,2011-12-17,950,12,4,9,6,N,E,Y,B,H,A,D,22,S,06,A,,,,,C,Y,N,D,3,0,0,0,21751.0,2,36.4267633,-119.80207136,4
2011,2011-12-09,1640,12,4,16,5,N,A,N,A,H,B,A,07,E,03,C,,,,Y,C,Y,N,D,1,0,0,0,22350.0,2,36.57640327,-119.6635718,4
2011,2011-12-06,957,12,4,9,2,N,A,Y,A,D,A,A,01,S,03,C,,,,Y,C,Y,F,D,1,0,0,0,22350.0,3,36.80438067,-119.88175091,3
2011,2011-08-03,1428,8,2,14,3,Y,A,N,A,H,A,A,01,,09,D,,Y,,,G,Y,N,A,1,0,1,0,21804.0,2,36.80647,-119.70912,3
2011,2011-11-28,800,11,3,8,1,Y,E,N,A,H,A,N,60,,11,G,Y,,,,B,N,N,A,1,1,0,0,21950.0,2,36.60424,-119.45762,2
2011,2011-11-28,1523,11,3,15,1,Y,F,N,A,H,A,A,01,,12,F,,,,,C,Y,N,A,3,0,0,0,22450.0,2,36.70389,-119.55538,3
2011,2011-11-15,1406,11,3,14,2,N,A,N,A,H,A,N,60,N,11,G,Y,,,,B,N,N,A,1,1,0,0,21950.0,2,36.70312979,-119.5742026,4
2011,2011-11-03,1621,11,3,16,4,Y,A,N,A,H,A,A,01,,12,C,,,,,C,Y,N,A,2,0,0,0,22450.0,3,36.7037,-119.55672,4
2011,2011-12-10,1728,12,4,17,6,Y,A,N,A,H,D,L,04,,12,C,,Y,,,G,N,N,A,1,0,1,0,22450.0,2,36.69223,-119.54274,2
2011,2011-12-02,719,12,4,7,5,N,A,N,A,H,A,A,01,,09,D,,,,,C,Y,N,A,2,0,0,0,21802.0,2,36.70584,-119.5652,4
2011,2011-10-10,1519,10,3,15,1,N,A,N,A,H,A,-,- ,S,03,C,,,,,C,N,N,A,1,0,0,0,22350.0,2,36.69943394,-119.5743409,4
2011,2011-10-18,1454,10,3,14,2,Y,A,N,A,H,A,-,- ,,09,C,,,,,C,N,N,A,1,0,0,0,21801.0,2,36.69944,-119.55152,4
2011,2011-10-20,1731,10,3,17,4,Y,A,N,A,H,A,-,- ,,03,C,,,,,C,N,N,A,3,0,0,0,22350.0,2,36.7031,-119.57419,4
2011,2011-10-04,1156,10,3,11,2,Y,A,N,A,H,A,-,- ,,12,B,,,,,C,Y,N,A,3,0,0,0,22450.0,2,36.69945,-119.54134,4
2011,2011-12-01,1134,12,4,11,4,Y,A,N,A,H,A,D,22,,12,D,,,,Y,C,Y,N,A,1,0,0,0,22450.0,2,36.54722,-119.71863,3
2011,2011-12-05,715,12,4,7,1,N,A,N,A,H,A,F,55,W,03,C,,,,Y,C,N,N,D,1,0,0,0,22350.0,2,36.77934508,-119.80880795,4
2011,2011-12-04,2238,12,4,22,7,N,A,N,A,H,D,D,22,N,08,E,,,,,I,Y,N,D,1,0,0,0,22107.0,1,36.6215963,-119.57478259,4
2011,2011-12-08,730,12,4,7,4,Y,A,Y,A,H,A,D,22,,09,D,,,,,C,Y,N,A,2,0,0,0,21802.0,2,36.61983506,-119.78617262,2
2011,2011-12-13,1425,12,4,14,2,Y,A,N,A,H,A,A,01,,03,A,,,,Y,C,Y,N,D,3,0,0,0,22350.0,2,36.66174,-120.13124,4
2011,2011-12-15,1424,12,4,14,4,Y,A,N,A,H,A,A,01,,09,D,,,,,C,Y,N,D,4,0,0,0,21802.0,2,36.72093,-119.88056,3
2011,2011-12-13,1120,12,4,11,2,Y,B,N,A,H,A,-,- ,,00,D,,,,,C,Y,N,D,1,0,0,0,,2,36.434637,-119.6890785,4
2011,2011-12-08,1745,12,4,17,4,N,A,Y,A,H,D,A,01,S,03,C,,,,,C,Y,N,D,1,0,0,0,22350.0,3,36.74915642,-119.7760652,4
2011,2011-12-10,620,12,4,6,6,N,A,N,A,H,B,A,01,S,03,C,,,,,C,Y,F,D,1,0,0,0,22350.0,2,36.71416873,-119.66411769,4
2011,2011-12-05,1220,12,4,12,1,N,A,N,A,H,A,A,01,S,03,C,,,,,C,Y,N,A,1,0,0,0,22350.0,2,36.79310647,-119.70025296,4
2011,2011-12-02,2020,12,4,20,5,N,A,Y,A,H,C,A,01,W,01,C,,,,,C,Y,N,A,3,0,0,0,23152.0,3,36.7535,-119.72667411,4
2011,2011-12-02,1350,12,4,13,5,N,A,Y,A,H,A,M,47,S,08,F,,,,,A,Y,N,D,2,0,0,0,22107.0,1,36.841336,-119.92966731,3
2011,2011-12-06,2025,12,4,20,2,N,A,N,A,H,D,A,01,W,08,E,,,,,I,N,N,D,1,0,0,0,22107.0,1,36.77169207,-119.89862386,4
2011,2011-12-01,1540,12,4,15,4,Y,A,N,A,H,A,A,01,,09,D,,,,,C,Y,N,D,3,0,0,0,21801.0,2,36.82285,-119.80388,2
2011,2011-12-03,1706,12,4,17,6,N,A,N,A,H,D,A,01,E,08,E,,,,,I,Y,N,D,1,0,0,0,22107.0,1,36.86664501,-119.68951322,3
2011,2011-11-06,17,11,3,0,7,N,B,N,B,H,D,J,48,N,03,F,,,,,A,Y,N,D,1,0,0,0,22350.0,1,36.61944861,-119.52079531,3
2011,2011-11-29,737,11,3,7,2,N,E,N,B,H,A,A,08,E,09,C,,,,,C,N,N,A,1,0,0,0,21802.0,2,36.56878441,-119.57476503,3
2011,2011-11-02,1220,11,3,12,3,Y,A,N,A,H,A,A,01,,09,B,,,,,C,N,N,D,1,0,0,0,21801.0,2,36.56854,-119.52121,4
2011,2011-11-24,200,11,3,2,4,N,A,Y,A,H,D,A,07,E,01,E,,,,,I,N,N,D,1,0,0,0,23152.0,1,36.8664451,-119.61721083,3
2011,2011-11-30,1555,11,3,15,3,Y,A,N,A,H,A,A,08,,09,E,,,,,J,Y,N,A,2,0,0,0,21802.0,2,36.53257,-119.84539,4
2011,2011-11-27,208,11,3,2,7,N,A,Y,A,H,C,A,01,E,01,F,,,,,A,Y,N,D,1,0,0,0,23152.0,1,36.7426,-119.8118514,3
2011,2011-11-20,815,11,3,8,7,N,B,Y,B,H,A,A,07,S,01,E,,,,,I,Y,N,D,1,0,0,0,23152.0,1,36.74036221,-119.77780125,3
2011,2011-11-27,1640,11,3,16,7,N,A,Y,A,D,B,A,01,S,03,C,,,,,C,Y,N,D,2,0,0,0,22350.0,2,36.83744264,-119.92390126,3
2011,2011-11-28,1712,11,3,17,1,N,A,Y,A,H,D,A,01,S,03,C,,,,,C,Y,N,D,1,0,0,0,22350.0,7,36.77823382,-119.78502236,3
2011,2011-11-22,917,11,3,9,2,N,A,N,A,H,A,A,01,S,12,D,,,,,C,Y,F,A,2,0,0,0,21453.0,2,36.72844274,-119.7001419,4
2011,2011-11-28,1735,11,3,17,1,N,B,Y,A,H,D,A,01,N,03,C,,,,,C,Y,N,D,2,0,0,0,22350.0,2,36.82736915,-119.78528124,4
2011,2011-10-25,820,10,3,8,2,N,A,N,A,H,A,-,- ,W,00,D,,,,,C,Y,N,D,1,0,0,0,,2,36.98165505,-120.58317006,3
2011,2011-12-07,2005,12,4,20,3,N,A,N,A,H,C,D,22,E,13,G,Y,,,,B,N,N,D,2,1,0,0,22515.0,2,36.75043509,-119.70741168,2
2011,2011-12-13,645,12,4,6,2,Y,A,N,A,H,B,A,01,,09,D,,,,,C,Y,N,A,2,0,0,0,21802.0,2,36.67798,-119.79077,3
2011,2011-12-01,735,12,4,7,4,N,A,Y,A,D,A,A,01,N,03,C,,,,,C,Y,N,D,1,0,0,0,22350.0,3,36.80891731,-119.8884523,4
2011,2011-12-03,2324,12,4,23,6,N,A,N,A,H,D,E,22,E,08,E,,,,,I,Y,N,D,1,0,0,0,22107.0,1,36.63195893,-119.33302287,3
2011,2011-11-29,1744,11,3,17,2,Y,B,N,A,H,D,D,22,,09,D,,,,,C,,N,A,1,0,0,0,21453.0,2,36.69245,-119.73663,4
2011,2011-12-03,1425,12,4,14,6,Y,A,N,A,H,A,A,08,,09,D,,,,,C,Y,N,A,1,0,0,0,21802.0,2,36.61849,-119.41295,4
2011,2011-12-03,1059,12,4,10,6,N,A,N,A,H,A,D,22,W,05,D,,,,,C,Y,N,D,1,0,0,0,21460.0,2,36.76404858,-119.99763257,4
2011,2011-11-28,527,11,3,5,1,N,E,N,B,H,D,D,22,N,08,D,,,,,C,Y,N,D,2,0,0,0,22107.0,2,36.60825187,-119.39487825,2
2011,2011-11-11,1305,11,3,13,5,N,B,Y,A,H,A,E,22,N,03,C,,,,,C,Y,N,D,3,0,0,0,22350.0,2,36.79430052,-119.78482508,4
2011,2011-12-05,900,12,4,9,1,N,A,Y,A,H,A,D,22,E,07,B,,,,Y,C,N,N,D,2,0,0,0,21658.0,2,36.7546,-119.77474177,4
2011,2011-12-04,100,12,4,1,7,N,A,Y,A,H,D,A,07,N,01,C,,,,,C,Y,N,D,2,0,0,0,23152.0,3,36.2696527,-120.25344385,2
2011,2011-12-02,545,12,4,5,5,N,A,N,A,H,D,D,22,E,08,E,,,,,I,Y,N,D,1,0,0,0,22107.0,2,36.63320915,-119.44505684,4
2011,2011-11-22,1703,11,3,17,2,N,B,Y,A,H,B,A,01,S,03,B,,,,,E,Y,N,A,1,0,0,0,22350.0,4,36.48847367,-119.79090863,4
2011,2011-11-25,2350,11,3,23,5,N,B,N,A,H,D,D,22,N,01,F,,,,,A,Y,N,D,1,0,0,0,23152.0,1,36.65080591,-119.70482052,4
2011,2011-11-27,605,11,3,6,7,N,E,N,A,H,B,D,22,W,09,D,,,,,D,Y,N,A,4,0,0,0,21802.0,3,36.54671928,-119.55668986,3
2011,2011-12-10,1729,12,4,17,6,Y,A,N,A,H,C,A,01,,09,C,,,,,C,Y,N,D,1,0,0,0,21802.0,2,36.56892,-119.62881,4
2011,2011-12-12,1515,12,4,15,1,Y,A,N,A,H,A,-,- ,,09,C,,,,,C,N,N,A,1,0,0,0,21802.0,2,,,4
2011,2011-12-06,1206,12,4,12,2,Y,A,N,A,H,A,-,- ,,12,C,,,,,C,Y,N,A,1,0,0,0,21453.0,2,36.56582,-119.61316,4
2011,2011-11-30,755,11,3,7,3,N,B,Y,A,H,A,A,01,S,03,C,,,,,C,Y,N,D,3,0,0,0,22350.0,2,36.7463469,-119.82165623,4
2011,2011-12-06,1630,12,4,16,2,Y,A,N,A,H,A,C,02,,08,F,,,Y,,A,N,N,A,1,0,0,1,22107.0,1,36.72123,-119.83574,4
2011,2011-10-27,800,10,3,8,4,Y,A,N,A,H,A,-,- ,,09,C,,,,,C,Y,N,D,1,0,0,0,21800.0,2,36.51896,-119.55469,4
2011,2011-12-01,930,12,4,9,4,Y,A,N,A,H,A,A,07,,03,D,,,,,C,Y,N,A,2,0,0,0,22350.0,2,36.70662,-119.8445,4
2011,2011-12-10,1640,12,4,16,6,N,A,N,A,H,B,A,01,S,08,E,,,,,I,Y,N,D,1,0,0,0,22107.0,1,36.62869811,-119.43080074,2
2011,2011-12-02,455,12,4,4,5,N,A,N,A,H,D,A,01,S,08,E,,,,,I,Y,N,D,1,0,0,0,22107.0,1,36.52824746,-119.61100259,3
2011,2011-12-05,1854,12,4,18,1,N,A,N,A,H,D,A,01,E,08,E,,,,,I,Y,N,D,1,0,0,0,22107.0,1,36.67775011,-119.61902862,4
2011,2011-10-23,1915,10,3,19,7,Y,A,N,A,H,D,L,04,,14,H,,Y,,,G,N,N,-,1,0,1,0,21201.0,2,36.57359,-119.61974,4
2011,2011-12-02,1755,12,4,17,5,N,A,Y,A,H,D,A,01,N,03,C,,,,,C,N,N,D,1,0,0,0,22350.0,2,36.76723979,-119.78046462,4
2011,2011-11-09,2102,11,3,21,3,N,A,N,A,H,C,C,02,W,08,C,,,Y,,C,Y,N,D,1,0,0,0,22107.0,2,36.85197509,-119.71411378,4
2011,2011-11-22,1900,11,3,19,2,N,A,Y,A,H,D,-,- ,S,00,H,,,,,J,N,N,D,1,0,0,0,,1,36.76225545,-119.77541402,4
2011,2011-11-30,1812,11,3,18,3,N,B,Y,A,H,C,-,99,N,03,C,,,,,C,Y,F,D,2,0,0,0,22350.0,2,36.76732087,-119.78060941,4
2011,2011-11-27,1725,11,3,17,7,N,A,Y,A,H,A,A,01,S,07,B,,,,,C,Y,N,D,1,0,0,0,21658.0,2,36.75674281,-119.8295533,4
2011,2011-12-05,752,12,4,7,1,N,A,Y,A,H,A,A,01,N,08,D,,,Y,,C,Y,N,D,1,0,0,1,22107.0,2,36.78445588,-119.85146462,4
2011,2011-12-02,154,12,4,1,5,N,A,Y,A,H,D,N,60,N,- ,G,Y,,,,B,N,N,D,1,1,0,0,,2,36.77783421,-119.84417307,2
2011,2011-12-12,1517,12,4,15,1,N,A,Y,A,C,A,A,01,W,03,C,,,,,C,Y,N,D,1,0,0,0,22350.0,2,36.7551,-119.75291943,4
2011,2011-12-05,2053,12,4,20,1,N,A,Y,A,H,C,A,01,E,08,E,,,,,I,Y,N,D,1,0,0,0,22107.0,1,36.83888578,-119.70206433,3
2011,2011-12-07,450,12,4,4,3,N,A,Y,A,H,D,A,08,S,03,C,,,,,C,Y,N,D,3,0,0,0,22350.0,2,36.42961762,-119.80149891,3
2011,2011-12-05,1725,12,4,17,1,N,A,Y,A,H,E,A,01,N,03,C,,,,,C,Y,N,D,2,0,0,0,22350.0,4,36.77253045,-119.7846766,4
2011,2011-12-01,630,12,4,6,4,N,A,Y,A,H,B,A,01,S,08,E,,,,,I,Y,N,D,1,0,0,0,22107.0,1,36.43802501,-120.3964527,4