ACCIDENT_YEAR,COLLISION_DATE,COLLISION_TIME,MONTH,SEASON,24HOURS,DAY_OF_WEEK,INTERSECTION,WEATHER_1,STATE_HWY_IND,ROAD_SURFACE,ROAD_COND_1,LIGHTING,STWD_VEHTYPE_AT_FAULT,CHP_VEHTYPE_AT_FAULT,DIRECTION,PCF_VIOL_CATEGORY,TYPE_OF_COLLISION,PEDESTRIAN_ACCIDENT,BICYCLE_ACCIDENT,MOTORCYCLE_ACCIDENT,TRUCK_ACCIDENT,MVIW,TOW_AWAY,HIT_AND_RUN,CONTROL_DEVICE,NUMBER_INJURED,COUNT_PED_INJURED,COUNT_BICYCLIST_INJURED,COUNT_MC_INJURED,PCF_VIOLATION,PARTY_COUNT,POINT_Y,POINT_X,COLLISION_SEVERITY
2011,2011-10-13,2340,10,3,23,4,Y,A,N,A,H,C,-,- ,,18,C,,Y,,,G,N,N,D,1,0,1,0,,2,36.75214,-119.81311,4
2011,2011-10-09,947,10,3,9,7,Y,A,N,A,H,A,A,08,,12,D,,,,,C,N,N,A,2,0,0,0,21453.0,2,36.7721,-119.80868,3
2011,2011-10-17,1103,10,3,11,1,N,A,N,A,H,A,-,- ,N,00,G,Y,,,,B,N,N,A,1,1,0,0,,2,36.79364155,-119.84436265,4
2011,2011-10-03,1635,10,3,16,1,Y,A,N,-,H,A,-,- ,,- ,D,,,,,C,Y,N,-,1,0,0,0,,2,36.71412,-119.74164,4
2011,2011-10-17,1220,10,3,12,1,N,A,N,A,H,A,A,01,E,- ,E,,,,,I,N,N,D,1,0,0,0,,1,36.83687188,-119.81448995,4
2011,2011-10-03,1229,10,3,12,1,Y,A,N,A,H,A,-,- ,,- ,C,,,,,C,N,N,A,3,0,0,0,,2,36.80849,-119.76326,4
2011,2011-10-03,1414,10,3,14,1,Y,A,N,A,H,A,A,01,,09,D,,,,,C,Y,N,A,3,0,0,0,21801.0,2,36.74363,-119.79881,4
2011,2011-10-17,1002,10,3,10,1,N,A,N,A,H,A,A,01,S,- ,C,,,,,C,N,N,D,1,0,0,0,,3,36.78983977,-119.82646555,4
2011,2011-10-20,1203,10,3,12,4,N,A,N,A,H,A,A,01,S,09,A,,,,,C,Y,N,D,1,0,0,0,21801.0,2,36.74470628,-119.72741263,4
2011,2011-10-02,1700,10,3,17,7,N,A,N,A,H,A,A,01,W,09,D,,,,,C,Y,N,D,1,0,0,0,21804.0,2,36.74317142,-119.77327108,4
2011,2011-10-07,1820,10,3,18,5,N,A,N,A,H,B,A,01,E,09,A,,,,,C,N,N,A,1,0,0,0,21804.0,2,36.76502738,-119.78991508,4
2011,2011-10-02,215,10,3,2,7,N,A,N,A,H,A,A,08,E,- ,C,,,,,C,N,N,D,1,0,0,0,,3,36.74329508,-119.78886056,4
2011,2011-10-07,1655,10,3,16,5,N,A,N,A,H,A,A,01,N,12,D,,,,,C,N,N,A,1,0,0,0,21453.0,3,36.8383373,-119.81732905,4
2011,2011-10-07,1229,10,3,12,5,N,A,N,-,H,A,A,01,S,09,D,,,Y,,C,Y,N,-,1,0,0,1,21801.0,2,36.76164159,-119.80865264,2
2011,2011-10-16,249,10,3,2,7,Y,A,Y,A,H,C,J,48,,22,E,,,,,I,Y,N,A,1,0,0,0,,1,36.77981508,-119.84667265,3
2011,2011-10-05,1204,10,3,12,3,-,B,N,B,H,A,A,01,,09,D,,,,,C,Y,N,A,1,0,0,0,21801.0,2,36.83019,-119.77236,4
2011,2011-10-14,1050,10,3,10,5,Y,A,N,A,H,C,A,01,,12,D,,,,,C,Y,N,A,2,0,0,0,21453.0,2,36.73972,-119.78196,4
2011,2011-10-06,628,10,3,6,4,N,A,N,A,H,B,-,- ,N,- ,G,,,,,B,Y,N,D,1,0,0,0,,1,36.76863809,-119.86226857,4
2011,2011-10-14,2029,10,3,20,5,Y,A,N,A,H,A,A,01,,12,D,,,,,C,Y,N,A,2,0,0,0,21453.0,2,36.873891,-119.755692,3
2011,2011-10-06,628,10,3,6,4,N,A,N,A,H,B,-,- ,N,- ,G,Y,,,,B,Y,N,D,1,1,0,0,,1,36.76863379,-119.86225784,3
2011,2011-10-19,1806,10,3,18,3,N,A,N,A,H,A,N,60,N,11,G,Y,,,,B,N,N,D,1,1,0,0,21955.0,2,36.75325267,-119.76916691,3
2011,2011-10-22,1150,10,3,11,6,N,A,N,A,H,C,A,07,E,01,G,Y,,,,B,Y,F,D,1,1,0,0,23153.0,2,36.77183967,-119.84396985,3
2011,2011-10-19,2110,10,3,21,3,Y,A,N,A,D,C,A,01,,09,D,,,,,C,N,N,A,1,0,0,0,21453.0,2,36.80133,-119.7633,3
2011,2011-10-09,2030,10,3,20,7,N,A,N,A,H,B,A,01,E,22,G,Y,,,,B,N,M,A,1,1,0,0,,2,36.73580659,-119.7496816,4
2011,2011-10-13,1501,10,3,15,4,-,A,N,A,H,A,A,01,,11,B,Y,,,,B,N,N,A,1,1,0,0,21950.0,2,36.83003,-119.80845,4
2011,2011-10-13,1148,10,3,11,4,Y,A,N,A,H,A,A,01,,- ,C,,,,,C,N,N,A,1,0,0,0,,2,36.77226,-119.79067,4
2011,2011-10-13,1005,10,3,10,4,Y,A,N,A,H,A,A,01,,17,D,,,,,C,Y,N,A,3,0,0,0,21451.0,2,36.77943,-119.73639,4
2011,2011-10-08,115,10,3,1,6,Y,A,N,A,H,C,A,01,,- ,C,,,,,C,Y,N,D,1,0,0,0,,2,36.83559,-119.79017,4
2011,2011-10-12,1513,10,3,15,3,N,A,N,A,H,A,A,01,E,22,E,,,,,I,Y,N,D,1,0,0,0,,1,36.77198508,-119.83374613,4
2011,2011-10-12,930,10,3,9,3,N,A,N,A,H,A,A,01,E,- ,C,,,,,C,N,N,D,2,0,0,0,,2,36.83740708,-119.79368269,4
2011,2011-10-01,247,10,3,2,6,N,A,N,A,H,C,A,01,S,01,C,,,,,E,Y,N,D,1,0,0,0,23152.0,2,36.80285227,-119.83544624,4
2011,2011-10-02,1028,10,3,10,7,Y,A,N,A,H,A,-,- ,,00,D,,,,,C,Y,N,A,1,0,0,0,12500.0,2,36.7286,-119.74559,4
2011,2011-10-11,1451,10,3,14,2,Y,A,N,A,H,A,C,03,,- ,H,,,Y,,A,N,N,A,1,0,0,1,,1,36.75863,-119.74997,4
2011,2011-10-16,155,10,3,1,7,N,A,N,A,H,C,A,01,N,01,C,,,,,C,Y,M,A,2,0,0,0,23152.0,2,36.82294859,-119.80844479,4
2011,2011-09-23,811,9,3,8,5,Y,A,N,A,H,A,A,01,,09,B,,,,,C,Y,N,A,1,0,0,0,21801.0,3,36.7286,-119.74559,4
2011,2011-09-22,1419,9,3,14,4,N,A,N,A,H,A,A,01,,12,D,,,,,C,Y,N,A,1,0,0,0,21453.0,2,36.73814,-119.79664,4
2011,2011-09-16,1935,9,3,19,5,N,A,N,A,H,C,-,- ,S,03,C,,,,,C,Y,N,A,1,0,0,0,22350.0,2,36.74292903,-119.73649005,4
2011,2011-09-16,1812,9,3,18,5,Y,A,N,A,H,A,A,01,,12,D,,,Y,,C,Y,N,A,1,0,0,1,21453.0,2,36.83713,-119.86243,2
2011,2011-09-16,1544,9,3,15,5,N,A,N,A,H,A,A,01,W,03,C,,,,,C,N,N,A,1,0,0,0,22350.0,3,36.80805539,-119.88545091,3
2011,2011-09-22,1620,9,3,16,4,N,A,N,A,H,A,-,- ,E,03,C,,,,,C,N,F,A,1,0,0,0,22350.0,2,36.75035508,-119.73629115,4
2012,2012-02-10,1516,2,4,15,5,Y,A,N,A,H,A,A,01,,10,G,Y,,,,B,N,M,A,1,1,0,0,21950.0,2,36.58540507,-119.61064264,3
2012,2012-02-12,1847,2,4,18,7,Y,A,N,A,H,C,A,01,,12,C,,,,,C,Y,N,A,1,0,0,0,22450.0,2,36.56639509,-119.61529255,4
2012,2012-02-09,640,2,4,6,4,Y,A,N,A,H,A,-,- ,,09,C,,,,,C,Y,N,A,2,0,0,0,21802.0,2,36.51794514,-119.56597261,4
2012,2012-01-21,324,1,4,3,6,N,B,Y,B,F,D,J,48,S,03,E,,,,,I,Y,N,D,2,0,0,0,22350.0,1,36.74332508,-119.77738263,3
2011,2011-09-20,2150,9,3,21,2,Y,A,N,A,H,C,A,01,,01,D,,,,,C,Y,N,A,3,0,0,0,23153.0,2,36.74315,-119.77248,3
2012,2012-02-25,1755,2,4,17,6,Y,A,N,A,H,A,A,01,,09,B,,,,,C,N,N,D,1,0,0,0,21804.0,2,36.60049506,-119.43530257,4
2012,2012-02-20,1125,2,4,11,1,N,A,Y,A,H,A,-,- ,S,00,C,,,,,C,Y,N,D,3,0,0,0,,2,36.68359423,-120.06088535,4
2012,2012-02-27,1614,2,4,16,1,Y,B,N,A,H,A,F,27,,12,D,,,,Y,C,Y,N,A,2,0,0,0,22450.0,2,36.56854506,-119.52122255,3
2012,2012-02-23,1103,2,4,11,4,N,A,Y,A,H,A,D,22,E,07,F,,,,,A,Y,N,D,1,0,0,0,21658.0,2,,,3
2012,2012-03-07,1425,3,1,14,3,N,A,N,A,H,A,D,22,N,09,D,,,,,C,Y,N,D,1,0,0,0,21804.0,2,36.61892942,-119.48413144,4
2012,2012-03-05,1606,3,1,16,1,N,A,Y,A,H,A,D,23,W,03,C,,,,,C,Y,N,D,1,0,0,0,22350.0,2,36.73196695,-119.47875605,4
2012,2012-02-24,1730,2,4,17,5,N,A,Y,A,H,A,A,01,N,01,C,,,,,C,N,F,D,1,0,0,0,23152.0,2,36.60879068,-119.6650127,4
2012,2012-03-02,1600,3,1,16,5,N,A,Y,A,H,A,D,22,S,03,C,,,,,C,N,N,D,1,0,0,0,22350.0,2,36.74757161,-119.82293015,4
2012,2012-02-29,750,2,4,7,3,Y,A,N,A,H,A,A,07,,09,D,,,,,C,Y,N,A,2,0,0,0,21802.0,2,36.77921506,-119.5741826,4
2012,2012-02-28,700,2,4,7,2,N,B,N,B,H,A,-,- ,N,18,E,,,,,I,Y,N,D,1,0,0,0,,1,36.7398016,-119.87148443,4
2012,2012-02-28,830,2,4,8,2,Y,A,N,A,H,A,A,07,,09,D,,,,,C,N,N,A,1,0,0,0,21800.0,2,36.80114514,-119.8063026,4
2012,2012-03-05,950,3,1,9,1,N,A,N,A,H,A,D,22,E,03,C,,,,,C,Y,N,D,1,0,0,0,22350.0,2,36.88121632,-119.7226979,4
2012,2012-02-29,1411,2,4,14,3,N,B,Y,B,H,A,D,22,S,01,E,,,,Y,I,Y,N,D,1,0,0,0,23152.0,3,36.79434398,-119.86629525,4
2012,2012-02-13,522,2,4,5,1,N,C,N,B,H,D,-,- ,S,18,H,,,,,H,N,N,D,1,0,0,0,,1,36.68597639,-119.54410611,4
2012,2012-02-14,936,2,4,9,2,N,B,N,B,H,A,-,- ,,03,A,,,,,I,Y,N,D,1,0,0,0,22350.0,1,36.60380515,-119.46649249,3
2012,2012-01-01,410,1,4,4,7,N,A,Y,A,H,D,A,08,S,01,E,,,,,I,Y,N,D,1,0,0,0,23152.0,1,36.10946672,-120.10209863,3
2011,2011-12-06,556,12,4,5,2,-,A,Y,A,H,B,-,- ,,09,C,,,,,C,Y,N,A,2,0,0,0,21801.0,3,36.0229495,-120.16599623,4
2012,2012-03-13,2035,3,1,20,2,N,B,Y,A,H,C,A,07,N,01,E,,,,,I,Y,N,D,2,0,0,0,23152.0,1,36.7549899,-119.77156309,3
2012,2012-03-09,2150,3,1,21,5,N,A,Y,A,H,D,A,01,S,08,E,,,,,I,Y,N,D,2,0,0,0,22107.0,3,36.60203562,-119.65734044,4
2012,2012-03-13,1745,3,1,17,2,N,A,Y,A,H,A,A,01,N,03,C,,,,,C,Y,N,D,1,0,0,0,22350.0,3,36.74598508,-119.82163264,4
2012,2012-03-12,845,3,1,8,1,Y,A,Y,A,H,A,A,01,,09,B,,,,,C,Y,N,A,2,0,0,0,21802.0,2,36.54433507,-119.59282258,4
2012,2012-03-09,1722,3,1,17,5,N,A,N,A,H,A,-,- ,S,18,E,,,,,I,Y,N,D,1,0,0,0,,1,36.82725227,-119.82675861,2
2012,2012-03-19,5,3,1,0,1,N,A,N,A,H,D,A,01,W,12,E,,,,,I,Y,N,A,1,0,0,0,22450.0,1,36.76106764,-119.68222472,4
2012,2012-03-18,1230,3,1,12,7,N,C,Y,B,H,A,A,01,E,08,E,,,,,I,Y,N,D,1,0,0,0,22107.0,1,36.75460628,-119.77474177,4
2012,2012-03-10,1051,3,1,10,6,N,A,N,A,H,A,-,- ,W,18,H,,Y,,,H,N,N,D,1,0,1,0,,1,36.76872456,-119.44124168,3
2012,2012-03-20,1615,3,1,16,2,Y,A,Y,A,H,A,A,07,,09,D,,,,,C,Y,N,D,1,0,0,0,21802.0,2,36.73547909,-119.88072,4
2012,2012-03-18,744,3,1,7,7,Y,B,N,B,H,A,A,07,,09,A,,,,,C,Y,N,A,1,0,0,0,21801.0,2,36.77954511,-119.73640259,4
2012,2012-03-13,1518,3,1,15,2,N,B,Y,A,H,A,A,08,S,03,C,,,,,C,Y,N,D,4,0,0,0,22350.0,3,36.48804441,-119.79099799,3
2012,2012-03-12,905,3,1,9,1,N,A,Y,A,D,A,A,01,S,08,E,,,,,I,Y,N,D,1,0,0,0,22107.0,1,36.51281968,-119.55543103,3
2012,2012-03-07,735,3,1,7,3,N,A,Y,A,H,A,J,48,W,03,C,,,,,C,Y,N,D,2,0,0,0,22350.0,2,36.75510707,-119.7620513,4
2012,2012-03-11,410,3,1,4,7,N,A,N,A,H,C,N,60,S,11,G,Y,,,,B,N,F,D,1,1,0,0,21954.0,2,36.70513432,-119.66403256,2
2012,2012-02-24,750,2,4,7,5,N,A,Y,A,H,A,A,01,S,03,C,,,,,C,Y,N,D,1,0,0,0,22350.0,2,36.75370281,-119.77996345,4
2012,2012-03-17,1800,3,1,18,6,N,B,N,B,H,A,A,01,S,08,E,,,,,I,Y,N,D,1,0,0,0,22107.0,1,36.65983203,-119.73682267,3
2012,2012-03-14,30,3,1,0,3,N,A,N,A,H,D,A,01,S,08,E,,,,,I,Y,N,D,1,0,0,0,22107.0,1,36.63918713,-120.23468703,4
2012,2012-02-24,1220,2,4,12,5,N,A,N,A,H,A,-,99,S,05,E,,,Y,,J,Y,F,D,1,0,0,1,21460.0,2,36.9032224,-119.50498044,2
2012,2012-03-21,820,3,1,8,3,N,A,N,A,H,A,A,01,N,08,E,,,,,I,Y,N,D,1,0,0,0,22107.0,1,36.74056354,-119.45674765,3
2012,2012-03-17,1923,3,1,19,6,N,B,Y,B,H,C,A,01,S,03,E,,,,,I,Y,N,D,2,0,0,0,22350.0,1,36.74007877,-119.77778927,4
2012,2012-02-28,859,2,4,8,2,N,A,N,A,H,A,A,01,N,08,E,,,,,I,N,M,D,1,0,0,0,22107.0,1,36.5492139,-119.61083889,4
2012,2012-03-08,800,3,1,8,4,N,A,N,A,H,A,A,01,E,03,C,,,,,C,Y,N,D,2,0,0,0,22350.0,2,36.79315505,-119.69851149,4
2012,2012-03-18,33,3,1,0,7,N,A,Y,B,H,C,A,01,W,08,F,,,,,A,Y,N,D,1,0,0,0,22107.0,1,36.80539508,-119.88324266,3
2012,2012-02-20,435,2,4,4,1,N,A,N,A,H,D,A,01,S,01,E,,,,,I,Y,N,D,2,0,0,0,23152.0,1,36.97798722,-119.39118878,2
2012,2012-03-20,730,3,1,7,2,N,A,N,A,H,A,A,07,E,03,G,Y,,,,B,N,N,A,1,1,0,0,22350.0,2,36.75033504,-119.72274857,3
2012,2012-03-11,1658,3,1,16,7,N,B,Y,A,H,A,A,01,N,01,E,,,,,I,Y,N,D,1,0,0,0,23152.0,1,36.76419525,-119.77614942,3
2012,2012-03-17,1510,3,1,15,6,N,C,Y,B,H,A,A,07,W,08,F,,,,,A,Y,N,D,1,0,0,0,22107.0,1,36.73726846,-119.25852521,4
2012,2012-03-15,1532,3,1,15,4,N,A,Y,A,H,A,A,01,N,08,E,,,,,I,Y,N,D,2,0,0,0,22107.0,2,36.50848714,-119.55032729,3
2012,2012-03-18,1529,3,1,15,7,N,B,Y,B,H,A,A,01,,03,E,,,,,I,Y,N,D,1,0,0,0,22350.0,1,36.75211067,-119.77587485,4
2012,2012-03-13,2240,3,1,22,2,N,A,Y,A,H,E,A,01,N,08,E,,,,,I,Y,N,D,2,0,0,0,22107.0,1,36.78137678,-119.78485562,3
2012,2012-03-18,1230,3,1,12,7,N,C,Y,B,H,A,A,07,E,08,E,,,,,I,Y,N,D,1,0,0,0,22107.0,1,36.75362954,-119.78254449,4
2012,2012-03-13,740,3,1,7,2,Y,A,N,A,H,A,A,01,,09,D,,,,,C,Y,N,A,1,0,0,0,21802.0,2,36.79315506,-119.69856257,4
2012,2012-03-17,820,3,1,8,6,N,B,Y,A,B,A,A,07,S,03,E,,,,,I,Y,N,D,1,0,0,0,22350.0,1,36.79134508,-119.86139265,3
2012,2012-03-11,1547,3,1,15,7,N,A,N,A,H,A,A,01,W,08,E,,,,,I,Y,N,D,1,0,0,0,22107.0,1,36.83714217,-119.56022962,4
2012,2012-03-08,1706,3,1,17,4,N,A,Y,A,H,A,-,- ,N,00,E,,,,,I,Y,N,D,1,0,0,0,,1,36.69751689,-119.76468808,4
2012,2012-03-09,2230,3,1,22,5,N,A,N,A,H,D,A,01,W,08,F,,,,,A,Y,N,D,2,0,0,0,22107.0,1,36.60515929,-119.8161033,3
2012,2012-03-08,2321,3,1,23,4,N,C,Y,A,H,A,A,01,E,01,E,,,,,I,Y,N,D,1,0,0,0,23152.0,1,,,3
2012,2012-02-27,2300,2,4,23,1,N,A,N,B,H,C,-,- ,S,03,E,,,,,I,Y,N,D,1,0,0,0,22350.0,1,36.60417388,-119.46756899,4
2012,2012-02-27,2250,2,4,22,1,N,A,N,A,H,D,A,01,N,08,F,,,,,A,Y,N,D,1,0,0,0,22107.0,1,36.68846485,-120.56788712,4
2011,2011-11-29,105,11,3,1,2,N,E,N,B,H,C,A,01,W,08,E,,,,,I,Y,N,A,1,0,0,0,22107.0,1,36.79387517,-119.71362287,3
2011,2011-11-30,1002,11,3,10,3,Y,A,N,A,H,A,-,- ,,08,E,,,,,I,N,N,A,1,0,0,0,22107.0,2,36.605097,-119.6571195,4
2012,2012-02-26,2145,2,4,21,7,Y,A,N,A,H,D,A,01,,03,E,,,,,I,Y,N,D,1,0,0,0,22350.0,1,36.80719504,-120.49458273,4
2012,2012-02-25,222,2,4,2,6,N,A,Y,A,H,D,A,01,S,08,E,,,,,I,Y,N,D,1,0,0,0,22107.0,1,36.76996908,-120.39237,3
2012,2012-02-26,512,2,4,5,7,N,A,Y,A,H,D,A,01,E,08,E,,,,,I,Y,N,D,2,0,0,0,22107.0,1,36.74273818,-120.36607455,2
2012,2012-03-18,1643,3,1,16,7,N,B,Y,B,H,A,D,22,S,08,E,,,,,I,Y,N,D,1,0,0,0,22107.0,1,36.78867508,-119.85643265,2
2012,2012-03-20,630,3,1,6,2,N,A,N,A,H,A,D,22,E,08,E,,,,,I,Y,N,D,1,0,0,0,22107.0,1,36.83739706,-119.63597417,4
2012,2012-03-18,1625,3,1,16,7,N,B,Y,B,H,A,A,07,E,03,C,,,,,C,Y,N,D,1,0,0,0,22350.0,3,36.75341067,-119.78399279,4
2012,2012-03-16,2159,3,1,21,5,N,C,N,B,H,D,D,22,N,03,F,,,,,A,Y,N,D,2,0,0,0,22350.0,1,36.9930666,-119.70832505,4
2012,2012-03-06,1015,3,1,10,2,N,B,N,A,H,A,D,22,S,12,H,,,,,F,Y,N,A,1,0,0,0,22451.0,2,36.74621487,-119.8983423,3
2012,2012-03-17,1505,3,1,15,6,N,C,Y,B,H,A,D,22,W,08,E,,,,,J,Y,N,D,1,0,0,0,22107.0,1,36.73726846,-119.25852521,4
2012,2012-03-07,734,3,1,7,3,N,A,Y,A,H,A,A,07,W,03,C,,,,,C,Y,N,D,1,0,0,0,22350.0,2,36.75510464,-119.76046,4
2012,2012-03-09,2148,3,1,21,5,N,A,Y,A,H,C,D,22,S,01,E,,,,,I,Y,N,D,1,0,0,0,23152.0,1,36.60091829,-119.65610472,3
2012,2012-03-17,1455,3,1,14,6,N,B,N,A,H,A,D,22,N,03,D,,,,,C,N,N,B,1,0,0,0,22350.0,2,36.72883795,-119.70014268,4
2012,2012-03-07,1536,3,1,15,3,N,A,N,A,H,A,A,01,E,03,C,,,,,C,N,N,D,1,0,0,0,22350.0,3,36.79391366,-119.80763885,4
2012,2012-03-13,1027,3,1,10,2,N,A,N,A,H,A,D,22,S,08,E,,,,,I,Y,N,D,1,0,0,0,22107.0,1,36.73524928,-119.56964648,3
2012,2012-03-09,1015,3,1,10,5,N,A,N,A,H,A,G,25,W,08,D,,,,Y,C,Y,N,D,1,0,0,0,22100.0,2,36.60463575,-119.49879037,4
2012,2012-03-12,740,3,1,7,1,Y,A,N,A,H,A,D,22,,12,D,,,,,C,Y,N,A,1,0,0,0,22450.0,2,36.56154505,-119.57502261,3
2012,2012-03-16,1255,3,1,12,5,N,B,N,A,H,A,H,13,E,03,C,,,,,C,N,N,D,3,0,0,0,22350.0,2,36.61115824,-119.39858974,4
2012,2012-03-17,1200,3,1,12,6,N,B,Y,B,H,A,D,22,W,03,E,,,,,I,Y,N,D,1,0,0,0,22350.0,1,36.74757176,-119.80258499,3
2012,2012-03-12,1735,3,1,17,1,N,A,N,A,H,A,A,01,N,03,C,,,,,C,Y,N,D,1,0,0,0,22350.0,2,36.61912474,-119.45764932,3
2012,2012-03-09,525,3,1,5,5,Y,A,N,A,H,D,A,01,,12,D,,,,Y,C,Y,N,A,4,0,0,0,22450.0,2,36.70662505,-119.84451263,4
2012,2012-03-11,845,3,1,8,7,Y,A,N,A,H,A,D,22,,12,D,,,,,C,Y,N,A,1,0,0,0,22450.0,2,36.58940511,-119.39497256,4
2012,2012-03-09,225,3,1,2,5,N,A,Y,A,H,D,A,01,S,03,C,,,,,C,Y,F,D,1,0,0,0,22350.0,2,37.17067101,-119.20782738,3
2012,2012-03-15,2106,3,1,21,4,N,A,N,A,H,D,D,22,W,01,E,,,,,I,Y,N,D,1,0,0,0,23152.0,1,37.06503157,-119.49423909,2
2012,2012-03-10,950,3,1,9,6,N,A,N,A,H,A,D,22,S,03,C,,,,,C,Y,N,D,2,0,0,0,22350.0,4,36.67255076,-119.78180268,4
2012,2012-03-04,220,3,1,2,7,N,A,N,A,H,C,A,01,E,01,C,,,,Y,E,Y,N,D,1,0,0,0,23152.0,2,36.82999504,-119.81935612,3
2012,2012-03-10,1732,3,1,17,6,N,A,N,A,H,D,D,22,E,08,A,,,,,C,Y,N,D,6,0,0,0,22107.0,3,36.76456504,-119.86457386,3
2012,2012-03-15,1455,3,1,14,4,Y,A,N,A,H,A,E,22,,09,D,,,,,C,Y,N,A,4,0,0,0,21801.0,3,36.60522515,-119.57476255,3
2012,2012-03-07,400,3,1,4,3,N,A,Y,A,H,D,G,25,S,08,F,,,,Y,A,Y,N,D,1,0,0,0,22107.0,1,36.80185305,-120.74039663,3
2012,2012-03-16,1650,3,1,16,5,Y,B,N,A,H,A,D,22,,12,D,,,,,C,Y,N,A,4,0,0,0,22450.0,2,36.74884507,-120.44139277,2
2011,2011-03-16,2014,3,1,20,3,Y,B,N,A,H,C,-,- ,,12,C,,,,,C,Y,M,D,1,0,0,0,22450.0,2,36.62634,-119.6848,4
2012,2012-02-29,1650,2,4,16,3,N,B,Y,B,H,A,A,01,N,03,C,,,,,C,N,N,D,1,0,0,0,22350.0,2,36.6889878,-119.75496418,4
2012,2012-02-28,1631,2,4,16,2,N,A,Y,A,H,A,A,07,W,03,C,,,,,C,Y,N,D,2,0,0,0,22350.0,3,36.74663231,-119.80433305,4
2012,2012-02-21,40,2,4,0,2,N,A,N,A,H,D,A,01,E,01,E,,,,,I,Y,N,D,2,0,0,0,23152.0,1,36.73686893,-119.65677087,3
2012,2012-02-28,1132,2,4,11,2,N,A,N,A,H,A,-,- ,N,08,H,,,,,A,Y,M,D,2,0,0,0,22107.0,2,36.704126,-119.57433293,2
2012,2012-03-03,1155,3,1,11,6,Y,A,N,A,H,A,A,01,,09,D,,,,,C,N,N,A,1,0,0,0,21802.0,2,36.66342509,-119.77286261,4
2012,2012-03-02,108,3,1,1,5,N,A,N,A,H,D,A,07,E,08,F,,,,,A,Y,N,D,2,0,0,0,22107.0,1,36.83737352,-119.61921985,3
2012,2012-03-03,1355,3,1,13,6,N,A,Y,A,H,A,C,02,S,08,F,,,Y,,A,N,N,D,1,0,0,1,22107.0,1,36.79059508,-119.78429264,3
2012,2012-03-04,1415,3,1,14,7,N,A,N,A,H,A,C,02,N,08,F,,,Y,,A,Y,N,D,2,0,0,2,22107.0,1,36.86580102,-119.46539416,3
2012,2012-03-03,1345,3,1,13,6,N,A,Y,A,H,A,A,01,N,03,C,,,,,C,N,N,D,1,0,0,0,22350.0,3,36.78439857,-119.78436917,4
2012,2012-03-03,1350,3,1,13,6,Y,A,N,A,H,A,A,07,,12,D,,,,,C,Y,N,A,2,0,0,0,22450.0,2,36.59023512,-119.52109255,4
2012,2012-03-06,1830,3,1,18,2,Y,A,N,A,H,C,A,01,,09,D,,,,,C,Y,N,A,1,0,0,0,21801.0,2,36.81554515,-119.81743268,4
2012,2012-03-01,908,3,1,9,4,N,A,N,A,H,A,-,- ,W,22,C,,,,,C,Y,N,D,1,0,0,0,,3,36.60235505,-119.44442025,4
2012,2012-02-23,1707,2,4,17,4,Y,A,N,A,H,A,-,- ,,09,D,,,Y,,C,N,M,A,1,0,0,1,21802.0,2,36.79390508,-119.67307257,4
2012,2012-02-13,1405,2,4,14,1,Y,C,N,B,H,A,A,01,,03,C,,,,,C,Y,N,D,1,0,0,0,22350.0,2,36.137495,-120.20031257,4
2011,2011-10-20,2105,10,3,21,4,Y,A,N,A,H,C,-,- ,,01,A,,,,,C,Y,F,D,2,0,0,0,23152.0,2,36.63451,-119.68535,4
2011,2011-10-03,744,10,3,7,1,N,A,N,A,H,A,-,- ,W,03,C,,,,,C,Y,N,D,2,0,0,0,22350.0,2,36.63444922,-119.68961656,3
2011,2011-10-05,1208,10,3,12,3,Y,A,N,A,H,A,-,- ,,10,G,Y,,,,B,N,N,D,1,1,0,0,21950.0,2,36.75175,-120.38661,3
2011,2011-10-13,1426,10,3,14,4,-,A,N,A,H,A,-,- ,,09,C,,,,,C,Y,N,D,1,0,0,0,21800.0,2,36.76868,-120.38587,4
2011,2011-10-14,1935,10,3,19,5,Y,A,N,A,H,C,-,- ,,10,G,Y,,,,B,N,N,A,1,1,0,0,21950.0,2,36.75342,-120.38196,4
2011,2011-10-20,2106,10,3,21,4,Y,A,N,A,H,C,-,- ,,01,C,,,,,C,Y,M,D,1,0,0,0,23152.0,2,36.63455,-119.66435,4
2011,2011-09-02,2127,9,3,21,5,Y,A,N,A,H,E,-,- ,,10,G,Y,,,,B,N,N,A,1,1,0,0,21950.0,2,36.74921,-120.38656,3
2011,2011-08-26,1203,8,2,12,5,N,A,N,A,H,A,-,- ,W,03,B,,,,,C,Y,N,A,2,0,0,0,22350.0,2,36.605548,-119.6553214,3
2011,2011-09-19,1915,9,3,19,1,Y,A,N,A,H,C,-,- ,,10,G,Y,,,,B,N,N,A,1,1,0,0,21950.0,2,36.75898,-120.3864,3
2011,2011-07-05,2125,7,2,21,2,N,A,N,A,H,C,N,60,E,11,B,Y,,,,B,N,N,D,1,1,0,0,21956.0,2,,,3
2011,2011-11-17,1450,11,3,14,4,Y,A,N,A,H,A,-,- ,,09,B,,,,,C,N,N,D,1,0,0,0,21801.0,2,36.61379,-119.66412,4
2011,2011-11-11,1803,11,3,18,5,Y,C,N,B,H,C,A,01,,09,B,,,,,C,Y,N,A,2,0,0,0,21802.0,3,36.75489,-120.37995,3
2011,2011-11-25,1609,11,3,16,5,Y,A,N,A,H,A,-,- ,,03,G,Y,,,,B,N,F,A,1,1,0,0,22350.0,2,36.76344,-120.38227,3
2011,2011-11-10,455,11,3,4,4,Y,A,N,A,H,C,-,- ,,03,B,,,,,C,N,N,A,7,0,0,0,22350.0,9,36.76057,-120.38668,3
2011,2011-11-25,2136,11,3,21,5,Y,A,N,A,H,C,-,- ,,03,G,Y,,,,B,N,N,D,2,2,0,0,22350.0,3,36.63125,-119.67787,3
2011,2011-07-18,1628,7,2,16,1,Y,A,N,B,H,A,-,- ,,04,C,,,,,C,N,N,D,1,0,0,0,21703.0,2,36.76057,-120.38668,4