ACCIDENT_YEAR,COLLISION_DATE,COLLISION_TIME,MONTH,SEASON,24HOURS,DAY_OF_WEEK,INTERSECTION,WEATHER_1,STATE_HWY_IND,ROAD_SURFACE,ROAD_COND_1,LIGHTING,STWD_VEHTYPE_AT_FAULT,CHP_VEHTYPE_AT_FAULT,DIRECTION,PCF_VIOL_CATEGORY,TYPE_OF_COLLISION,PEDESTRIAN_ACCIDENT,BICYCLE_ACCIDENT,MOTORCYCLE_ACCIDENT,TRUCK_ACCIDENT,MVIW,TOW_AWAY,HIT_AND_RUN,CONTROL_DEVICE,NUMBER_INJURED,COUNT_PED_INJURED,COUNT_BICYCLIST_INJURED,COUNT_MC_INJURED,PCF_VIOLATION,PARTY_COUNT,POINT_Y,POINT_X,COLLISION_SEVERITY
2012,2012-08-03,1718,8,2,17,5,N,A,N,A,H,A,D,22,W,01,E,,,,,I,Y,F,A,2,0,0,0,23152.0,1,36.62578136,-119.40502294,2
2012,2012-08-03,1320,8,2,13,5,Y,A,N,A,H,A,A,01,,12,D,,,,,C,Y,N,D,1,0,0,0,22450.0,2,36.59064505,-119.57482255,4
2012,2012-07-16,1725,7,2,17,1,Y,A,N,A,H,A,A,08,,09,D,,,,,C,N,N,A,4,0,0,0,21802.0,3,36.7720851,-119.6640726,4
2012,2012-08-03,1355,8,2,13,5,N,A,Y,A,H,A,A,01,N,08,D,,,,,C,Y,N,D,1,0,0,0,22107.0,4,36.80905569,-119.78546264,4
2012,2012-07-30,38,7,2,0,1,N,A,Y,A,H,D,D,22,N,01,E,,,,,I,Y,N,D,1,0,0,0,23152.0,1,36.66920583,-119.78579395,3
2012,2012-08-02,605,8,2,6,4,N,A,Y,A,H,A,G,25,S,07,B,,,,Y,C,Y,N,D,1,0,0,0,21658.0,3,36.74012353,-119.81287799,4
2012,2012-08-06,1744,8,2,17,1,Y,A,N,A,H,A,A,07,,09,D,,,,,C,Y,N,A,2,0,0,0,21802.0,3,36.63421509,-119.57470257,4
2012,2012-08-08,1310,8,2,13,3,N,A,N,A,H,A,D,22,E,08,E,,,,,I,Y,N,D,1,0,0,0,22107.0,1,36.72551953,-119.8775414,2
2012,2012-07-31,750,7,2,7,2,Y,A,N,A,H,A,D,22,,09,D,,,,,C,Y,N,A,2,0,0,0,21801.0,2,36.66347512,-119.75481266,3
2012,2012-08-09,110,8,2,1,4,N,A,N,A,H,D,D,22,S,03,E,,,,,I,Y,N,D,2,0,0,0,22350.0,1,37.06261587,-119.14997399,3
2012,2012-08-04,810,8,2,8,6,Y,A,N,A,H,A,A,07,,09,D,,,,Y,C,Y,N,A,2,0,0,0,21802.0,3,36.51815507,-119.68276253,4
2012,2012-08-09,630,8,2,6,4,N,A,Y,A,H,A,D,22,E,08,E,,,,,I,Y,N,D,1,0,0,0,22107.0,1,36.95717179,-119.50505433,4
2012,2012-08-08,1930,8,2,19,3,N,A,N,A,H,A,D,22,W,05,B,,,,,C,N,N,D,1,0,0,0,21650.0,2,36.53178036,-120.04905546,3
2012,2012-08-02,2350,8,2,23,4,N,A,Y,A,H,D,G,26,W,08,B,,,,Y,C,Y,N,D,1,0,0,0,22107.0,2,36.25544204,-119.99498505,3
2012,2012-08-10,1740,8,2,17,5,N,A,Y,A,H,A,D,22,S,08,F,,,,,A,N,N,D,4,0,0,0,22107.0,1,36.17135999,-120.18932944,2
2012,2012-07-31,1405,7,2,14,2,N,A,Y,A,H,A,A,01,N,08,B,,,,Y,E,Y,N,D,1,0,0,0,22107.0,2,36.37511042,-120.3397064,3
2012,2012-08-05,1015,8,2,10,7,N,A,Y,A,H,A,A,01,W,03,C,,,,Y,C,Y,N,D,1,0,0,0,22350.0,2,36.2553888,-120.00037996,3
2012,2012-08-01,1610,8,2,16,3,N,A,N,A,H,A,M,46,E,08,D,,,,Y,C,N,N,D,1,0,0,0,22107.0,2,36.42869606,-120.26790042,2
2012,2012-09-10,1530,9,3,15,1,N,A,N,A,H,A,A,01,S,03,C,,,,Y,C,Y,N,D,1,0,0,0,22350.0,2,36.68838711,-119.45733745,4
2012,2012-09-05,1710,9,3,17,3,Y,C,N,B,H,A,D,22,,12,D,,,,,C,Y,N,A,2,0,0,0,22450.0,3,36.77910515,-119.85343265,4
2012,2012-08-27,2202,8,2,22,1,N,A,Y,A,H,D,G,25,E,08,F,,,,Y,A,Y,N,D,1,0,0,0,22107.0,1,36.25544929,-119.99282717,2
2012,2012-08-14,2046,8,2,20,2,N,A,Y,A,C,D,G,25,W,03,E,,,,Y,J,Y,N,D,2,0,0,0,22350.0,1,36.25542255,-119.99696317,4
2012,2012-08-18,949,8,2,9,6,Y,A,N,A,H,A,A,01,,09,D,,,,Y,C,Y,N,D,1,0,0,0,21802.0,2,36.66348508,-119.74580257,4
2012,2012-08-18,1740,8,2,17,6,Y,A,N,A,H,E,A,07,,12,D,,,,Y,C,Y,N,A,5,0,0,0,22450.0,2,36.58359505,-119.88102256,3
2012,2012-07-25,2205,7,2,22,3,N,A,Y,A,H,D,G,27,W,08,D,,,,Y,C,Y,N,D,6,0,0,0,22107.0,2,36.25544381,-119.99480525,2
2012,2012-08-20,1825,8,2,18,1,N,A,Y,A,H,A,A,01,N,07,B,,,,Y,C,Y,N,D,1,0,0,0,21658.0,2,36.7360521,-119.80492013,4
2012,2012-08-20,1305,8,2,13,1,N,A,N,A,H,A,G,26,W,03,E,,,,Y,I,Y,N,D,1,0,0,0,22350.0,1,36.60455473,-119.91700674,4
2012,2012-08-27,640,8,2,6,1,Y,A,Y,A,H,A,G,25,,08,B,,,,Y,C,Y,N,A,1,0,0,0,22107.0,2,36.76409528,-120.06011297,4
2012,2012-08-27,1036,8,2,10,1,N,A,Y,A,H,A,A,01,N,07,D,,,,Y,C,Y,N,D,1,0,0,0,21658.0,3,36.76239508,-119.77543264,3
2012,2012-08-29,1335,8,2,13,3,N,A,Y,A,H,A,A,01,S,08,E,,,,Y,I,Y,N,D,2,0,0,0,22107.0,2,36.8052949,-119.88311516,3
2012,2012-08-25,805,8,2,8,6,N,A,Y,A,H,A,D,22,E,07,C,,,,Y,C,Y,N,D,1,0,0,0,21658.0,2,36.75380721,-119.72963926,3
2012,2012-08-31,1005,8,2,10,5,Y,A,N,A,H,A,M,58,,05,B,,,,Y,C,Y,N,D,2,0,0,0,21752.0,2,36.60506505,-119.83591264,4
2012,2012-08-30,2004,8,2,20,4,N,A,Y,A,H,D,A,01,N,03,C,,,,Y,C,Y,N,D,2,0,0,0,22350.0,3,36.47457004,-119.63616292,3
2012,2012-09-04,1128,9,3,11,2,N,A,Y,A,H,A,A,01,S,07,C,,,,Y,C,Y,N,D,1,0,0,0,21658.0,2,36.20017488,-120.20999847,4
2012,2012-02-25,2132,2,4,21,6,Y,A,N,A,H,C,A,08,,03,C,,,,,C,Y,N,A,1,0,0,0,22350.0,2,36.83025505,-119.7135126,4
2012,2012-04-13,727,4,1,7,5,N,B,N,B,H,A,A,01,S,03,C,,,,,C,N,N,A,1,0,0,0,22350.0,2,36.83015428,-119.72941269,4
2012,2012-09-22,1040,9,3,10,6,Y,A,N,A,H,A,A,01,,09,D,,,,Y,C,Y,N,A,2,0,0,0,21802.0,2,36.51797511,-119.57531258,3
2012,2012-09-18,733,9,3,7,2,N,A,Y,A,H,A,A,01,N,03,C,,,,Y,C,Y,N,D,2,0,0,0,22350.0,5,36.77573146,-119.84216335,4
2012,2012-09-13,740,9,3,7,4,N,A,N,A,H,A,A,01,S,08,F,,,,,A,,N,D,2,0,0,0,22107.0,1,36.84911578,-120.46601,3
2012,2012-09-09,1755,9,3,17,7,N,A,Y,A,H,A,A,07,N,08,F,,,,,A,Y,N,D,4,0,0,0,22107.0,1,36.45971342,-120.41594884,2
2012,2012-09-16,2025,9,3,20,7,N,A,Y,A,H,D,A,08,S,07,E,,,,,I,Y,N,D,2,0,0,0,21658.0,1,36.63393213,-120.6187626,4
2012,2012-07-13,2020,7,2,20,5,N,A,Y,A,H,B,A,08,S,08,F,,,,,A,Y,N,D,1,0,0,0,22107.0,1,36.13749617,-120.1584257,3
2012,2012-09-11,924,9,3,9,2,Y,A,Y,A,H,A,D,22,,12,D,,,,,C,Y,N,A,2,0,0,0,21453.0,2,36.75271462,-119.70359185,3
2012,2012-09-08,1845,9,3,18,6,Y,A,N,A,H,A,A,07,,09,D,,,,,C,Y,N,A,1,0,0,0,21802.0,2,36.6633751,-119.71856263,4
2012,2012-08-05,1434,8,2,14,7,N,A,N,A,H,A,A,01,S,09,D,,,,,C,Y,N,D,1,0,0,0,21804.0,2,36.83404866,-119.71807624,2
2012,2012-09-08,1635,9,3,16,6,Y,A,Y,A,H,A,D,22,,12,D,,,,,C,Y,N,A,1,0,0,0,21453.0,2,36.74954218,-120.05998284,4
2012,2012-09-13,740,9,3,7,4,Y,A,N,A,H,A,A,01,,09,D,,,,,C,Y,N,A,2,0,0,0,21802.0,2,36.63435506,-119.78189268,4
2012,2012-09-15,1125,9,3,11,6,Y,A,N,A,H,A,A,01,,09,D,,,,,C,Y,N,A,1,0,0,0,21802.0,2,36.75001511,-119.88029256,3
2012,2012-09-14,1825,9,3,18,5,Y,A,Y,A,H,B,D,22,,08,E,,,,,I,Y,N,D,2,0,0,0,22107.0,1,36.80885285,-118.77782241,4
2012,2012-03-12,2259,3,1,22,1,Y,A,N,A,H,C,J,41,,22,D,,,,,C,N,N,A,2,0,0,0,,2,36.75771512,-119.77264269,4
2012,2012-03-28,1245,3,1,12,3,N,A,N,A,H,A,N,60,S,11,G,Y,,,,B,N,N,D,1,1,0,0,21954.0,2,36.71585347,-119.78964269,3
2012,2012-04-18,1912,4,1,19,3,Y,A,N,A,H,A,J,48,,05,B,,,,,C,N,N,D,1,0,0,0,21460.0,2,36.74816515,-119.78154257,3
2012,2012-03-17,2002,3,1,20,6,Y,B,N,B,H,C,J,41,,22,D,,,,,A,Y,N,A,2,0,0,0,,2,36.77966509,-119.7726926,3
2012,2012-08-15,1327,8,2,13,3,N,A,N,A,H,A,A,01,W,21,C,,,,,C,N,N,A,1,0,0,0,22106.0,2,36.75954425,-119.77269362,4
2012,2012-02-14,1857,2,4,18,2,Y,B,N,A,H,C,A,07,,03,C,,,,,C,N,M,A,1,0,0,0,22350.0,3,36.75742511,-119.71827264,4
2012,2012-04-03,45,4,1,0,2,N,A,N,A,H,A,-,- ,E,- ,C,,,,,C,N,N,A,3,0,0,0,,2,36.79410291,-119.78504449,4
2012,2012-08-19,2139,8,2,21,7,N,A,Y,A,H,D,A,01,S,01,B,,,,Y,C,Y,N,D,1,0,0,0,23152.0,3,36.25235747,-120.10359913,3
2012,2012-09-18,558,9,3,5,2,N,A,N,A,H,D,A,01,E,03,C,,,,,C,Y,N,D,3,0,0,0,22350.0,2,36.63247102,-119.35864332,4
2012,2012-09-25,630,9,3,6,2,N,A,N,A,H,D,D,22,N,08,E,,,,,I,Y,N,D,1,0,0,0,22107.0,1,36.63688543,-119.76387451,4
2012,2012-09-09,1120,9,3,11,7,N,A,N,A,H,A,C,02,S,08,B,,,Y,,C,Y,N,D,2,0,0,2,22107.0,3,37.14816056,-119.5078665,3
2012,2012-09-16,1300,9,3,13,7,Y,A,N,A,H,A,D,22,,08,D,,,,,C,Y,N,A,2,0,0,0,22107.0,2,36.83018511,-119.62799257,4
2012,2012-09-19,610,9,3,6,3,N,A,N,A,H,B,D,22,E,08,F,,,,,A,Y,N,D,1,0,0,0,22107.0,1,36.48919929,-119.77640308,2
2012,2012-09-23,215,9,3,2,7,N,A,N,A,H,D,D,23,E,08,E,,,,,I,Y,N,D,1,0,0,0,22107.0,1,37.09225239,-119.27875936,3
2012,2012-09-25,1231,9,3,12,2,Y,A,N,A,H,A,D,22,,12,D,,,,,C,Y,N,A,2,0,0,0,22450.0,2,36.80789508,-119.91654271,4
2012,2012-09-22,1528,9,3,15,6,Y,A,N,A,H,A,D,22,,12,D,,,,,C,Y,N,A,2,0,0,0,22450.0,2,36.54722504,-119.71864253,3
2012,2012-09-22,540,9,3,5,6,N,A,N,A,H,D,-,- ,E,00,C,,,,,C,Y,N,D,2,0,0,0,,2,36.51821852,-119.64501538,3
2012,2012-08-12,2022,8,2,20,7,N,A,N,A,H,D,D,22,W,01,A,,,,,C,Y,N,D,4,0,0,0,23152.0,2,36.77231076,-119.75023698,2
2012,2012-09-21,1930,9,3,19,5,Y,A,N,A,H,D,A,01,,09,D,,,,,C,Y,N,A,2,0,0,0,21802.0,2,36.51797511,-119.57531258,2
2012,2012-07-15,1421,7,2,14,7,N,A,N,A,H,A,A,07,N,03,C,,,,,C,Y,N,A,4,0,0,0,22350.0,3,37.00639396,-119.58530724,3
2012,2012-07-15,1341,7,2,13,7,N,A,N,A,H,A,D,22,N,08,E,,,,,I,Y,N,D,1,0,0,0,22107.0,1,37.00613407,-119.58504617,2
2012,2012-08-18,1125,8,2,11,6,N,A,Y,A,H,A,D,22,E,08,E,,,,,I,Y,N,D,1,0,0,0,22107.0,1,36.72345104,-118.99212934,4
2012,2012-08-22,728,8,2,7,3,N,A,Y,A,H,A,A,01,W,07,B,,,,,C,Y,F,D,4,0,0,0,21658.0,3,,,4
2012,2012-08-13,825,8,2,8,1,N,A,Y,A,H,A,A,01,S,07,B,,,,,C,Y,N,D,1,0,0,0,21658.0,2,36.7613742,-119.77574841,4
2012,2012-08-18,411,8,2,4,6,N,A,Y,A,H,C,D,22,E,08,E,,,,,I,Y,N,D,1,0,0,0,22107.0,1,36.74757176,-119.80258499,4
2012,2012-08-14,1749,8,2,17,2,Y,A,N,A,H,A,D,22,,12,D,,,,,C,Y,N,A,2,0,0,0,21453.0,2,36.54707505,-119.59099261,3
2012,2012-08-12,1905,8,2,19,7,Y,A,N,A,H,A,A,01,,01,D,,,,,C,Y,N,A,1,0,0,0,23152.0,2,36.60366513,-119.37668255,4
2012,2012-08-13,445,8,2,4,1,N,A,Y,A,H,C,D,22,W,09,D,,,,,C,Y,N,D,1,0,0,0,21804.0,2,36.73438173,-120.23780621,3
2012,2012-08-11,507,8,2,5,6,Y,A,Y,A,H,D,A,01,,08,D,,,,,C,Y,N,A,4,0,0,0,22107.0,2,36.70578505,-120.06056268,3
2012,2012-08-05,115,8,2,1,7,N,A,N,A,H,D,D,22,S,01,E,,,,,I,Y,N,D,1,0,0,0,23152.0,1,37.0663656,-119.49399837,3
2012,2012-08-11,2139,8,2,21,6,Y,A,N,A,H,D,D,22,,01,D,,,,,C,Y,F,A,2,0,0,0,23152.0,2,36.54694514,-119.57508259,4
2012,2012-08-15,1510,8,2,15,3,Y,A,N,A,H,A,D,22,,12,D,,,,,C,Y,N,D,2,0,0,0,21453.0,2,36.75045513,-119.7273426,4
2012,2012-08-16,1509,8,2,15,4,N,A,Y,A,H,A,D,22,N,03,C,,,,,C,N,N,D,2,0,0,0,22350.0,2,36.75940883,-119.8308969,4
2012,2012-08-17,1115,8,2,11,5,N,A,N,A,H,A,A,01,W,03,C,,,,,C,Y,N,D,2,0,0,0,22350.0,2,36.79385514,-119.61394827,3
2012,2012-08-09,1118,8,2,11,4,Y,A,Y,A,H,A,D,22,,09,D,,,,,C,Y,N,A,5,0,0,0,21801.0,2,36.43104504,-119.80121261,2
2012,2012-08-24,1654,8,2,16,5,Y,A,N,A,H,A,-,- ,,09,B,,,,,C,Y,N,D,3,0,0,0,21800.0,2,36.56080506,-119.6178925,3
2012,2012-09-10,540,9,3,5,1,N,A,N,A,H,B,-,- ,S,00,B,,,,,C,N,N,D,1,0,0,0,,2,36.5617215,-119.75500294,3
2012,2012-09-20,2353,9,3,23,4,N,A,N,A,H,D,D,22,W,08,E,,,,,I,Y,N,D,1,0,0,0,22107.0,1,36.72789243,-119.94686405,3
2012,2012-09-22,1055,9,3,10,6,N,A,Y,A,H,A,D,22,N,03,C,,,,,C,Y,N,A,2,0,0,0,22350.0,3,36.74614228,-119.77658567,4
2012,2012-09-18,1733,9,3,17,2,Y,A,N,A,H,A,D,22,,09,D,,,,,C,Y,N,A,1,0,0,0,21801.0,2,36.67796508,-119.73686257,4
2012,2012-09-08,1130,9,3,11,6,Y,A,N,A,H,A,D,22,,05,D,,,,,C,Y,N,D,1,0,0,0,21752.0,2,36.80764512,-119.97937266,4
2012,2012-09-07,1500,9,3,15,5,N,A,Y,A,H,A,D,22,E,08,E,,,,,I,Y,N,D,1,0,0,0,22107.0,2,36.09539079,-120.45721692,4
2012,2012-08-06,520,8,2,5,1,N,A,Y,A,C,D,D,22,S,03,A,,,,,C,Y,N,D,5,0,0,0,22350.0,3,36.31211184,-120.10341518,2
2012,2012-09-10,749,9,3,7,1,N,A,Y,A,H,A,A,07,W,03,C,,,,,C,N,N,D,1,0,0,0,22350.0,2,36.75481233,-119.7624573,4
2012,2012-08-31,750,8,2,7,5,N,A,Y,A,H,A,A,01,S,03,C,,,,,C,Y,N,D,1,0,0,0,22350.0,2,36.80795416,-119.78546264,4
2012,2012-08-25,2211,8,2,22,6,N,A,N,A,H,D,D,22,S,01,E,,,,,J,Y,N,D,1,0,0,0,23152.0,1,36.50210522,-119.82716569,3
2012,2012-09-04,1319,9,3,13,2,N,A,N,A,H,A,D,23,N,03,B,,,,,C,Y,N,D,1,0,0,0,22350.0,2,37.03815747,-119.51609329,4
2012,2012-08-30,543,8,2,5,4,Y,A,N,A,H,B,A,01,,12,D,,,,,C,Y,N,A,2,0,0,0,22450.0,2,36.77864507,-120.07821262,3
2012,2012-08-23,800,8,2,8,4,Y,A,N,A,H,A,D,22,,12,D,,,,,C,Y,N,A,4,0,0,0,22450.0,2,36.56163504,-119.7006926,3
2012,2012-08-24,2135,8,2,21,5,N,A,Y,A,H,D,D,22,N,01,E,,,,,I,Y,N,D,2,0,0,0,23152.0,1,36.6627944,-120.0610854,2
2012,2012-08-31,1835,8,2,18,5,Y,A,Y,A,H,A,D,22,,08,B,,,,,C,Y,N,A,1,0,0,0,22107.0,2,36.73571555,-119.61007935,3
2012,2012-09-07,1705,9,3,17,5,Y,A,N,A,H,A,A,01,,03,C,,,,,C,Y,N,D,1,0,0,0,22350.0,2,36.69932505,-119.61026256,4
2012,2012-08-26,1745,8,2,17,7,N,A,Y,A,H,A,D,22,S,07,E,,,,,I,Y,F,D,1,0,0,0,21658.0,2,36.80493951,-119.78517192,4
2012,2012-08-24,720,8,2,7,5,N,A,N,A,H,A,D,22,N,05,E,,,,,I,Y,N,D,1,0,0,0,21650.0,2,36.62645623,-119.4128976,4
2012,2012-08-12,1504,8,2,15,7,Y,B,Y,A,H,A,D,22,,09,D,,,,,C,Y,N,A,3,0,0,0,21802.0,2,36.79323123,-120.06039307,4
2012,2012-08-24,1800,8,2,18,5,N,A,N,A,H,A,A,01,W,03,C,,,,,C,N,N,D,1,0,0,0,22350.0,2,36.60458875,-119.48645473,4
2012,2012-08-31,1750,8,2,17,5,N,A,Y,A,H,A,D,22,W,03,C,,,,,C,Y,N,D,1,0,0,0,22350.0,2,36.74663231,-119.80433305,4
2012,2012-08-24,750,8,2,7,5,N,A,N,A,H,A,-,- ,W,18,H,,,,,A,N,N,D,1,0,0,0,,1,36.82270537,-119.83996963,4
2012,2012-08-13,1310,8,2,13,1,N,A,N,A,H,A,A,01,W,09,D,,,,,C,Y,N,D,2,0,0,0,21804.0,2,36.51792533,-119.59324064,4
2012,2012-09-23,730,9,3,7,7,N,A,Y,A,H,A,A,01,N,08,E,,,,,I,Y,N,D,1,0,0,0,22107.0,1,36.27853102,-120.25944999,3
2012,2012-09-10,1748,9,3,17,1,N,A,N,A,H,A,-,- ,E,03,C,,,,,C,Y,N,A,1,0,0,0,22350.0,2,36.60417513,-119.44866257,4
2012,2012-08-08,1232,8,2,12,3,N,A,N,A,H,A,A,07,N,03,C,,,,,C,N,N,D,1,0,0,0,22350.0,2,36.70185412,-119.57435265,4
2012,2012-09-01,940,9,3,9,6,N,A,N,A,H,A,A,01,E,03,C,,,,,C,Y,N,D,1,0,0,0,22350.0,2,36.89059499,-120.70974473,4
2012,2012-09-01,1136,9,3,11,6,N,A,Y,A,H,A,A,07,N,03,C,,,,,C,Y,N,D,1,0,0,0,22350.0,2,36.65260615,-120.63263222,4
2012,2012-09-23,2025,9,3,20,7,N,A,Y,A,H,D,A,01,S,01,C,,,,Y,C,Y,N,D,1,0,0,0,23152.0,2,36.76283275,-120.06009891,4
2012,2012-09-29,1650,9,3,16,6,Y,A,N,A,H,A,D,22,,09,D,,,,,C,Y,N,A,9,0,0,0,21802.0,2,36.59058504,-119.81784258,3
2012,2012-09-28,615,9,3,6,5,N,A,N,A,H,D,M,46,S,09,D,,,,,C,N,N,D,1,0,0,0,21804.0,2,36.75723209,-119.94327128,4
2012,2012-10-06,1029,10,3,10,6,N,A,Y,A,H,A,D,22,N,03,C,,,,,C,Y,N,D,2,0,0,0,22350.0,2,36.63720151,-119.69625203,4
2012,2012-10-06,1225,10,3,12,6,Y,A,N,A,H,A,D,22,,03,C,,,,,C,Y,N,D,2,0,0,0,22350.0,2,36.60542506,-119.70033258,4
2012,2012-10-04,1350,10,3,13,4,N,A,N,A,H,A,D,22,E,08,E,,,,,I,Y,N,D,1,0,0,0,22107.0,1,36.66186846,-119.39992577,4
2012,2012-09-27,1415,9,3,14,4,N,A,N,A,H,A,E,22,E,09,A,,,Y,,C,Y,N,D,1,0,0,1,21801.0,2,36.43081933,-119.86887454,2
2012,2012-08-12,2023,8,2,20,7,N,A,N,D,B,D,-,- ,W,18,A,,,,,C,Y,N,D,3,0,0,0,,2,36.77231088,-119.75024381,3
2012,2012-09-14,2110,9,3,21,5,N,A,N,A,H,D,D,22,E,01,C,,,,,C,Y,N,D,1,0,0,0,23152.0,2,36.77905506,-119.8782752,4
2012,2012-09-14,750,9,3,7,5,Y,A,N,A,H,A,A,01,,03,D,,,,,C,Y,N,A,1,0,0,0,22350.0,2,36.64282508,-120.25132266,2
2012,2012-09-24,5,9,3,0,1,N,A,Y,A,H,D,A,01,N,03,C,,,,Y,C,Y,N,D,1,0,0,0,22350.0,2,36.69866423,-120.66842216,3
2012,2012-07-14,2010,7,2,20,6,N,A,N,A,H,B,E,22,S,01,F,,,,,A,Y,N,D,2,0,0,0,23152.0,1,36.76170066,-119.51086893,3
2012,2012-07-28,2106,7,2,21,6,N,A,N,A,H,C,-,- ,W,01,E,,,,,I,Y,N,D,1,0,0,0,23152.0,1,36.62949243,-119.68038613,4
2012,2012-07-28,2228,7,2,22,6,Y,A,N,A,H,C,A,01,,01,D,,,,,E,Y,N,D,1,0,0,0,23152.0,2,36.424143,-119.855529,3
2012,2012-07-10,1820,7,2,18,2,N,A,Y,-,A,A,A,01,E,08,E,,,,,I,Y,N,D,1,0,0,0,22107.0,1,36.89404511,-119.52826261,4
2012,2012-08-28,2050,8,2,20,2,N,A,Y,A,H,D,A,07,E,08,F,,,,,A,Y,N,D,6,0,0,0,22107.0,1,36.25018889,-120.27556209,3
2012,2012-08-08,1800,8,2,18,3,N,A,Y,A,H,A,-,- ,W,18,H,,,,,H,N,N,D,1,0,0,0,,1,36.12163062,-120.37450498,3
2012,2012-08-02,725,8,2,7,4,N,A,Y,A,H,A,A,01,W,08,E,,,,,I,Y,N,D,1,0,0,0,22107.0,1,36.25520686,-120.14280406,3
2012,2012-08-04,1640,8,2,16,6,Y,A,N,A,H,A,-,- ,,12,C,,,,,C,Y,N,A,1,0,0,0,21453.0,2,36.51791508,-119.56359254,4
2012,2012-08-15,1228,8,2,12,3,-,A,N,A,H,A,A,01,N,09,A,,,,,C,N,N,D,1,0,0,0,21804.0,2,,,4
2012,2012-08-22,747,8,2,7,3,N,A,N,A,H,A,D,22,N,09,B,,,,,C,N,N,D,1,0,0,0,21802.0,2,36.5934817,-119.45762262,4
2012,2012-08-26,525,8,2,5,7,N,A,Y,A,H,D,A,07,E,01,F,,,,,A,Y,N,D,1,0,0,0,23152.0,1,36.71526544,-119.34695819,3
2012,2012-08-26,838,8,2,8,7,Y,A,N,A,H,A,A,07,,08,E,,,,,I,Y,N,D,1,0,0,0,22107.0,1,36.80300507,-120.01654264,4
2012,2012-08-22,1845,8,2,18,3,N,A,N,A,H,A,A,01,N,08,E,,,,,I,Y,N,D,1,0,0,0,22107.0,1,36.62032418,-119.61062265,3
2012,2012-08-28,1740,8,2,17,2,N,A,Y,A,H,A,A,01,E,01,C,,,,,C,Y,N,A,1,0,0,0,23152.0,2,36.75461339,-119.77241543,3
2012,2012-08-30,2255,8,2,22,4,Y,B,N,A,H,D,A,01,,01,D,,,,,C,Y,N,A,2,0,0,0,23152.0,2,36.59823509,-119.73691254,3
2012,2012-08-29,1455,8,2,14,3,N,A,N,A,H,A,-,- ,S,10,G,Y,,,,B,Y,F,A,1,1,0,0,21950.0,2,,,3
2012,2012-08-05,18,8,2,0,7,N,A,N,A,H,C,-,- ,E,01,E,,,,,I,Y,N,D,1,0,0,0,23152.0,1,36.56216565,-119.61834704,4
2012,2012-08-10,1643,8,2,16,5,Y,A,N,A,H,A,-,- ,,09,C,,,,,C,Y,N,D,2,0,0,0,21800.0,2,36.58055505,-119.60280253,4
2012,2012-08-20,1300,8,2,13,1,N,A,N,A,H,A,A,01,N,08,E,,,,,J,Y,N,D,1,0,0,0,22107.0,1,36.65260154,-119.45756972,4
2012,2012-08-17,1255,8,2,12,5,N,A,Y,A,H,A,A,01,E,08,E,,,,,I,N,N,D,1,0,0,0,22107.0,1,36.74757176,-119.80258499,4
2012,2012-08-18,1936,8,2,19,6,N,A,Y,A,H,A,A,01,E,08,F,,,,,A,Y,N,D,3,0,0,0,22107.0,1,36.73464636,-120.15939273,3
2012,2012-08-18,6,8,2,0,6,N,A,Y,A,H,C,A,01,N,03,C,,,,,C,Y,F,D,1,0,0,0,22350.0,2,36.74257799,-119.81820801,3
2012,2012-08-22,1740,8,2,17,3,N,A,N,A,H,A,A,07,W,08,C,,,,,C,N,N,A,2,0,0,0,22108.0,2,36.66956597,-119.45757483,4
2012,2012-08-19,1935,8,2,19,7,N,A,N,A,H,B,A,01,N,01,E,,,,,I,Y,N,D,3,0,0,0,23152.0,1,36.74297175,-119.45232595,2
2012,2012-08-22,2053,8,2,20,3,Y,A,N,A,H,D,A,07,,12,D,,,,,C,Y,N,A,3,0,0,0,22450.0,2,36.66349508,-119.66391259,4
2012,2012-08-17,745,8,2,7,5,N,A,Y,A,H,A,A,01,N,03,C,,,,,C,N,F,D,1,0,0,0,22350.0,2,36.74614228,-119.77658567,4
2012,2012-08-22,1400,8,2,14,3,Y,A,N,A,H,A,A,01,,- ,D,,,,,C,Y,N,A,1,0,0,0,,2,36.77887505,-119.91634268,4
2012,2012-08-16,1750,8,2,17,4,N,A,N,A,H,A,A,01,E,03,C,,,,,C,Y,N,D,1,0,0,0,22350.0,2,36.82285504,-119.80384149,3
2012,2012-08-14,1606,8,2,16,2,N,A,Y,A,H,A,A,01,S,07,C,,,,,C,N,N,D,1,0,0,0,21658.0,2,36.76094731,-119.77537896,3
2012,2012-08-16,950,8,2,9,4,N,A,Y,A,H,A,A,01,E,- ,B,,,,,C,Y,N,D,1,0,0,0,,2,36.73779371,-119.85386774,4
2012,2012-08-16,2100,8,2,21,4,N,A,Y,A,H,B,A,01,N,03,C,,,,,C,N,M,A,1,0,0,0,22350.0,2,36.73698507,-119.80596264,4
2012,2012-08-04,1207,8,2,12,6,N,A,N,A,H,A,-,99,W,03,C,,,,,C,N,F,D,1,0,0,0,22350.0,2,36.79316505,-119.69959332,4
2012,2012-08-13,1740,8,2,17,1,N,A,Y,A,H,A,A,01,N,03,C,,,,,C,Y,N,D,2,0,0,0,22350.0,2,36.74417841,-119.81989809,3
2012,2012-08-13,826,8,2,8,1,N,A,Y,A,H,A,A,01,S,03,C,,,,,C,Y,N,D,1,0,0,0,22350.0,2,36.7613742,-119.77574841,4
2012,2012-08-13,1104,8,2,11,1,N,A,N,A,H,A,-,- ,E,18,F,,,,,A,Y,N,D,1,0,0,0,,1,36.67127594,-119.53654647,4
2012,2012-08-10,1800,8,2,18,5,N,A,N,A,H,A,A,01,S,01,E,,,,,I,Y,N,D,1,0,0,0,23152.0,1,36.79971023,-119.91648157,3
2012,2012-08-09,1155,8,2,11,4,Y,A,N,A,H,A,A,01,,08,G,Y,,,,B,Y,N,D,1,1,0,0,22107.0,3,36.73326509,-119.68209264,2