ACCIDENT_YEAR,COLLISION_DATE,COLLISION_TIME,MONTH,SEASON,24HOURS,DAY_OF_WEEK,INTERSECTION,WEATHER_1,STATE_HWY_IND,ROAD_SURFACE,ROAD_COND_1,LIGHTING,STWD_VEHTYPE_AT_FAULT,CHP_VEHTYPE_AT_FAULT,DIRECTION,PCF_VIOL_CATEGORY,TYPE_OF_COLLISION,PEDESTRIAN_ACCIDENT,BICYCLE_ACCIDENT,MOTORCYCLE_ACCIDENT,TRUCK_ACCIDENT,MVIW,TOW_AWAY,HIT_AND_RUN,CONTROL_DEVICE,NUMBER_INJURED,COUNT_PED_INJURED,COUNT_BICYCLIST_INJURED,COUNT_MC_INJURED,PCF_VIOLATION,PARTY_COUNT,POINT_Y,POINT_X,COLLISION_SEVERITY
2012,2012-11-03,1535,11,3,15,6,N,A,N,A,H,A,D,22,S,08,E,,,,,I,Y,N,D,1,0,0,0,22107.0,1,36.57631896,-119.70956266,3
2012,2012-10-18,2145,10,3,21,4,N,A,N,A,H,D,D,22,N,01,F,,,,,A,Y,F,D,3,0,0,0,23152.0,1,36.9985836,-119.40528115,3
2012,2012-10-22,1735,10,3,17,1,N,B,Y,B,H,A,A,07,N,03,C,,,,,C,Y,N,D,1,0,0,0,22350.0,2,36.75585161,-119.77567931,4
2012,2012-10-22,1612,10,3,16,1,N,A,Y,A,H,A,D,22,S,03,C,,,,,C,Y,N,A,2,0,0,0,22350.0,3,36.54682283,-119.62877692,4
2012,2012-10-22,1527,10,3,15,1,N,B,N,B,H,A,D,22,N,08,D,,,,,C,Y,N,D,3,0,0,0,22107.0,2,37.03904858,-119.46467385,2
2012,2012-10-16,625,10,3,6,2,Y,A,N,A,H,B,A,08,,12,B,,,,,C,Y,N,A,4,0,0,0,22450.0,2,36.88103512,-119.71117263,3
2012,2012-10-20,610,10,3,6,6,Y,A,Y,A,H,B,A,07,,01,D,,,,,C,Y,F,A,2,0,0,0,23152.0,2,36.73718047,-119.64778151,3
2012,2012-10-17,645,10,3,6,3,N,A,Y,A,H,A,D,22,W,03,C,,,,,C,Y,N,D,1,0,0,0,22350.0,3,36.75511403,-119.76587061,4
2012,2012-10-22,750,10,3,7,1,N,B,Y,B,H,A,A,01,W,03,C,,,,,C,Y,N,D,1,0,0,0,22350.0,2,,,4
2012,2012-10-18,1425,10,3,14,4,N,A,N,A,H,A,F,26,E,03,C,,,,Y,C,Y,N,D,1,0,0,0,22350.0,4,36.79391457,-119.80753647,4
2012,2012-10-03,710,10,3,7,3,Y,A,N,A,H,A,A,01,,09,D,,,,,C,Y,N,A,3,0,0,0,21802.0,2,36.86650514,-119.55718253,3
2012,2012-10-16,725,10,3,7,2,Y,A,N,A,H,A,D,22,,09,D,,,,,C,Y,N,A,2,0,0,0,21802.0,2,36.71483511,-119.68210264,3
2012,2012-09-17,1355,9,3,13,1,N,A,Y,A,H,A,A,07,W,08,E,,,,,I,Y,N,D,1,0,0,0,22107.0,1,36.9636573,-119.51539955,4
2012,2012-09-09,1118,9,3,11,7,N,A,Y,A,H,A,A,01,E,08,F,,,,,A,Y,N,D,1,0,0,0,22107.0,1,36.7343676,-120.28114882,2
2012,2012-09-09,1700,9,3,17,7,N,A,Y,A,H,A,-,- ,N,18,E,,,,,I,Y,N,D,1,0,0,0,,1,,,4
2012,2012-09-17,104,9,3,1,1,N,A,Y,A,D,D,A,01,E,01,F,,,,,A,Y,M,D,1,0,0,0,23152.0,1,36.73433,-120.30484182,4
2012,2012-09-22,919,9,3,9,6,N,A,N,A,H,A,A,01,W,21,C,,,,,C,N,N,A,1,0,0,0,22106.0,2,36.79401323,-119.79976333,4
2012,2012-09-20,1640,9,3,16,4,N,A,Y,A,H,A,A,01,S,03,C,,,,,C,N,N,D,1,0,0,0,22350.0,2,36.7940148,-119.78478029,4
2012,2012-09-24,1715,9,3,17,1,N,A,Y,A,H,A,C,02,E,03,C,,,Y,,C,Y,N,D,1,0,0,1,22350.0,2,,,3
2012,2012-09-22,1000,9,3,10,6,N,A,N,A,H,A,-,- ,N,18,F,,Y,,,A,N,N,D,1,0,1,0,,1,36.68695779,-119.68194608,2
2012,2012-09-22,1337,9,3,13,6,N,A,Y,A,H,A,A,01,S,03,C,,,,,C,Y,N,A,3,0,0,0,22350.0,2,36.63418002,-119.78586262,4
2012,2012-09-17,1414,9,3,14,1,N,A,Y,A,H,A,A,01,E,08,E,,,,,I,Y,N,D,1,0,0,0,22107.0,1,37.03794676,-119.50396496,3
2012,2012-09-15,1530,9,3,15,6,N,A,Y,A,H,A,A,01,N,03,C,,,,,C,N,N,D,1,0,0,0,22350.0,2,36.66338006,-119.78612263,4
2012,2012-09-16,710,9,3,7,7,N,A,Y,A,H,A,A,01,N,08,F,,,,,A,Y,N,D,1,0,0,0,22107.0,1,36.79845952,-119.78525206,3
2012,2012-09-03,1440,9,3,14,1,N,A,N,A,H,A,C,02,W,03,F,,,Y,,A,Y,N,D,1,0,0,1,22350.0,1,36.2183666,-120.47272503,2
2012,2012-09-10,1347,9,3,13,1,N,A,N,A,H,A,A,01,E,03,C,,,,,C,N,N,D,1,0,0,0,22350.0,2,36.80487463,-119.70026603,4
2012,2012-09-06,1540,9,3,15,4,N,A,N,A,H,A,A,01,W,03,D,,,,,C,N,N,A,1,0,0,0,22350.0,2,36.83739815,-119.66520055,4
2012,2012-09-04,1720,9,3,17,2,Y,A,N,A,H,A,-,- ,,09,D,,,,,C,Y,N,A,1,0,0,0,21801.0,2,36.60390505,-119.3948926,4
2012,2012-09-03,2106,9,3,21,1,N,A,Y,A,H,D,A,01,W,07,C,,,,,C,Y,F,D,2,0,0,0,21658.0,2,36.75481019,-119.76377041,4
2012,2012-09-01,2350,9,3,23,6,N,A,Y,A,H,D,A,01,E,01,E,,,,,I,Y,N,D,1,0,0,0,23152.0,1,36.96327512,-119.51395261,2
2012,2012-09-02,1540,9,3,15,7,N,A,N,A,H,A,A,07,N,08,F,,,,,A,Y,N,D,2,0,0,0,22107.0,1,36.92791841,-119.70636509,3
2012,2012-09-26,1518,9,3,15,3,N,A,Y,A,H,A,A,01,S,03,C,,,,,C,Y,N,A,2,0,0,0,22350.0,2,36.79237831,-119.78485642,4
2012,2012-09-17,2225,9,3,22,1,N,A,N,A,H,D,A,01,N,08,E,,,,,I,Y,N,D,2,0,0,0,22107.0,1,37.02086487,-119.43520904,2
2012,2012-09-30,1135,9,3,11,7,N,A,N,A,H,A,C,02,S,08,F,,,Y,,A,Y,N,D,1,0,0,1,22107.0,1,37.04794488,-119.47241309,2
2012,2012-09-21,1315,9,3,13,5,N,A,N,A,A,A,C,02,S,08,F,,,Y,,A,Y,N,D,1,0,0,1,22107.0,1,36.73018563,-120.36074019,3
2012,2012-09-28,1038,9,3,10,5,N,A,Y,A,H,A,A,01,E,03,C,,,,,C,N,N,D,4,0,0,0,22350.0,2,36.73545937,-119.87002297,4
2012,2012-09-26,1155,9,3,11,3,N,A,Y,A,H,A,A,01,E,08,B,,,,,C,Y,N,D,1,0,0,0,22107.0,2,36.75485736,-119.76889017,4
2012,2012-09-28,810,9,3,8,5,Y,A,N,A,H,A,A,07,,09,D,,,,,C,N,N,A,1,0,0,0,21800.0,2,36.72055507,-119.96994264,4
2012,2012-09-22,1155,9,3,11,6,N,A,N,A,H,A,A,01,N,21,C,,,,,C,Y,N,A,1,0,0,0,22106.0,2,36.81558367,-119.81743261,4
2012,2012-09-27,750,9,3,7,4,N,A,Y,A,H,A,A,01,N,04,C,,,,,C,N,N,D,1,0,0,0,21703.0,2,36.80984435,-119.78546264,4
2012,2012-09-30,1810,9,3,18,7,Y,A,N,A,H,A,A,01,,12,D,,,,,C,Y,N,A,4,0,0,0,22450.0,2,36.63412506,-119.55655252,3
2012,2012-09-27,1115,9,3,11,4,N,A,Y,A,H,A,A,01,N,08,E,,,,,I,N,N,D,1,0,0,0,22107.0,1,36.7361718,-119.55630712,4
2012,2012-09-20,400,9,3,4,4,N,A,N,A,H,D,A,01,E,08,E,,,,,I,Y,N,D,1,0,0,0,22107.0,1,36.42728085,-119.85177934,4
2012,2012-09-29,1810,9,3,18,6,N,A,Y,A,H,A,A,01,N,08,E,,,,,I,Y,N,D,1,0,0,0,22107.0,1,36.83920146,-119.78482787,4
2012,2012-09-22,1616,9,3,16,6,N,A,Y,A,H,A,A,01,N,08,E,,,,,I,N,N,D,1,0,0,0,22107.0,1,,,4
2012,2012-09-29,520,9,3,5,6,N,A,Y,A,H,A,A,01,N,01,E,,,,,I,Y,N,D,1,0,0,0,23152.0,1,36.5664265,-119.61853849,4
2012,2012-09-28,1720,9,3,17,5,N,A,Y,A,H,A,A,01,N,04,C,,,,,C,N,N,D,3,0,0,0,21703.0,2,36.75803666,-119.77556141,4
2012,2012-04-23,736,4,1,7,1,N,A,N,A,H,A,-,- ,E,03,C,,,,,C,Y,N,A,5,0,0,0,22350.0,3,36.83750583,-119.69092,4
2012,2012-09-30,1035,9,3,10,7,N,A,Y,A,H,A,C,02,N,08,F,,,Y,,A,Y,N,D,1,0,0,1,22107.0,1,36.46997988,-120.42576018,3
2012,2012-09-14,112,9,3,1,5,N,A,N,A,H,D,A,01,W,08,E,,,,,I,Y,N,D,2,0,0,0,22107.0,1,36.75731456,-119.85334434,4
2012,2012-09-22,1630,9,3,16,6,Y,A,N,A,H,A,C,02,,08,F,,,Y,,A,N,N,D,1,0,0,1,22107.0,1,36.83675506,-119.92413263,2
2012,2012-09-05,2100,9,3,21,3,N,A,Y,A,H,C,C,02,S,01,F,,,Y,,A,Y,N,D,1,0,0,1,23152.0,2,36.73592525,-119.55630487,2
2012,2012-09-21,1345,9,3,13,5,N,A,Y,A,H,A,C,02,W,08,F,,,Y,,A,Y,N,D,2,0,0,2,22107.0,1,37.01722354,-119.52628952,3
2012,2012-09-22,1500,9,3,15,6,N,A,Y,A,H,A,C,02,S,08,F,,,Y,,A,Y,N,D,1,0,0,1,22107.0,1,36.60688507,-119.6628926,3
2012,2012-09-23,2215,9,3,22,7,N,A,N,A,H,D,A,01,S,08,E,,,,,I,Y,N,D,1,0,0,0,22107.0,1,36.95646872,-119.50164472,2
2012,2012-09-29,1730,9,3,17,6,N,A,N,A,H,A,A,01,E,08,E,,,,,I,Y,N,A,1,0,0,0,22107.0,1,36.73208025,-119.1934609,4
2012,2012-09-29,1400,9,3,14,6,N,A,N,A,H,A,A,01,S,08,E,,,,,I,Y,N,D,1,0,0,0,22107.0,1,36.65254846,-119.32242393,4
2012,2012-09-23,1440,9,3,14,7,N,A,Y,A,H,A,A,01,E,03,C,,,,,C,N,N,D,1,0,0,0,22350.0,2,36.73473001,-120.09627514,3
2012,2012-09-16,505,9,3,5,7,N,A,N,A,H,C,A,01,S,01,B,,,,,C,Y,N,D,1,0,0,0,23152.0,2,36.55871193,-119.55655393,4
2012,2012-09-24,1535,9,3,15,1,N,A,Y,A,H,A,A,08,E,08,E,,,,,I,N,N,D,1,0,0,0,22107.0,1,36.50355204,-119.62907325,3
2012,2012-09-05,1730,9,3,17,3,Y,A,N,A,H,A,A,01,,09,A,,,,,C,Y,N,A,2,0,0,0,21801.0,2,36.80120506,-119.71818267,4
2012,2012-09-18,1529,9,3,15,2,N,A,N,A,H,A,A,07,W,21,C,,,,,C,N,N,A,1,0,0,0,22106.0,2,36.81570308,-119.71394209,4
2012,2012-09-08,1451,9,3,14,6,N,A,N,A,G,A,C,02,W,03,C,,,Y,,C,Y,N,A,1,0,0,1,22350.0,2,36.83752443,-119.72653806,3
2012,2012-09-16,250,9,3,2,7,N,A,N,A,H,D,A,01,N,01,E,,,,,I,Y,N,D,1,0,0,0,23152.0,1,36.18140434,-120.08522534,3
2012,2012-09-14,803,9,3,8,5,Y,A,N,A,H,A,L,04,,05,H,,Y,,,G,N,N,A,1,0,1,0,21202.0,2,36.6274851,-119.68321263,2
2012,2012-09-17,1803,9,3,18,1,Y,A,N,A,H,A,-,- ,,00,C,,,,,C,N,N,A,2,0,0,0,,2,36.60544857,-119.65713501,4
2012,2012-09-29,910,9,3,9,6,N,A,Y,A,H,A,A,01,S,08,F,,,,,A,Y,N,D,2,0,0,0,22107.0,1,36.59464013,-120.572224,4
2012,2012-11-06,910,11,3,9,2,N,A,N,A,H,A,D,22,N,03,C,,,,Y,C,Y,N,D,1,0,0,0,22350.0,2,36.68339526,-119.74022052,4
2012,2012-11-09,745,11,3,7,5,N,B,Y,A,H,A,A,01,N,03,C,,,,,C,Y,N,D,2,0,0,0,22350.0,5,36.78137728,-119.78455074,4
2012,2012-11-08,1315,11,3,13,4,N,A,N,A,H,A,D,22,W,08,F,,,,,A,Y,N,D,1,0,0,0,22107.0,1,36.65394318,-120.25247117,4
2012,2012-11-05,1550,11,3,15,1,N,A,N,A,H,A,F,21,S,08,F,,,,Y,A,Y,N,D,1,0,0,0,22107.0,1,37.08299205,-119.44285333,3
2012,2012-11-09,1215,11,3,12,5,N,B,N,A,H,A,A,01,W,03,C,,,,,C,N,N,D,1,0,0,0,22350.0,2,36.74994275,-119.863447,4
2012,2012-11-05,1735,11,3,17,1,Y,A,N,A,H,D,D,22,,09,D,,,,,C,Y,N,A,5,0,0,0,21802.0,2,36.69284504,-119.66393254,4
2012,2012-10-17,750,10,3,7,3,N,A,Y,A,H,A,D,23,W,07,D,,,,,C,N,N,D,1,0,0,0,21658.0,2,,,3
2012,2012-11-09,1040,11,3,10,5,N,B,Y,B,H,A,D,22,N,03,E,,,,,I,Y,N,D,2,0,0,0,22350.0,1,36.7539594,-119.77575789,4
2012,2012-11-10,1702,11,3,17,6,Y,A,N,A,H,B,D,22,,09,D,,,,,C,Y,N,A,2,0,0,0,21802.0,2,36.63421509,-119.57470257,4
2012,2012-11-15,1306,11,3,13,4,Y,B,N,A,H,A,D,22,,12,D,,,,,C,Y,N,A,2,0,0,0,22450.0,2,36.6198851,-119.78190257,3
2012,2012-11-09,1154,11,3,11,5,N,B,Y,B,H,A,D,22,S,03,C,,,,,C,Y,N,D,9,0,0,0,22350.0,3,36.53763958,-119.58501464,4
2012,2012-11-14,1449,11,3,14,3,Y,A,N,A,H,A,D,22,,09,D,,,,,C,Y,N,A,1,0,0,0,21802.0,2,36.73586516,-119.70245266,4
2012,2012-04-30,50,4,1,0,1,N,A,N,A,H,C,A,07,N,01,E,,,,,I,Y,N,D,1,0,0,0,23152.0,1,36.75090387,-119.8137945,3
2012,2012-04-15,2132,4,1,21,7,N,A,N,A,H,C,A,01,E,01,E,,,,,I,Y,N,D,1,0,0,0,23152.0,1,36.79370507,-119.82645261,3
2012,2012-04-08,1220,4,1,12,7,Y,A,N,A,H,A,A,01,,09,D,,,,,C,N,N,A,1,0,0,0,21801.0,2,36.77682506,-119.74538263,3
2012,2012-04-08,957,4,1,9,7,Y,A,N,A,H,A,A,01,,09,D,,,,,C,Y,N,A,2,0,0,0,21802.0,2,36.7403451,-119.79359265,4
2012,2012-04-08,950,4,1,9,7,N,A,N,A,H,A,A,01,,03,C,,,,,C,Y,N,A,1,0,0,0,22350.0,2,36.80828515,-119.83269262,4
2012,2012-04-16,1014,4,1,10,1,Y,-,N,-,-,-,-,- ,,- ,-,,,,,-,N,N,-,1,0,0,0,,3,36.79015513,-119.82648265,4
2012,2012-04-13,1756,4,1,17,5,Y,B,N,B,H,A,-,- ,,22,C,Y,,,,C,N,N,A,1,0,0,0,,3,36.77226515,-119.79068267,4
2012,2012-04-08,2149,4,1,21,7,Y,A,Y,A,H,C,A,01,,01,D,,,,,C,N,N,A,3,0,0,0,23153.0,2,36.75349225,-119.71907836,3
2012,2012-04-09,1135,4,1,11,1,N,A,N,A,H,A,L,04,W,09,H,,Y,,,G,N,N,D,1,0,1,0,21804.0,2,36.79374828,-119.84547193,4
2012,2012-04-07,1725,4,1,17,6,N,A,N,A,H,A,A,01,E,03,G,Y,,,,B,N,M,D,1,1,0,0,22350.0,2,36.84375812,-119.80968654,3
2012,2012-04-09,1619,4,1,16,1,N,-,N,-,-,-,-,- ,W,- ,G,Y,,,,B,N,F,-,1,1,0,0,,2,36.77224504,-119.79459753,4
2012,2012-04-08,1940,4,1,19,7,N,-,N,-,-,-,-,- ,S,- ,-,,,,,-,N,N,-,1,0,0,0,,1,36.7620633,-119.80694456,4
2012,2012-04-25,1126,4,1,11,3,N,B,N,A,H,A,-,- ,W,09,C,,,,,C,N,N,D,1,0,0,0,21802.0,2,36.7754993,-119.84804044,4
2012,2012-04-22,1025,4,1,10,7,Y,A,N,A,H,A,A,01,,07,C,,,,,C,Y,N,A,2,0,0,0,21658.0,4,36.74315508,-119.74660254,2
2012,2012-04-18,1615,4,1,16,3,N,A,N,A,H,A,A,01,E,08,D,,,,,C,Y,N,D,1,0,0,0,22107.0,2,36.74329783,-119.77903714,4
2012,2012-11-25,1000,11,3,10,7,N,A,Y,A,H,A,D,22,N,03,C,,,,,C,Y,N,D,3,0,0,0,22350.0,4,36.29513872,-120.26947022,2
2012,2012-04-22,2016,4,1,20,7,N,A,N,A,H,C,N,60,E,11,G,Y,,,,B,N,N,A,1,1,0,0,21954.0,3,36.80862505,-119.74005537,4
2012,2012-04-25,1322,4,1,13,3,Y,B,N,A,H,A,-,- ,,09,H,,Y,,,G,N,N,B,1,0,1,0,21802.0,2,,,4
2012,2012-04-25,1752,4,1,17,3,Y,A,N,A,H,A,A,01,,09,C,,,,,C,N,N,A,1,0,0,0,21803.0,2,36.75768508,-119.79060263,4
2012,2012-04-17,1505,4,1,15,2,Y,A,N,A,H,A,-,- ,,09,D,,,,,C,Y,N,A,1,0,0,0,21801.0,2,36.808317,-119.874591,4
2012,2012-04-20,848,4,1,8,5,Y,A,N,A,H,A,A,01,,08,D,,,,,C,N,N,A,1,0,0,0,22107.0,2,36.77311512,-119.79962264,4
2012,2012-04-20,1529,4,1,15,5,N,A,N,A,H,A,-,- ,W,03,C,,,,,C,N,N,A,1,0,0,0,22350.0,3,36.78654504,-119.82439921,4
2012,2012-04-15,920,4,1,9,7,N,A,N,A,H,A,A,01,S,03,C,,,,,C,N,M,D,1,0,0,0,22350.0,3,36.76136452,-119.7273447,4
2012,2012-04-23,1534,4,1,15,1,Y,B,Y,A,H,A,A,01,,09,D,,,,,C,Y,N,A,2,0,0,0,21802.0,2,36.72822507,-119.79633264,4
2012,2012-04-26,2309,4,1,23,4,Y,A,N,A,H,C,-,- ,,08,C,,,,,C,Y,N,A,2,0,0,0,22107.0,2,36.8574551,-119.78520266,4
2012,2012-04-30,1722,4,1,17,1,Y,A,N,A,H,A,L,04,,05,H,,Y,,,G,N,N,D,1,0,1,0,21202.0,2,36.77101507,-119.76494261,4
2012,2012-04-30,1649,4,1,16,1,N,A,N,A,H,A,L,04,S,05,H,,Y,,,G,N,N,D,1,0,1,0,21650.0,2,36.87113747,-119.76323178,4
2012,2012-04-30,1441,4,1,14,1,N,A,N,A,H,A,A,01,E,09,D,,,,,C,N,N,A,1,0,0,0,21804.0,2,36.81588607,-119.75745201,4
2012,2012-04-17,1720,4,1,17,2,Y,A,N,A,H,A,A,01,,09,D,,,,,C,N,N,A,3,0,0,0,21801.0,2,36.77204513,-119.81768266,4
2012,2012-04-30,911,4,1,9,1,N,A,N,A,H,A,A,01,W,03,C,,,,,C,N,N,D,1,0,0,0,22350.0,2,36.83014505,-119.78303033,4
2012,2012-04-29,1816,4,1,18,7,N,A,N,A,H,A,A,01,E,04,C,,,,,C,N,N,A,1,0,0,0,21703.0,2,36.77973504,-119.79053056,4
2012,2012-04-29,1620,4,1,16,7,N,A,N,A,H,A,-,- ,S,04,C,,,,,C,N,N,D,2,0,0,0,21703.0,3,36.83845801,-119.8084301,4
2012,2012-04-28,1205,4,1,12,6,Y,A,N,A,H,A,C,02,,12,B,,,Y,,C,Y,N,D,1,0,0,1,22450.0,2,36.73700513,-119.76277262,3
2012,2012-04-27,1502,4,1,15,5,N,A,N,A,H,A,A,01,E,07,C,,,,,E,Y,N,D,1,0,0,0,21658.0,2,36.77936902,-119.81496277,4
2012,2012-04-26,2335,4,1,23,4,Y,A,N,A,H,C,A,01,,01,E,,,,,I,Y,N,A,1,0,0,0,23152.0,1,36.83709513,-119.8792027,2
2012,2012-10-27,704,10,3,7,6,N,A,N,A,H,A,D,22,E,08,A,,,,,C,Y,N,D,2,0,0,0,22107.0,2,36.70667328,-119.61895417,2
2012,2012-10-29,1600,10,3,16,1,Y,A,N,A,H,A,D,22,,09,D,,,,,C,Y,N,D,1,0,0,0,21801.0,3,36.72100511,-119.86240268,4
2012,2012-11-03,817,11,3,8,6,N,A,N,A,H,A,D,22,,12,D,,,,,C,Y,N,A,5,0,0,0,21453.0,2,36.54688511,-119.54800252,2
2012,2012-11-01,1800,11,3,18,4,N,A,Y,A,H,D,G,25,W,07,E,,,,Y,I,Y,F,D,2,0,0,0,21658.0,3,36.72215507,-119.78551263,4
2012,2012-10-29,755,10,3,7,1,Y,A,N,A,H,A,-,- ,,18,H,,,,,A,N,N,D,1,0,0,0,,1,36.81545504,-119.83545261,4
2012,2012-10-28,155,10,3,1,7,N,A,N,A,H,D,D,22,N,01,E,,,,,I,Y,N,D,2,0,0,0,23152.0,1,36.8294384,-119.93475272,2
2012,2012-11-06,1933,11,3,19,2,N,A,Y,A,H,D,A,01,W,03,C,,,,,C,Y,N,D,2,0,0,0,22350.0,3,36.75511403,-119.76587061,4
2012,2012-11-02,1652,11,3,16,5,N,A,N,A,H,A,G,25,N,08,D,,,,Y,C,Y,N,D,2,0,0,0,22107.0,2,36.6928985,-119.85350422,4
2012,2012-11-03,328,11,3,3,6,N,A,Y,A,H,C,A,01,S,03,C,,,,Y,C,Y,N,D,1,0,0,0,22350.0,2,36.72216768,-119.78940634,4
2012,2012-10-29,1025,10,3,10,1,N,A,N,A,H,A,D,22,W,03,C,,,,,C,Y,N,A,3,0,0,0,22350.0,2,36.60531416,-119.79092076,3
2012,2012-10-06,200,10,3,2,6,N,A,N,A,H,D,A,07,E,03,E,,,,,I,Y,N,D,1,0,0,0,22350.0,1,36.73687321,-119.65870102,4
2012,2012-10-03,945,10,3,9,3,Y,A,Y,A,H,A,C,02,,03,F,,,Y,,A,Y,N,D,1,0,0,1,22350.0,1,36.8738151,-119.55731261,3
2012,2012-10-03,1905,10,3,19,3,Y,A,N,A,H,D,A,01,,12,D,,,,,C,Y,N,A,1,0,0,0,22450.0,2,36.74992514,-119.86208256,4
2012,2012-10-02,1620,10,3,16,2,N,A,N,A,H,A,C,02,E,08,F,,,Y,,A,N,N,D,1,0,0,1,22107.0,1,36.83243584,-119.95974875,3
2012,2012-10-02,1526,10,3,15,2,N,A,N,A,H,A,C,02,N,08,F,,,Y,,A,Y,N,D,1,0,0,1,22107.0,1,36.76094279,-119.23754886,3
2012,2012-10-02,1525,10,3,15,2,N,A,N,A,H,A,C,02,N,08,E,,,Y,,I,Y,N,D,2,0,0,2,22107.0,1,36.76094279,-119.23754886,3
2012,2012-10-07,1400,10,3,14,7,N,A,N,A,H,A,A,01,E,03,C,,,,,C,Y,N,D,2,0,0,0,22350.0,2,36.72855504,-119.70411356,4
2012,2012-09-29,1410,9,3,14,6,N,A,N,A,H,A,-,- ,S,03,C,,,,,C,N,N,A,2,0,0,0,22350.0,2,36.59283288,-119.45086736,4
2012,2012-11-29,2230,11,3,22,4,N,A,Y,B,H,A,D,22,W,01,E,,,,,I,Y,N,D,1,0,0,0,23152.0,1,36.73558263,-119.52962304,3
2012,2012-11-11,1904,11,3,19,7,N,A,N,A,H,D,D,22,N,01,B,,,,,C,Y,N,D,1,0,0,0,23152.0,2,36.760528,-119.87130271,4
2012,2012-11-08,720,11,3,7,4,N,A,Y,A,H,A,D,22,E,03,C,,,,,C,Y,N,A,1,0,0,0,22350.0,2,36.73602164,-119.60862773,4
2012,2012-11-12,1810,11,3,18,1,N,A,Y,A,H,C,A,01,E,03,C,,,,,C,Y,N,D,2,0,0,0,22350.0,3,36.74257767,-119.8118514,4
2012,2012-11-06,1755,11,3,17,2,N,A,Y,A,H,C,D,22,N,07,B,,,,Y,C,Y,N,D,1,0,0,0,21658.0,3,36.75093006,-119.8256931,4
2012,2012-11-10,1535,11,3,15,6,N,A,Y,A,H,A,D,22,S,08,F,,,,,A,Y,N,D,1,0,0,0,22107.0,1,36.4267633,-119.80207136,3
2012,2012-04-22,1910,4,1,19,7,N,A,N,A,H,A,-,- ,N,18,G,Y,,,,B,N,N,A,1,1,0,0,,2,36.77977621,-119.7906627,4
2012,2012-04-01,1503,4,1,15,7,Y,A,N,A,H,A,B,01,,12,C,,Y,,,G,N,N,D,1,0,1,0,22450.0,2,36.76494512,-119.80695266,4
2012,2012-04-23,707,4,1,7,1,Y,A,N,A,H,A,-,- ,,00,D,,Y,,,-,N,N,A,1,0,1,0,,2,36.77936514,-119.81764258,4
2012,2012-04-02,1227,4,1,12,1,N,A,N,A,H,A,A,01,W,03,C,,,,,C,N,N,D,1,0,0,0,22350.0,2,36.76505307,-119.79465184,4
2012,2012-04-22,1441,4,1,14,7,Y,A,N,A,H,A,B,01,,09,D,,,,,C,N,N,A,1,0,0,0,21801.0,3,36.81547506,-119.8264726,3
2012,2012-04-02,2253,4,1,22,1,Y,A,N,A,H,C,A,01,,09,D,,,,,C,N,N,A,1,0,0,0,21801.0,2,36.74173504,-119.78418255,4
2012,2012-04-26,2050,4,1,20,4,N,A,N,A,H,C,A,07,S,08,E,,,,,I,N,N,D,2,0,0,0,22107.0,1,36.77475869,-119.70031886,4
2012,2012-04-02,1604,4,1,16,1,Y,A,N,A,H,A,A,01,,08,D,,,,,C,N,N,D,1,0,0,0,22107.0,2,36.75530505,-119.80035264,4
2012,2012-04-26,1526,4,1,15,4,N,A,N,A,H,A,A,01,W,22,C,,,,,C,N,N,A,1,0,0,0,,2,36.77226389,-119.79092836,4
2012,2012-04-01,1752,4,1,17,7,Y,A,N,A,H,A,-,- ,,00,D,,,,,C,Y,N,A,2,0,0,0,,2,36.73814512,-119.79665257,3
2012,2012-04-30,500,4,1,5,1,N,A,N,A,H,C,A,07,N,01,E,,,,,I,Y,N,D,1,0,0,0,23152.0,1,36.75090387,-119.8137945,3
2012,2012-04-02,801,4,1,8,1,Y,A,N,A,H,A,B,01,,12,D,,,,,C,Y,N,A,3,0,0,0,21453.0,3,36.74028509,-119.78623264,4
2012,2012-04-05,1621,4,1,16,4,N,A,N,A,H,A,N,60,S,11,G,Y,,Y,,B,N,N,D,1,1,0,0,21956.0,2,36.76267107,-119.7545498,4
2012,2012-04-21,158,4,1,1,6,N,A,N,A,H,C,A,01,E,01,E,,,,,I,Y,N,A,1,0,0,0,23152.0,1,36.82312174,-119.79028165,3
2012,2012-04-20,1814,4,1,18,5,N,A,N,A,H,A,A,01,E,04,C,,,,,C,N,N,D,1,0,0,0,21703.0,2,36.73989504,-119.69978574,4
2012,2012-04-23,1710,4,1,17,1,N,A,N,A,H,A,A,01,W,03,C,,,,,C,Y,N,D,1,0,0,0,22350.0,2,36.80131505,-119.78279795,4
2012,2012-04-03,1845,4,1,18,2,N,A,N,A,H,A,A,08,S,03,C,,,,,C,N,N,D,1,0,0,0,22350.0,2,36.78371624,-119.80868532,4
2012,2012-04-06,1909,4,1,19,5,N,A,N,A,H,A,A,01,E,- ,C,,,,,C,N,M,A,1,0,0,0,,2,36.80817504,-119.84445102,4
2012,2012-04-03,215,4,1,2,2,Y,A,N,A,H,C,A,07,,12,D,,,,,C,Y,N,D,2,0,0,0,22450.0,2,36.75576504,-119.80864262,4
2012,2012-04-03,1533,4,1,15,2,N,A,N,A,H,A,A,07,N,03,C,,,,,C,N,N,A,1,0,0,0,22350.0,2,,,4
2012,2012-04-03,1644,4,1,16,2,Y,A,N,A,H,A,A,01,,03,C,,,,,C,Y,N,A,1,0,0,0,22350.0,3,36.77331509,-119.83561259,4
2012,2012-11-25,830,11,3,8,7,Y,E,N,A,H,A,A,07,,12,D,,,,,C,N,N,A,1,0,0,0,22450.0,2,36.66332511,-119.78182255,4
2012,2012-11-19,1743,11,3,17,1,N,A,Y,A,H,C,A,07,W,03,C,,,,,C,Y,N,D,1,0,0,0,22350.0,2,,,4
2012,2012-11-14,1731,11,3,17,3,N,A,Y,A,H,C,A,01,N,03,C,,,,Y,C,Y,N,D,5,0,0,0,22350.0,5,36.73615305,-119.80473425,2