ACCIDENT_YEAR,COLLISION_DATE,COLLISION_TIME,MONTH,SEASON,24HOURS,DAY_OF_WEEK,INTERSECTION,WEATHER_1,STATE_HWY_IND,ROAD_SURFACE,ROAD_COND_1,LIGHTING,STWD_VEHTYPE_AT_FAULT,CHP_VEHTYPE_AT_FAULT,DIRECTION,PCF_VIOL_CATEGORY,TYPE_OF_COLLISION,PEDESTRIAN_ACCIDENT,BICYCLE_ACCIDENT,MOTORCYCLE_ACCIDENT,TRUCK_ACCIDENT,MVIW,TOW_AWAY,HIT_AND_RUN,CONTROL_DEVICE,NUMBER_INJURED,COUNT_PED_INJURED,COUNT_BICYCLIST_INJURED,COUNT_MC_INJURED,PCF_VIOLATION,PARTY_COUNT,POINT_Y,POINT_X,COLLISION_SEVERITY
2012,2012-12-11,1545,12,4,15,2,N,A,Y,A,H,A,A,01,S,07,D,,,,,C,Y,N,D,3,0,0,0,21658.0,2,36.75832784,-119.77554493,4
2012,2012-12-06,931,12,4,9,4,Y,A,N,A,H,A,C,02,,08,F,,,Y,,A,N,N,D,1,0,0,1,22107.0,1,36.7723251,-119.75107256,4
2012,2012-12-06,640,12,4,6,4,N,B,Y,A,H,A,-,- ,N,07,B,,,,,C,Y,F,A,1,0,0,0,21658.0,2,36.81255546,-119.89265111,4
2012,2012-12-05,825,12,4,8,3,N,B,Y,A,H,A,A,01,N,03,C,,,,,C,Y,N,D,2,0,0,0,22350.0,2,36.78281591,-119.78446711,4
2012,2012-12-09,1710,12,4,17,7,N,B,N,A,H,D,L,04,N,05,H,,Y,,,G,N,F,D,1,0,0,0,21202.0,2,36.57688505,-119.4577986,3
2012,2012-12-16,315,12,4,3,7,N,B,N,A,H,D,A,01,W,08,E,,,,,J,Y,N,D,1,0,0,0,22107.0,1,36.72077509,-119.91891146,3
2012,2012-12-11,1731,12,4,17,2,N,A,Y,A,H,C,A,01,W,03,C,,,,,C,N,N,D,1,0,0,0,22350.0,2,36.75511044,-119.76427915,4
2012,2012-12-15,1019,12,4,10,6,N,B,N,A,H,A,C,02,N,08,F,,,Y,,A,N,N,D,1,0,0,1,22107.0,1,36.68151561,-119.02365535,2
2012,2012-12-15,1205,12,4,12,6,N,A,Y,A,H,A,A,01,S,03,C,,,,,C,N,N,D,1,0,0,0,22350.0,2,36.80421938,-119.78518216,4
2012,2012-12-10,735,12,4,7,1,N,E,Y,A,H,A,A,07,W,03,C,,,,,C,Y,N,A,1,0,0,0,22350.0,4,36.73498179,-119.9735693,3
2012,2012-12-20,736,12,4,7,4,N,A,Y,A,H,A,A,01,,08,F,,,,,A,Y,N,D,1,0,0,0,22107.0,1,36.74476962,-119.820668,4
2012,2012-12-02,1802,12,4,18,7,N,B,Y,B,H,D,A,07,,03,E,,,,,I,Y,N,D,1,0,0,0,22350.0,1,36.74243052,-119.81835702,3
2012,2012-08-14,1218,8,2,12,2,N,A,Y,A,H,A,D,22,E,03,C,,,,,C,N,F,A,1,0,0,0,22350.0,2,36.8252221,-119.78536438,4
2012,2012-08-03,1527,8,2,15,5,N,A,N,A,H,A,A,01,S,09,D,,,,,C,N,N,A,2,0,0,0,21801.0,3,36.7722074,-119.78158269,2
2012,2012-08-04,2116,8,2,21,6,N,A,N,A,H,C,A,01,E,01,C,,,,,C,N,N,A,1,0,0,0,23153.0,2,36.70689061,-119.76870015,4
2012,2012-08-05,1938,8,2,19,7,Y,A,Y,A,H,B,A,01,,01,A,,,,,C,Y,N,A,2,0,0,0,23153.0,2,,,2
2012,2012-08-08,1800,8,2,18,3,N,A,N,A,H,A,-,- ,S,18,E,,,,,I,Y,N,D,2,0,0,0,,1,36.79953314,-119.86245632,4
2012,2012-08-10,1109,8,2,11,5,Y,A,N,A,H,A,A,07,,08,A,,,,,C,N,N,A,2,0,0,0,22107.0,2,36.75042508,-119.78494262,4
2012,2012-08-08,1651,8,2,16,3,Y,A,N,A,H,A,-,- ,,12,D,,,Y,,C,Y,N,A,1,0,0,1,22450.0,2,36.80800504,-119.88953264,3
2012,2012-08-11,910,8,2,9,6,N,A,N,A,H,A,A,01,N,03,G,,,,,B,N,F,A,2,0,0,0,22350.0,2,36.74342243,-119.79191259,3
2012,2012-08-06,1029,8,2,10,1,N,A,N,A,H,A,A,01,N,03,C,,,,,C,N,N,A,1,0,0,0,22350.0,2,,,4
2012,2012-08-06,1052,8,2,10,1,N,A,N,A,H,A,A,01,E,03,C,,,,,C,N,N,D,2,0,0,0,22350.0,2,36.83736949,-119.77860699,4
2012,2012-08-06,1822,8,2,18,1,-,A,N,A,H,A,M,96,,09,D,,,,,C,N,N,D,1,0,0,0,21802.0,2,36.77015509,-119.8222026,3
2012,2012-11-26,630,11,3,6,1,Y,E,N,A,H,A,A,01,,09,D,,,,,C,Y,N,A,1,0,0,0,21802.0,2,36.57642505,-119.71854266,4
2012,2012-11-21,116,11,3,1,3,N,A,N,A,H,D,A,01,E,01,E,,,,,I,Y,N,D,1,0,0,0,23152.0,1,36.75014365,-119.59175502,3
2012,2012-11-27,1330,11,3,13,2,N,B,Y,A,H,A,A,01,E,09,D,,,,,C,Y,N,D,1,0,0,0,21804.0,2,36.74071147,-119.2459639,4
2012,2012-11-19,1705,11,3,17,1,N,A,N,A,H,B,A,01,S,08,E,,,,,I,Y,N,D,1,0,0,0,22107.0,1,36.42299704,-119.8601466,2
2012,2012-11-20,1729,11,3,17,2,N,A,Y,A,H,C,A,01,S,03,C,,,,,C,N,N,D,2,0,0,0,22350.0,2,36.82079902,-119.785566,4
2012,2012-11-23,1345,11,3,13,5,N,A,Y,A,H,A,A,01,S,03,C,,,,,C,N,N,D,2,0,0,0,22350.0,2,36.79244283,-119.78454149,4
2012,2012-11-26,2100,11,3,21,1,N,A,N,A,H,D,A,01,E,03,E,,,,,I,N,N,A,1,0,0,0,22350.0,1,36.9929788,-119.70874546,4
2012,2012-11-29,1720,11,3,17,4,N,B,N,A,H,D,A,01,S,08,E,,,,,I,,N,D,1,0,0,0,22107.0,1,,,3
2012,2012-11-23,1205,11,3,12,5,N,A,Y,A,H,A,A,01,S,03,C,,,,,C,N,N,D,3,0,0,0,22350.0,2,36.80565966,-119.78516168,4
2012,2012-11-13,1819,11,3,18,2,N,A,Y,A,D,D,A,08,W,01,C,,,,,C,Y,N,A,2,0,0,0,23152.0,3,36.87091332,-119.56094795,4
2012,2012-11-08,840,11,3,8,4,N,A,N,A,H,A,A,01,E,08,E,,,,,I,Y,N,D,2,0,0,0,22107.0,1,36.67779995,-119.62160386,3
2012,2012-11-15,1010,11,3,10,4,N,A,Y,A,H,A,A,01,S,07,B,,,Y,,C,Y,F,D,1,0,0,1,21658.0,2,36.63501734,-119.69385208,3
2012,2012-11-16,1640,11,3,16,5,N,A,Y,A,H,C,A,01,N,03,C,,,,,C,Y,N,D,1,0,0,0,22350.0,3,36.74465508,-119.77657263,4
2012,2012-11-28,610,11,3,6,3,N,B,N,A,C,D,A,01,S,03,E,,,,,J,Y,N,D,2,0,0,0,22350.0,1,36.68588675,-119.74329289,3
2012,2012-11-22,1502,11,3,15,4,N,A,N,A,H,A,N,60,W,11,G,Y,,,,B,N,N,D,1,1,0,0,21954.0,2,36.76748397,-119.75640959,3
2012,2012-11-23,1503,11,3,15,5,Y,A,N,A,H,A,A,01,,09,D,,,,,C,Y,N,A,1,0,0,0,21802.0,2,36.7996851,-119.70056266,4
2012,2012-11-30,1555,11,3,15,5,N,B,N,B,H,A,A,01,W,03,C,,,,,C,N,N,D,3,0,0,0,22350.0,2,36.60308747,-119.34214393,4
2012,2012-11-24,1226,11,3,12,6,N,A,N,A,A,A,C,03,W,08,E,,,Y,,I,Y,N,D,1,0,0,1,22107.0,1,36.7066014,-119.84655803,3
2012,2012-11-13,1743,11,3,17,2,N,A,Y,A,H,D,A,01,N,03,C,,,,,C,Y,N,D,3,0,0,0,22350.0,5,36.75104855,-119.77595181,4
2012,2012-12-01,1400,12,4,14,6,Y,B,Y,B,H,A,A,01,,09,D,,,,,C,N,N,A,1,0,0,0,21802.0,2,36.87370515,-119.68402267,4
2012,2012-12-03,620,12,4,6,1,N,E,N,B,C,D,A,01,S,03,E,,,,,J,N,N,D,1,0,0,0,22350.0,1,36.72366562,-119.51598289,4
2012,2012-12-03,1309,12,4,13,1,Y,A,N,A,H,A,A,01,,09,D,,,,,C,Y,N,A,2,0,0,0,21802.0,2,36.75001511,-119.88029256,3
2012,2012-05-31,1655,5,1,16,4,Y,A,Y,A,H,A,-,- ,,12,C,,,,,C,Y,N,A,1,0,0,0,21453.0,2,36.85715972,-120.45638593,3
2012,2012-05-17,1517,5,1,15,4,N,A,N,A,H,A,-,- ,,- ,C,,,,,C,N,N,D,4,0,0,0,,2,36.84394503,-120.44858266,4
2012,2012-12-14,1503,12,4,15,5,Y,A,N,A,H,A,-,- ,,21,A,,,,,C,N,N,D,1,0,0,0,22106.0,2,36.61139506,-119.52597249,4
2013,2013-02-24,1554,2,4,15,7,N,A,Y,A,H,A,D,22,E,01,E,,,,,I,Y,N,D,1,0,0,0,23152.0,1,36.7151219,-119.3398121,3
2013,2013-02-22,1727,2,4,17,5,Y,A,Y,A,H,A,A,01,,12,D,,,,,C,Y,N,A,3,0,0,0,21453.0,2,36.4891751,-119.7907626,2
2013,2013-02-25,1815,2,4,18,1,Y,A,N,A,H,D,D,22,,01,D,,,,,C,Y,N,A,1,0,0,0,23152.0,2,36.6487451,-119.5746126,3
2013,2013-02-20,1805,2,4,18,3,Y,B,N,A,H,D,A,01,,08,D,,,,,C,Y,N,A,1,0,0,0,22107.0,2,36.7204251,-120.0061527,3
2013,2013-03-06,1615,3,1,16,3,Y,A,Y,A,H,A,D,22,,09,D,,,,,C,N,N,A,1,0,0,0,21802.0,2,36.7354791,-119.88072,4
2013,2013-03-07,2116,3,1,21,4,N,C,Y,B,H,D,-,- ,W,00,F,,,,,A,Y,N,D,1,0,0,0,,2,36.7447696,-119.820668,3
2013,2013-03-03,1430,3,1,14,7,N,A,N,A,H,A,D,22,S,01,E,,,,,I,Y,N,D,1,0,0,0,23152.0,1,36.86180234,-119.35005784,3
2013,2013-03-02,1657,3,1,16,6,Y,A,N,A,H,A,A,07,,12,D,,,,,C,Y,F,A,3,0,0,0,22450.0,2,36.6922451,-119.8089025,3
2013,2013-03-04,1650,3,1,16,1,N,A,Y,A,H,A,-,99,E,03,C,,,,,C,Y,F,D,3,0,0,0,22350.0,3,36.7354951,-119.5209109,4
2013,2013-02-25,640,2,4,6,1,N,A,Y,A,D,A,D,22,W,03,C,,,,,C,Y,N,D,1,0,0,0,22350.0,2,36.7551046,-119.76046,4
2013,2013-02-27,700,2,4,7,3,Y,A,N,A,H,A,E,22,,09,D,,,,,C,Y,N,A,1,0,0,0,21802.0,2,36.7498251,-119.9162227,2
2013,2013-03-03,1959,3,1,19,7,N,B,N,A,H,C,D,22,E,01,A,,,,,C,Y,N,D,2,0,0,0,23152.0,2,36.7499632,-119.8927593,3
2013,2013-02-22,620,2,4,6,5,Y,A,N,A,H,A,A,01,,12,D,,,,,C,Y,N,A,1,0,0,0,22450.0,3,36.7574451,-119.6640226,4
2013,2013-03-05,1320,3,1,13,2,Y,A,N,A,H,A,A,01,,09,D,,,,,C,Y,N,A,2,0,0,0,21802.0,2,36.7644351,-119.8982626,4
2013,2013-02-26,1728,2,4,17,2,Y,A,Y,A,H,A,A,01,,09,D,,,,,C,Y,N,A,2,0,0,0,21802.0,2,36.7354791,-119.88072,4
2013,2013-02-25,1617,2,4,16,1,N,A,N,A,H,A,A,01,E,09,D,,,,,C,Y,N,D,2,0,0,0,21801.0,2,36.7647429,-119.6423604,4
2013,2013-02-27,1725,2,4,17,3,N,A,Y,A,H,A,G,25,S,08,E,,,,Y,I,Y,N,D,1,0,0,0,22107.0,1,36.1083466,-120.1317284,3
2012,2012-11-14,135,11,3,1,3,N,A,Y,A,H,D,A,01,N,08,F,,,,,A,Y,N,D,2,0,0,0,22107.0,1,36.66107936,-120.63956622,3
2012,2012-11-15,1850,11,3,18,4,N,B,Y,A,H,D,A,07,W,05,A,,,,,C,Y,N,D,3,0,0,0,21460.0,2,36.85068104,-120.77560329,3
2013,2013-03-14,735,3,1,7,4,N,A,Y,A,D,A,A,07,W,03,C,,,,,C,Y,N,D,1,0,0,0,22350.0,2,36.7548142,-119.7612755,4
2012,2012-12-22,1829,12,4,18,6,N,B,Y,B,H,D,A,07,N,07,B,,,,,C,Y,N,D,1,0,0,0,21658.0,2,36.60833909,-119.66452137,4
2012,2012-12-25,1950,12,4,19,2,N,B,N,B,H,D,A,01,E,08,E,,,,,I,Y,N,D,1,0,0,0,22107.0,1,36.48915284,-119.70627782,3
2012,2012-12-07,1430,12,4,14,5,Y,A,N,A,H,A,N,60,,11,D,Y,,,,B,N,N,B,1,1,0,0,21950.0,2,36.81563516,-119.65504267,3
2012,2012-12-07,1749,12,4,17,5,Y,A,N,A,H,D,A,08,,12,D,,,,,C,Y,N,A,1,0,0,0,22450.0,2,36.85194506,-119.69309259,4
2012,2012-11-04,1524,11,3,15,7,Y,A,N,A,H,A,A,07,,12,A,,,,,I,Y,N,A,2,0,0,0,22450.0,1,36.81571513,-119.7211226,3
2012,2012-08-27,1827,8,2,18,1,Y,A,N,A,H,A,A,01,,03,C,,,,,C,N,N,A,1,0,0,0,22350.0,2,36.865179,-120.465189,4
2012,2012-08-18,1633,8,2,16,6,Y,A,N,A,H,A,A,01,,12,C,,,,,C,N,N,A,2,0,0,0,22450.0,2,36.85183508,-120.45173277,3
2012,2012-12-23,2115,12,4,21,7,N,B,N,B,H,C,A,01,E,09,D,,,Y,,C,Y,N,D,1,0,0,1,21804.0,2,36.80841506,-119.70458268,2
2013,2013-03-08,830,3,1,8,5,N,B,N,B,H,A,A,07,E,03,B,,,,,C,Y,N,D,1,0,0,0,22350.0,2,36.6776551,-119.6014172,4
2013,2013-03-07,1826,3,1,18,4,N,B,Y,B,H,D,A,01,W,03,C,,,,,C,Y,N,D,4,0,0,0,22350.0,3,,,3
2013,2013-03-04,1230,3,1,12,1,Y,A,N,A,H,A,G,27,,09,D,,,,Y,C,N,N,A,1,0,0,0,21802.0,2,36.749615,-120.0062126,2
2013,2013-03-13,1350,3,1,13,3,Y,A,N,A,H,A,D,22,,09,D,,,,,C,Y,N,D,1,0,0,0,21801.0,2,36.6852451,-119.7368226,4
2013,2013-03-02,30,3,1,0,6,N,A,N,A,H,A,D,22,E,01,F,,,,,A,Y,N,D,1,0,0,0,23152.0,1,36.6052167,-119.5739117,4
2013,2013-03-06,1758,3,1,17,3,N,B,Y,A,H,D,A,01,S,03,C,,,,,C,Y,N,D,3,0,0,0,22350.0,3,36.553935,-119.6287334,4
2013,2013-03-12,1218,3,1,12,2,Y,A,N,A,H,A,D,22,,09,D,,,,,C,Y,N,A,1,0,0,0,21802.0,2,36.6635451,-119.6819226,4
2013,2013-03-04,1635,3,1,16,1,N,A,N,A,H,A,D,22,S,01,D,,,,,C,Y,N,A,1,0,0,0,23152.0,2,36.8367492,-119.9240682,3
2013,2013-03-14,650,3,1,6,4,N,A,Y,A,H,A,D,22,N,03,B,,,,,C,Y,N,D,1,0,0,0,22350.0,3,36.7455089,-119.7766846,4
2013,2013-03-08,354,3,1,3,5,N,A,Y,A,H,D,D,22,S,08,E,,,,,I,Y,N,D,1,0,0,0,22107.0,1,36.7157174,-120.681488,4
2013,2013-03-03,845,3,1,8,7,Y,B,Y,A,H,A,A,01,,09,D,,,,,C,Y,N,A,2,0,0,0,21802.0,2,36.7199313,-120.3871115,3
2012,2012-09-28,1904,9,3,19,5,N,A,N,A,H,B,-,- ,N,10,G,Y,,,,B,N,N,D,1,1,0,0,21950.0,2,36.83149945,-119.69101076,4
2013,2013-02-11,945,2,4,9,1,N,A,Y,A,H,A,A,01,W,08,E,,,,,I,Y,N,D,1,0,0,0,22107.0,1,36.749229,-119.7988859,4
2013,2013-02-06,1835,2,4,18,3,N,A,Y,A,H,D,A,07,S,03,C,,,,,C,Y,N,D,4,0,0,0,22350.0,4,36.572662,-119.6251956,2
2013,2013-02-06,1730,2,4,17,3,N,B,N,A,H,A,A,01,N,03,C,,,,,C,Y,N,D,3,0,0,0,22350.0,2,36.9176836,-119.714303,4
2013,2013-02-20,1525,2,4,15,3,N,A,Y,A,H,A,A,01,N,03,E,,,,,J,Y,N,D,1,0,0,0,22350.0,1,36.8102417,-119.890175,4
2013,2013-02-26,2045,2,4,20,2,N,A,Y,A,H,D,A,01,E,01,C,,,,,E,Y,N,D,1,0,0,0,23152.0,2,36.7453432,-119.6701806,2
2013,2013-02-24,1820,2,4,18,7,N,A,N,A,H,D,A,01,S,08,E,,,,,I,Y,N,D,1,0,0,0,22107.0,1,36.6472179,-119.5300606,4
2013,2013-02-28,625,2,4,6,4,Y,A,N,A,H,A,-,- ,,00,-,Y,,,,-,N,N,D,1,1,0,0,,1,36.7485651,-119.7250925,4
2013,2013-02-09,1,2,4,0,6,N,A,N,A,H,D,A,01,W,01,F,,,,,A,Y,N,D,1,0,0,0,23152.0,1,36.7201935,-120.045504,3
2013,2013-01-12,1145,1,4,11,6,N,A,N,A,H,A,A,07,W,01,F,,,,,A,Y,N,D,2,0,0,0,23152.0,1,36.873284,-119.3346869,2
2013,2013-01-12,1340,1,4,13,6,N,B,N,A,H,A,A,01,W,08,E,,,,,I,Y,N,D,1,0,0,0,22107.0,1,36.7272017,-119.1287144,4
2013,2013-01-09,804,1,4,8,3,N,B,Y,A,H,A,A,01,N,03,C,,,,,C,Y,N,D,1,0,0,0,22350.0,3,36.7470607,-119.7764897,4
2013,2013-01-15,740,1,4,7,2,N,A,N,C,F,A,A,08,E,03,E,,,,,I,Y,N,D,3,0,0,0,22350.0,1,36.6921766,-119.5829468,3
2013,2013-01-08,1758,1,4,17,2,N,B,Y,A,H,D,N,60,N,11,G,Y,,,,B,N,N,D,1,1,0,0,21954.0,2,36.4296318,-120.1043832,2
2013,2013-01-17,950,1,4,9,4,N,A,Y,A,H,A,A,07,N,03,C,,,,,C,Y,N,D,2,0,0,0,22350.0,3,36.8231404,-119.7851085,4
2013,2013-01-19,545,1,4,5,6,N,A,Y,A,H,D,A,01,E,07,B,,,,,C,Y,M,D,1,0,0,0,21658.0,2,36.7544195,-119.7763162,4
2013,2013-01-10,750,1,4,7,4,N,A,Y,A,H,A,A,08,S,03,C,,,,,C,N,N,D,4,0,0,0,22350.0,3,36.7623223,-119.832908,4
2013,2013-01-19,945,1,4,9,6,N,A,N,A,H,A,A,01,S,08,E,,,,,I,Y,N,D,1,0,0,0,22107.0,1,36.4741097,-119.8513911,4
2013,2013-01-17,1000,1,4,10,4,N,A,Y,A,H,A,A,01,S,03,C,,,,,C,Y,N,D,3,0,0,0,22350.0,2,36.8052276,-119.7851678,4
2013,2013-01-12,1615,1,4,16,6,N,B,Y,A,H,B,A,01,W,08,E,,,,,I,Y,N,D,4,0,0,0,22107.0,1,36.7476553,-119.0510797,3
2013,2013-01-12,650,1,4,6,6,N,A,N,A,H,A,A,01,W,08,E,,,,,I,Y,N,D,1,0,0,0,22107.0,1,36.6175637,-119.3332082,3
2013,2013-01-14,1700,1,4,17,1,N,A,Y,A,H,A,A,01,E,08,F,,,,,A,Y,N,D,1,0,0,0,22107.0,1,36.2553342,-120.0965526,4
2013,2013-01-04,1237,1,4,12,5,Y,A,Y,A,H,A,A,01,,12,D,,,,,C,Y,N,A,1,0,0,0,21453.0,2,,,4
2013,2013-01-16,1608,1,4,16,3,Y,A,N,A,H,A,A,01,,09,D,,,,,C,Y,N,D,1,0,0,0,21801.0,2,36.83740851,-119.68026996,4
2013,2013-01-04,1600,1,4,16,5,N,A,N,A,H,A,L,04,S,08,H,,Y,,,G,N,F,D,1,0,1,0,22107.0,2,36.5253281,-119.8453427,3
2012,2012-03-26,1846,3,1,18,1,Y,B,N,A,H,A,N,60,,11,G,Y,,,,B,N,N,A,1,1,0,0,21950.0,4,36.13095494,-120.36866269,4
2013,2013-02-14,1340,2,4,13,4,N,A,N,A,H,A,A,01,S,03,C,,,,,C,Y,M,A,1,0,0,0,22350.0,4,36.8151288,-119.7135607,4
2013,2013-02-02,955,2,4,9,6,Y,A,N,A,H,A,A,01,,09,D,,,,,C,Y,N,D,2,0,0,0,21802.0,2,36.7210051,-119.8624027,4
2013,2013-02-09,1715,2,4,17,6,Y,A,Y,A,H,A,-,- ,,03,C,,,,,C,N,N,A,1,0,0,0,22350.0,2,36.5178982,-119.5564861,4
2013,2013-02-15,1717,2,4,17,5,N,A,N,A,H,B,-,- ,W,10,G,Y,,,,B,N,N,A,1,1,0,0,21950.0,2,36.53323114,-119.57594186,3
2012,2012-10-28,951,10,3,9,7,N,A,Y,A,H,A,-,- ,E,03,C,,,,,C,Y,N,A,6,0,0,0,22350.0,4,36.5179011,-119.56303525,3
2012,2012-10-29,1548,10,3,15,1,N,A,N,A,H,A,-,- ,E,08,C,,,,,E,N,N,D,1,0,0,0,22107.0,3,36.5153212,-119.54957703,3
2012,2012-10-28,1145,10,3,11,7,N,A,Y,A,H,A,C,02,W,03,F,,,Y,,A,Y,N,D,1,0,0,1,22350.0,1,36.08678044,-120.49046542,4
2012,2012-12-22,1730,12,4,17,6,N,B,Y,B,H,D,A,01,N,03,C,,,,,C,Y,N,D,1,0,0,0,22350.0,2,36.30007998,-120.27268669,4
2012,2012-12-10,1847,12,4,18,1,N,A,N,A,H,D,N,60,N,11,G,Y,,,,B,N,F,D,1,1,0,0,21954.0,2,36.60662838,-119.43693882,3
2012,2012-12-06,1059,12,4,10,4,Y,E,N,B,H,A,-,- ,,12,B,,,,,C,N,N,A,2,0,0,0,21453.0,2,36.60555511,-119.65505253,4
2012,2012-12-13,808,12,4,8,4,Y,A,N,A,H,A,-,- ,,03,A,,,,,C,N,N,A,1,0,0,0,22350.0,3,36.62821509,-119.68218259,4
2012,2012-12-02,1930,12,4,19,7,N,B,Y,B,H,A,A,01,N,03,E,,,,,I,Y,N,D,1,0,0,0,22350.0,1,36.75880834,-119.77551817,4
2012,2012-12-02,1730,12,4,17,7,Y,B,N,B,H,D,A,01,,12,D,,,,,C,Y,N,A,3,0,0,0,22450.0,2,36.56878512,-119.5749725,3
2012,2012-12-05,1725,12,4,17,3,N,A,N,A,H,D,A,01,W,03,C,,,,,C,N,M,D,1,0,0,0,22350.0,2,36.79395291,-119.80478514,4
2012,2012-12-06,657,12,4,6,4,N,B,Y,B,H,B,A,01,S,03,E,,,,,I,Y,N,D,1,0,0,0,22350.0,1,36.80798295,-119.78546264,4
2012,2012-12-04,730,12,4,7,2,N,B,Y,A,H,A,A,01,S,06,E,,,,,I,Y,F,D,1,0,0,0,21751.0,2,36.72518257,-119.45972486,4
2012,2012-12-06,1115,12,4,11,4,N,B,Y,B,H,A,A,07,E,03,E,,,,,I,Y,N,D,1,0,0,0,22350.0,1,,,4
2012,2012-12-02,1352,12,4,13,7,N,B,Y,B,H,A,A,07,S,08,E,,,,,I,Y,N,D,1,0,0,0,22107.0,1,36.72618002,-119.7845933,3
2012,2012-12-27,425,12,4,4,4,N,A,N,A,H,D,A,01,N,08,E,,,,,I,Y,N,D,1,0,0,0,22107.0,1,37.02587454,-120.56328092,2
2012,2012-12-30,412,12,4,4,7,N,A,Y,A,H,D,A,07,S,08,E,,,,,I,Y,N,D,3,0,0,0,22107.0,1,36.71523674,-120.68112094,3
2012,2012-12-26,1315,12,4,13,3,N,B,Y,B,H,A,A,01,N,03,C,,,,,C,N,F,D,1,0,0,0,22350.0,2,36.65230603,-120.63283507,4
2012,2012-07-06,1230,7,2,12,5,N,A,N,A,H,A,-,- ,,21,E,,,,,I,Y,N,-,1,0,0,0,22106.0,1,36.14652504,-120.3543526,3
2012,2012-12-23,2056,12,4,20,7,Y,B,Y,B,H,C,-,- ,,01,D,,,,,C,Y,N,A,2,0,0,0,23152.0,2,36.84484516,-119.72969257,4
2012,2012-12-22,1725,12,4,17,6,N,B,N,B,H,B,A,01,W,03,C,,,,,C,Y,M,D,1,0,0,0,22350.0,3,36.80858447,-119.69756014,4
2012,2012-12-30,1634,12,4,16,7,Y,A,N,A,H,A,-,- ,,12,D,,,,,C,Y,N,A,2,0,0,0,21453.0,2,36.85193516,-119.6840926,4
2012,2012-12-20,1527,12,4,15,4,Y,A,N,A,H,A,-,- ,,09,B,,,,,C,Y,N,D,1,0,0,0,21800.0,2,36.60774506,-119.43693255,4
2012,2012-12-24,1850,12,4,18,1,N,A,N,A,H,C,-,- ,W,03,C,,,,,C,N,N,D,2,0,0,0,22350.0,2,36.60416505,-119.44455981,4
2012,2012-12-29,954,12,4,9,6,N,B,Y,A,H,A,A,07,N,08,F,,,,,A,Y,N,D,1,0,0,0,22107.0,1,36.51908717,-120.47323124,3
2012,2012-12-30,1700,12,4,17,7,N,A,Y,A,H,D,A,01,S,08,E,,,,,I,Y,N,D,1,0,0,0,22107.0,1,36.19145794,-120.10339335,3
2012,2012-08-05,1618,8,2,16,7,N,A,N,A,H,A,A,01,W,08,B,,,,,C,N,N,A,2,0,0,0,22107.0,2,36.73168147,-119.79837744,4
2012,2012-08-04,1712,8,2,17,6,Y,A,N,A,H,A,A,01,,09,D,,,,,C,Y,N,D,1,0,0,0,21801.0,2,36.75741505,-119.83063269,4
2012,2012-08-05,1524,8,2,15,7,Y,A,N,A,H,A,A,01,,12,D,,,,,C,Y,N,A,2,0,0,0,22450.0,2,36.73593513,-119.72747256,4
2012,2012-08-01,1454,8,2,14,3,N,A,N,A,H,A,-,- ,N,03,C,,,,,C,N,N,A,1,0,0,0,22350.0,3,36.82061599,-119.79049082,4
2012,2012-08-04,2029,8,2,20,6,N,A,N,A,H,D,C,02,N,03,F,,,Y,,A,N,N,D,1,0,0,1,22350.0,1,36.76061616,-119.80469807,3
2012,2012-08-02,1540,8,2,15,4,N,A,N,A,H,A,D,22,E,03,C,,,,,C,N,N,A,1,0,0,0,22350.0,5,36.80844505,-119.7327494,4
2012,2012-08-01,1955,8,2,19,3,N,A,N,A,H,C,A,01,S,04,C,,,,,C,N,M,A,2,0,0,0,21703.0,2,36.72343953,-119.79469664,4
2012,2012-08-03,821,8,2,8,5,Y,A,N,A,H,A,-,- ,,00,D,,Y,,,G,N,M,A,1,0,1,0,,2,36.73591507,-119.75462267,3
2012,2012-08-02,1504,8,2,15,4,N,A,N,A,H,A,F,26,E,03,C,,,,Y,C,N,N,D,1,0,0,0,22350.0,2,36.80831476,-119.87305909,4
2012,2012-08-04,657,8,2,6,6,Y,A,N,A,H,A,A,01,,12,A,,,,,C,Y,N,A,1,0,0,0,21453.0,2,36.80828505,-119.86266268,3
2012,2012-08-16,520,8,2,5,4,N,A,N,A,H,D,A,01,E,08,F,,,,,A,Y,N,D,2,0,0,0,22107.0,1,36.63266964,-119.3710003,4
2012,2012-08-09,940,8,2,9,4,N,A,Y,A,H,A,-,- ,S,18,F,,,,,A,Y,N,D,4,0,0,0,,1,36.83493111,-120.76356155,3
2012,2012-05-01,1200,5,1,12,2,Y,A,N,A,H,A,A,01,,10,G,Y,,,,B,N,F,D,1,1,0,0,21952.0,2,36.63125511,-119.67788262,4
2012,2012-05-06,1036,5,1,10,7,N,A,N,A,H,A,-,- ,W,- ,E,,,,,I,N,N,D,1,0,0,0,,1,36.13663494,-120.35662324,4
2012,2012-05-19,1132,5,1,11,6,N,A,N,A,H,A,N,60,S,11,G,Y,,,,B,N,N,A,1,1,0,0,21950.0,2,36.79756132,-119.71816269,3
2012,2012-08-05,1053,8,2,10,7,N,A,N,A,H,A,B,07,W,00,G,Y,,,,B,N,N,A,1,1,0,0,12500.0,2,,,3
2012,2012-09-08,1710,9,3,17,6,N,A,N,A,H,A,A,01,E,09,D,,,,,C,Y,N,D,1,0,0,0,21804.0,2,36.70433351,-119.55196418,4
2012,2012-09-29,550,9,3,5,6,N,A,N,A,H,D,A,01,W,01,E,,,,,J,Y,N,D,1,0,0,0,23152.0,1,36.7641109,-120.00824834,3
2012,2012-12-01,1604,12,4,16,6,Y,B,Y,B,-,A,-,- ,,09,C,,,,,C,Y,N,A,1,0,0,0,21801.0,2,36.51366507,-119.55434249,4
2013,2013-03-06,1620,3,1,16,3,Y,A,N,A,H,A,-,- ,,00,D,,,,,C,Y,N,A,3,0,0,0,,2,36.7504551,-119.7273426,3