ACCIDENT_YEAR,COLLISION_DATE,COLLISION_TIME,MONTH,SEASON,24HOURS,DAY_OF_WEEK,INTERSECTION,WEATHER_1,STATE_HWY_IND,ROAD_SURFACE,ROAD_COND_1,LIGHTING,STWD_VEHTYPE_AT_FAULT,CHP_VEHTYPE_AT_FAULT,DIRECTION,PCF_VIOL_CATEGORY,TYPE_OF_COLLISION,PEDESTRIAN_ACCIDENT,BICYCLE_ACCIDENT,MOTORCYCLE_ACCIDENT,TRUCK_ACCIDENT,MVIW,TOW_AWAY,HIT_AND_RUN,CONTROL_DEVICE,NUMBER_INJURED,COUNT_PED_INJURED,COUNT_BICYCLIST_INJURED,COUNT_MC_INJURED,PCF_VIOLATION,PARTY_COUNT,POINT_Y,POINT_X,COLLISION_SEVERITY
2013,2013-04-16,740,4,1,7,2,N,A,Y,A,H,A,A,01,W,08,C,,,,,C,Y,N,D,1,0,0,0,22107.0,2,36.7536797,-119.7254212,4
2013,2013-04-15,1440,4,1,14,1,N,A,Y,A,H,A,A,07,S,08,F,,,,,A,Y,N,D,3,0,0,0,22107.0,1,36.6919952,-119.75818,3
2013,2013-04-06,1155,4,1,11,6,Y,A,Y,A,H,A,A,01,,09,D,,,,,C,N,N,A,3,0,0,0,21802.0,2,36.445555,-119.7982126,4
2013,2013-04-10,1215,4,1,12,3,N,A,Y,A,H,A,A,01,E,08,E,,,,,I,Y,N,D,1,0,0,0,22107.0,1,36.7533641,-119.6873305,4
2013,2013-02-22,504,2,4,5,5,N,A,N,A,H,C,N,60,S,11,G,Y,,,,B,N,N,D,1,1,0,0,21954.0,2,36.6252459,-119.6713175,2
2013,2013-01-31,1000,1,4,10,4,N,A,Y,A,H,D,D,22,N,08,E,,,,,I,Y,N,D,1,0,0,0,22107.0,1,36.609514,-119.6655403,4
2013,2013-01-11,1842,1,4,18,5,Y,A,N,A,H,D,-,- ,,09,C,,,,,C,Y,N,A,2,0,0,0,21802.0,2,36.6311551,-119.6829925,4
2012,2012-12-22,340,12,4,3,6,N,B,N,B,H,C,A,01,N,01,E,,,,,I,Y,F,D,1,0,0,0,23152.0,1,36.83874386,-119.83544271,3
2013,2013-05-08,735,5,1,7,3,N,B,Y,B,H,A,A,01,S,03,C,,,,,C,N,N,D,1,0,0,0,22350.0,3,36.8524063,-119.7872313,4
2013,2013-05-02,740,5,1,7,4,N,A,N,A,H,A,A,07,N,03,C,,,,,C,Y,N,D,1,0,0,0,22350.0,2,36.5253634,-119.5752558,4
2013,2013-04-19,1915,4,1,19,5,N,A,N,A,H,B,A,07,E,01,E,,,,,I,Y,M,D,1,0,0,0,23152.0,2,36.6903368,-119.5582189,3
2013,2013-04-25,2135,4,1,21,4,N,A,Y,A,H,D,-,- ,S,00,B,,,,Y,C,Y,N,D,3,0,0,0,,2,36.7396861,-119.8115433,3
2013,2013-05-07,720,5,1,7,2,N,A,Y,A,H,A,D,22,N,07,B,,,,,C,Y,N,D,1,0,0,0,21658.0,2,36.7509653,-119.825451,4
2013,2013-04-30,730,4,1,7,2,Y,A,N,A,H,A,A,01,,09,A,,,,,C,Y,N,D,1,0,0,0,21801.0,3,36.7792751,-119.6369626,4
2013,2013-05-02,1725,5,1,17,4,Y,A,N,A,H,A,A,01,,09,D,,,,,C,Y,N,A,5,0,0,0,21802.0,2,36.7502851,-119.6730426,4
2013,2013-05-01,1745,5,1,17,3,N,A,Y,A,D,A,D,22,W,03,C,,,,,C,Y,N,D,1,0,0,0,22350.0,4,36.7551104,-119.7642792,4
2013,2013-05-10,1715,5,1,17,5,N,A,N,A,H,A,D,22,E,08,E,,,,,I,Y,N,D,1,0,0,0,22107.0,1,36.6920999,-119.6031649,4
2013,2013-05-04,1505,5,1,15,6,N,A,N,A,H,A,A,07,N,08,D,,,,,C,Y,N,A,1,0,0,0,22107.0,2,36.605447,-119.7003325,3
2013,2013-05-06,1615,5,1,16,1,Y,B,N,A,H,A,A,01,,09,D,,,,Y,C,Y,N,A,1,0,0,0,21802.0,2,36.6479651,-119.9572527,4
2013,2013-05-01,1700,5,1,17,3,N,A,N,A,H,A,D,22,E,03,C,,,,,C,Y,N,D,1,0,0,0,22350.0,3,36.5468289,-119.5175807,4
2013,2013-05-06,1527,5,1,15,1,Y,A,N,A,H,A,A,08,,12,D,,,,,C,Y,N,A,1,0,0,0,22450.0,2,36.5470751,-119.8452726,3
2013,2013-05-13,2340,5,1,23,1,N,A,N,A,H,C,N,60,W,11,G,Y,,,,B,N,N,D,1,1,0,0,21956.0,2,36.4322293,-119.6843377,3
2013,2013-05-14,1000,5,1,10,2,N,A,Y,A,D,A,A,01,W,03,C,,,,Y,C,Y,N,D,2,0,0,0,22350.0,4,36.755108,-119.7626878,3
2013,2013-03-08,2339,3,1,23,5,N,A,N,A,H,D,A,01,E,08,B,,,,,C,Y,N,D,2,0,0,0,22107.0,2,36.663635,-119.7174344,4
2013,2013-06-08,1921,6,2,19,6,Y,A,N,A,H,A,A,01,,12,D,,,,,C,Y,N,A,7,0,0,0,22450.0,2,36.5899151,-119.4845326,2
2013,2013-04-11,759,4,1,7,4,N,A,N,A,H,A,A,01,W,09,D,,Y,,,G,Y,N,A,1,0,1,0,21804.0,2,36.8448036,-119.7170467,3
2013,2013-05-04,1310,5,1,13,6,N,A,Y,A,H,A,A,07,S,08,F,,,,,A,Y,N,D,1,0,0,0,22107.0,1,36.5744032,-120.3888993,3
2013,2013-05-20,720,5,1,7,1,N,A,Y,A,H,A,F,27,W,03,E,,,,Y,I,Y,N,D,1,0,0,0,22350.0,1,36.7405942,-119.8136836,4
2013,2013-05-21,1900,5,1,19,2,N,A,N,A,H,B,A,08,W,03,C,,,,,C,Y,N,D,1,0,0,0,22350.0,2,36.6542692,-119.3676039,3
2013,2013-05-24,640,5,1,6,5,N,A,Y,A,D,A,D,22,W,03,C,,,,,C,N,N,D,1,0,0,0,22350.0,2,36.7551104,-119.7642792,4
2013,2013-05-24,1150,5,1,11,5,Y,A,N,A,H,A,D,22,,09,D,,,,,C,Y,N,D,2,0,0,0,21800.0,2,36.7485951,-119.7319026,4
2013,2013-05-22,1435,5,1,14,3,N,A,N,A,H,A,C,02,E,05,A,,,Y,,C,Y,N,D,1,0,0,1,21650.0,2,36.8253016,-119.3505769,2
2013,2013-05-24,1215,5,1,12,5,Y,A,N,A,H,A,A,01,,09,D,,,,Y,C,Y,N,A,1,0,0,0,21802.0,2,36.912177,-119.7157815,4
2013,2013-05-20,849,5,1,8,1,N,A,N,A,H,A,D,22,W,09,D,,,,,C,Y,N,D,3,0,0,0,21804.0,2,36.7499487,-119.8656847,4
2013,2013-05-09,1619,5,1,16,4,Y,A,N,A,H,A,D,22,,09,D,,,,,C,Y,N,A,1,0,0,0,21801.0,2,36.8155451,-119.8174327,4
2013,2013-05-19,2225,5,1,22,7,N,A,N,A,H,D,A,01,E,01,F,,,,,A,Y,N,D,1,0,0,0,23152.0,1,36.4891983,-119.760976,3
2013,2013-05-14,1130,5,1,11,2,N,A,N,A,H,A,A,01,N,03,C,,,,,C,N,N,D,1,0,0,0,22350.0,2,36.7922148,-119.8086815,4
2013,2013-05-06,1805,5,1,18,1,N,A,Y,A,H,A,A,01,N,03,C,,,,,C,Y,N,D,1,0,0,0,22350.0,2,36.6930032,-119.7598464,3
2013,2013-05-05,130,5,1,1,7,N,A,N,A,H,D,A,07,E,01,E,,,,,I,Y,N,D,1,0,0,0,23152.0,1,36.8373504,-119.6156142,2
2013,2013-05-17,805,5,1,8,5,N,A,N,A,H,A,A,01,W,21,D,,,,,C,N,N,D,1,0,0,0,22106.0,2,36.6463976,-119.791268,4
2013,2013-05-11,1710,5,1,17,6,N,A,N,A,H,A,A,01,S,08,E,,,,,I,Y,N,D,1,0,0,0,22107.0,1,36.5490941,-119.5929173,4
2013,2013-05-18,1300,5,1,13,6,N,A,Y,A,H,A,A,01,W,03,C,,,,,C,N,N,D,1,0,0,0,22350.0,2,36.755108,-119.7626878,4
2013,2013-05-08,755,5,1,7,3,N,A,N,A,H,A,L,04,S,09,H,,Y,,,G,N,N,D,1,0,1,0,21800.0,2,36.4329458,-119.8640621,3
2013,2013-05-02,735,5,1,7,4,Y,A,N,A,H,A,A,01,,12,D,,,,,C,Y,N,A,2,0,0,0,22450.0,2,36.5470951,-119.7008426,4
2013,2013-05-04,1448,5,1,14,6,N,A,N,A,H,A,A,07,N,08,F,,,,,A,Y,N,D,7,0,0,0,22107.0,1,36.9266909,-119.7324266,2
2013,2013-05-11,1930,5,1,19,6,N,A,N,A,H,A,A,01,E,08,E,,,,,I,Y,N,D,1,0,0,0,22107.0,1,36.5616307,-119.8342713,4
2013,2013-05-13,1448,5,1,14,1,N,A,Y,A,D,A,C,02,W,03,C,,,Y,,C,N,N,D,1,0,0,1,22350.0,2,36.7548345,-119.7702684,3
2013,2013-05-12,1310,5,1,13,7,N,A,Y,A,D,A,A,07,E,08,B,,,,,C,Y,N,D,1,0,0,0,22107.0,2,36.7551083,-119.762847,4
2013,2013-05-09,553,5,1,5,4,Y,A,N,A,H,B,A,01,,12,D,,,,,C,Y,N,A,6,0,0,0,22450.0,2,36.6465051,-119.3402126,2
2013,2013-05-12,1925,5,1,19,7,Y,A,N,A,H,B,C,02,,08,F,,,Y,,A,N,N,A,1,0,0,1,22107.0,1,36.6633751,-119.7185626,3
2013,2013-05-11,1140,5,1,11,6,N,A,N,A,H,A,A,07,W,03,C,,,,,C,Y,N,A,1,0,0,0,22350.0,2,36.7064555,-119.6102408,4
2013,2013-05-15,1020,5,1,10,3,Y,A,Y,A,H,A,A,01,,09,D,,,,,C,Y,N,D,2,0,0,0,21801.0,2,36.7354791,-119.88072,4
2013,2013-05-08,145,5,1,1,3,Y,A,N,A,H,D,A,01,,01,E,,,,,I,Y,N,D,2,0,0,0,23152.0,1,36.701575,-119.7372026,3
2013,2013-05-03,1825,5,1,18,5,N,A,N,A,H,A,A,01,S,09,D,,,,,C,N,N,D,1,0,0,0,21801.0,2,36.7759762,-119.916362,4
2013,2013-05-08,1125,5,1,11,3,N,B,Y,A,H,A,C,02,W,03,E,,,Y,,I,Y,N,D,1,0,0,1,22350.0,1,,,3
2013,2013-05-22,1345,5,1,13,3,N,A,N,A,H,A,-,- ,,08,B,Y,,,,B,N,N,A,1,1,0,0,22107.0,3,36.576895,-119.6286526,2
2013,2013-05-07,1505,5,1,15,2,Y,A,N,A,H,A,A,01,,09,D,,Y,,,C,N,N,A,1,0,1,0,21453.0,2,36.8155451,-119.8174327,3
2013,2013-05-12,1450,5,1,14,7,N,A,Y,A,H,A,A,07,S,03,C,,,,,C,Y,N,A,3,0,0,0,22350.0,2,36.8524063,-119.7872313,4
2013,2013-05-11,1315,5,1,13,6,Y,A,N,A,H,A,A,01,,03,B,,,,,C,Y,N,D,1,0,0,0,22350.0,2,36.6335951,-119.5112826,4
2013,2013-05-07,2245,5,1,22,2,N,A,N,A,H,D,A,08,N,08,E,,,,,I,Y,N,D,2,0,0,0,22107.0,1,36.7063087,-119.0958596,3
2013,2013-05-02,1730,5,1,17,4,Y,A,N,A,H,A,A,07,,12,D,,,,,C,Y,N,A,3,0,0,0,22450.0,2,36.7643451,-119.9162726,3
2013,2013-05-03,2020,5,1,20,5,Y,A,N,A,H,D,A,08,,08,B,,,,,C,Y,N,D,2,0,0,0,22107.0,2,36.6178651,-119.3540926,4
2013,2013-05-11,1331,5,1,13,6,N,A,N,A,H,A,C,02,S,03,C,,,Y,,C,N,N,A,1,0,0,1,22350.0,2,36.7868892,-119.7004327,3
2013,2013-05-06,1250,5,1,12,1,N,A,Y,A,H,A,A,01,N,07,B,,,,,C,Y,N,D,1,0,0,0,21658.0,2,36.7641953,-119.7761494,4
2013,2013-05-02,2100,5,1,21,4,N,A,N,A,H,D,N,60,E,11,G,Y,,,,B,N,N,D,1,1,0,0,21954.0,2,36.7723054,-119.7644654,3
2013,2013-05-04,1312,5,1,13,6,N,A,N,A,H,A,C,02,E,03,F,,,Y,,A,Y,N,D,1,0,0,1,22350.0,1,36.98995932,-119.69370067,3
2013,2013-05-09,800,5,1,8,4,Y,A,N,A,H,A,N,60,,11,G,Y,,,,B,N,N,D,1,1,0,0,21950.0,2,36.7685551,-119.7454226,4
2013,2013-04-20,1015,4,1,10,6,Y,A,N,A,H,A,A,01,,03,C,,,,,C,Y,N,D,3,0,0,0,22350.0,3,36.7938251,-119.7056426,4
2013,2013-04-22,1735,4,1,17,1,N,A,Y,A,H,A,A,01,S,03,C,,,,,C,N,N,D,1,0,0,0,22350.0,2,36.7641051,-119.7764926,4
2013,2013-04-30,750,4,1,7,2,Y,A,N,A,H,A,A,07,,09,D,,,,,C,Y,N,A,2,0,0,0,21802.0,2,36.7647352,-119.6459626,4
2013,2013-04-25,2357,4,1,23,4,N,A,N,A,H,D,A,01,S,08,E,,,,,I,N,M,D,1,0,0,0,22107.0,1,36.72695236,-119.61007655,3
2013,2013-04-27,151,4,1,1,6,N,A,N,A,H,D,A,01,,01,E,,,,,I,Y,N,D,1,0,0,0,23152.0,1,,,3
2013,2013-04-25,2100,4,1,21,4,N,A,Y,A,H,D,A,07,N,08,E,,,,,I,Y,N,D,1,0,0,0,22107.0,1,36.8128433,-119.8934388,3
2013,2013-04-15,1224,4,1,12,1,N,A,Y,A,H,A,N,60,N,- ,G,Y,,,,B,N,N,D,1,1,0,0,,2,36.759229,-119.830789,3
2013,2013-04-14,1320,4,1,13,7,N,A,N,A,H,A,C,02,E,08,E,,,Y,,I,N,N,D,1,0,0,1,22107.0,1,36.8751231,-119.4693629,3
2013,2013-05-11,1625,5,1,16,6,N,A,Y,A,H,A,D,22,N,01,F,,,,,A,Y,N,D,1,0,0,0,23152.0,1,36.7841657,-120.7286838,4
2013,2013-05-10,2107,5,1,21,5,N,A,N,A,H,D,A,08,W,01,C,,,,,C,Y,N,D,1,0,0,0,23152.0,2,36.9816019,-120.5661273,4
2013,2013-04-23,1632,4,1,16,2,Y,A,N,A,H,A,-,- ,,10,G,Y,,,,G,N,N,D,1,1,0,0,21952.0,2,36.6122251,-119.5440826,3
2013,2013-05-25,1040,5,1,10,6,N,A,N,A,H,A,G,26,E,09,D,,,,Y,C,Y,N,D,2,0,0,0,21802.0,2,36.8665047,-119.5571553,2
2013,2013-05-28,1600,5,1,16,2,Y,A,N,A,H,A,D,22,,09,D,,,,,C,Y,N,A,2,0,0,0,21802.0,2,36.5471551,-119.6198425,3
2013,2013-05-20,1102,5,1,11,1,N,A,Y,A,H,A,D,22,N,03,C,,,,,C,Y,N,D,2,0,0,0,22350.0,3,36.7538709,-119.7807518,4
2013,2013-05-26,1114,5,1,11,7,Y,A,N,A,H,A,D,22,,09,D,,,,,C,Y,N,A,1,0,0,0,21802.0,2,36.7716951,-119.8982827,4
2013,2013-05-30,525,5,1,5,4,Y,A,N,A,H,A,-,- ,,00,D,,,,,C,N,N,A,2,0,0,0,,2,36.7722651,-119.7454026,3
2013,2013-05-20,1043,5,1,10,1,N,A,Y,A,H,A,F,27,E,03,C,,,,Y,C,Y,N,D,2,0,0,0,22350.0,2,36.7529799,-119.7863913,4
2013,2013-05-09,1323,5,1,13,4,Y,A,N,A,H,A,A,07,,12,D,,,,Y,C,Y,N,A,1,0,0,0,22450.0,2,36.7137351,-119.8624327,2
2013,2013-05-29,1611,5,1,16,3,N,A,Y,A,H,A,D,22,N,03,C,,,,,C,Y,N,A,2,0,0,0,22350.0,2,36.7500642,-120.0599878,4
2013,2013-05-30,538,5,1,5,4,Y,A,N,A,H,A,A,01,,12,D,,,,,C,N,N,A,2,0,0,0,22450.0,2,36.6196751,-119.5747826,4
2013,2013-05-25,1645,5,1,16,6,N,A,Y,A,H,A,A,01,N,03,C,,,,,C,Y,N,D,1,0,0,0,22350.0,2,36.528516,-119.7910726,4
2013,2013-05-29,545,5,1,5,3,N,A,N,A,H,B,D,22,W,09,D,,,,,C,Y,N,D,2,0,0,0,21804.0,2,36.7210823,-119.8537396,4
2013,2013-05-14,915,5,1,9,2,N,A,Y,A,H,A,E,22,W,03,C,,,,,C,Y,N,D,1,0,0,0,22350.0,3,36.755114,-119.7658706,4
2013,2013-05-19,130,5,1,1,7,N,A,Y,A,H,D,D,22,E,08,E,,,,,I,Y,N,D,3,0,0,0,22107.0,1,36.1369589,-120.2785893,3
2013,2013-05-18,1500,5,1,15,6,N,A,Y,A,D,A,A,08,W,03,C,,,,,C,Y,F,D,6,0,0,0,22350.0,5,36.755108,-119.7626878,3
2013,2013-05-18,1705,5,1,17,6,N,A,Y,A,D,A,D,23,E,03,C,,,Y,,C,Y,N,D,1,0,0,1,22350.0,4,36.7547777,-119.771119,3
2013,2013-05-18,1830,5,1,18,6,Y,A,N,A,H,A,D,22,,12,D,,,,,C,Y,F,A,1,0,0,0,22450.0,2,36.5181451,-119.8272027,4
2013,2013-05-12,2120,5,1,21,7,Y,A,Y,A,H,C,A,01,,01,D,,,,,C,Y,N,A,2,0,0,0,23152.0,2,36.7199696,-119.4483543,2
2013,2013-05-22,1657,5,1,16,3,N,A,N,A,H,A,A,01,E,09,D,,,,,J,Y,N,A,1,0,0,0,21802.0,2,36.80110098,-119.65879261,4
2013,2013-05-30,1313,5,1,13,4,N,A,N,A,H,A,A,01,N,08,F,,,,,A,Y,N,D,1,0,0,0,22107.0,1,36.6835007,-119.5743204,3
2013,2013-05-30,1005,5,1,10,4,N,A,N,A,H,A,A,01,E,08,E,,,,,J,Y,N,D,1,0,0,0,22107.0,1,36.6782042,-119.6905267,4
2013,2013-05-27,1904,5,1,19,1,N,A,Y,A,H,A,C,02,E,03,F,,,Y,,A,Y,N,D,1,0,0,1,22350.0,1,37.0216656,-119.5268002,2
2013,2013-05-19,2035,5,1,20,7,N,A,N,A,H,D,A,01,S,01,E,,,,,I,Y,N,D,1,0,0,0,23152.0,1,36.5602181,-119.7371127,2
2013,2013-05-18,1755,5,1,17,6,Y,A,N,A,H,A,A,01,,03,C,,,,,C,Y,N,D,2,0,0,0,22350.0,2,36.7069151,-119.7547826,4
2013,2013-05-16,1825,5,1,18,4,N,B,N,A,H,A,C,02,E,03,F,,,Y,,A,Y,N,D,1,0,0,1,22350.0,1,36.68518377,-119.0399453,3
2013,2013-05-25,1445,5,1,14,6,N,A,N,A,H,A,A,01,W,08,E,,,,,I,Y,N,D,2,0,0,0,22107.0,1,36.5736766,-119.3053127,4
2013,2013-05-26,2201,5,1,22,7,N,A,Y,A,H,C,A,01,S,03,C,,,,,C,Y,N,A,1,0,0,0,22350.0,3,36.489046,-119.7907895,4
2013,2013-05-25,1919,5,1,19,6,Y,A,N,A,H,A,A,01,,05,D,,,,,C,Y,N,D,2,0,0,0,21752.0,2,36.6054351,-119.6644326,4
2013,2013-05-25,1045,5,1,10,6,N,A,N,A,H,A,A,01,N,03,C,,,,,C,Y,N,A,1,0,0,0,22350.0,2,36.5894133,-119.3949726,4
2013,2013-05-20,1220,5,1,12,1,N,A,Y,A,H,A,A,08,N,03,C,,,,,C,N,N,A,1,0,0,0,22350.0,2,36.4896217,-119.7908287,4
2013,2013-05-26,545,5,1,5,7,N,A,Y,A,H,A,A,01,N,08,E,,,,,C,Y,N,D,1,0,0,0,22107.0,1,36.7641615,-119.8337799,4
2013,2013-05-23,1725,5,1,17,4,N,A,Y,A,H,A,A,01,S,07,H,,,Y,,A,Y,F,D,1,0,0,1,21658.0,2,36.7610927,-119.7753663,2
2013,2013-05-23,2300,5,1,23,4,N,A,Y,A,H,C,A,01,W,07,B,,,,,C,Y,N,D,1,0,0,0,21658.0,3,,,4
2013,2013-05-12,640,5,1,6,7,N,A,N,A,H,A,A,01,E,01,E,,,,,I,Y,N,D,1,0,0,0,23152.0,1,36.8076162,-119.9694285,3
2013,2013-05-20,715,5,1,7,1,Y,A,N,A,H,A,A,08,,09,D,,,,,C,Y,N,A,2,0,0,0,21802.0,2,36.7643451,-119.9162726,4
2013,2013-05-18,1200,5,1,12,6,Y,A,N,A,H,A,A,07,,06,D,,,,,C,N,N,D,1,0,0,0,21755.0,2,36.7931551,-119.6985626,4
2013,2013-05-16,1150,5,1,11,4,N,B,Y,A,H,A,A,01,E,03,C,,,,,C,Y,N,D,2,0,0,0,22350.0,3,36.7551216,-119.748373,2
2013,2013-05-23,925,5,1,9,4,N,A,Y,A,H,A,A,07,S,07,B,,,,,C,Y,N,D,2,0,0,0,21658.0,2,36.7007089,-119.7678505,3
2013,2013-05-19,1700,5,1,17,7,Y,A,N,A,H,A,A,01,,09,D,,,,,C,Y,N,A,1,0,0,0,21802.0,2,36.6054251,-119.7003326,4
2013,2013-05-26,1910,5,1,19,7,N,A,N,A,H,A,A,01,E,08,E,,,,,I,Y,N,D,1,0,0,0,22107.0,1,36.7327109,-119.4978458,4
2013,2013-05-24,1505,5,1,15,5,N,A,N,A,H,A,A,01,S,03,C,,,,,C,N,N,D,1,0,0,0,22350.0,2,36.8215505,-119.8174027,4
2013,2013-05-20,2102,5,1,21,1,N,A,Y,A,D,D,C,02,E,03,F,,,Y,,A,Y,N,A,1,0,0,1,22350.0,1,37.029295,-119.5208293,2
2013,2013-05-22,100,5,1,1,3,N,A,N,A,H,D,A,01,W,01,E,,,,,I,Y,N,D,1,0,0,0,23152.0,1,36.6323545,-119.353078,3
2013,2013-05-05,1600,5,1,16,7,N,A,N,A,H,A,A,01,E,09,D,,Y,,,G,N,N,D,1,0,1,0,21804.0,2,36.8646431,-119.3465277,3
2013,2013-05-02,1610,5,1,16,4,N,A,N,A,H,A,A,01,W,08,E,,,,,I,Y,N,D,1,0,0,0,22107.0,1,36.503505,-119.5875227,4
2013,2013-05-17,2008,5,1,20,5,N,A,N,A,H,A,A,01,W,01,E,,,,,I,Y,N,D,1,0,0,0,23152.0,1,36.66178583,-120.12806386,3
2013,2013-05-09,1100,5,1,11,4,N,A,Y,A,H,A,A,01,N,07,B,,,,,C,Y,F,D,1,0,0,0,21658.0,2,36.7740975,-119.8404172,4
2013,2013-05-09,1750,5,1,17,4,N,A,Y,A,H,A,A,01,W,08,B,,,,,C,Y,N,D,1,0,0,0,22107.0,2,,,4
2013,2013-05-17,1855,5,1,18,5,N,A,Y,A,D,A,A,01,W,03,C,,,,,C,Y,N,D,3,0,0,0,22350.0,2,36.7551054,-119.7609374,4
2013,2013-05-09,720,5,1,7,4,Y,A,Y,A,H,A,A,07,,09,D,,,,,C,Y,N,D,1,0,0,0,21802.0,2,36.7354791,-119.88072,3
2013,2013-05-18,1641,5,1,16,6,Y,A,N,A,H,A,A,08,,09,D,,,,,C,Y,N,A,1,0,0,0,21802.0,2,36.5906451,-119.5748226,4
2013,2013-05-14,1650,5,1,16,2,N,A,Y,A,H,A,A,01,E,03,C,,,,,C,Y,N,D,2,0,0,0,22350.0,3,36.7531184,-119.7840901,3
2013,2013-05-21,745,5,1,7,2,Y,A,N,A,H,A,A,01,,09,D,,,,,C,Y,N,A,1,0,0,0,21802.0,2,36.7939651,-119.8041026,4
2013,2013-05-11,640,5,1,6,6,N,A,Y,A,H,A,A,08,N,08,F,,,,,A,Y,N,D,1,0,0,0,22107.0,1,36.4598863,-119.7956881,4
2013,2013-05-24,1720,5,1,17,5,N,A,Y,A,H,A,A,01,N,03,C,,,,,C,Y,N,D,3,0,0,0,22350.0,2,36.4336297,-119.8006697,4
2013,2013-05-24,1725,5,1,17,5,N,A,N,A,H,A,A,08,E,03,C,,,,,C,N,N,D,1,0,0,0,22350.0,2,36.7790581,-119.8705751,4
2013,2013-05-20,807,5,1,8,1,Y,A,N,A,H,A,A,01,,09,D,,,,,C,Y,N,A,2,0,0,0,21802.0,2,36.7996851,-119.7005627,4
2013,2013-05-18,1945,5,1,19,6,N,A,N,A,H,A,A,01,S,01,E,,,,,I,Y,N,D,1,0,0,0,23152.0,1,36.5108192,-119.6111126,3
2013,2013-02-17,300,2,4,3,7,N,A,Y,A,H,D,A,07,W,01,E,,,,,I,Y,N,D,1,0,0,0,23152.0,1,37.0616032,-119.3582799,3
2013,2013-01-08,1841,1,4,18,2,N,A,N,A,H,C,A,01,W,03,C,,,,,C,Y,N,D,1,0,0,0,22350.0,2,36.8158359,-119.7453717,4
2013,2013-05-14,1300,5,1,13,2,N,A,N,A,H,A,A,01,S,08,F,,,,,A,Y,N,D,1,0,0,0,22107.0,1,36.7764899,-120.440815,3
2013,2013-05-23,1105,5,1,11,4,N,A,N,A,H,A,A,07,E,08,E,,,,,I,Y,N,D,2,0,0,0,22107.0,1,36.7488056,-120.4592937,2
2013,2013-05-27,1308,5,1,13,1,Y,A,N,A,H,A,A,01,,12,D,,,,,C,N,N,A,2,0,0,0,22450.0,2,36.7976051,-119.7226826,4
2013,2013-05-22,1855,5,1,18,3,Y,A,N,A,H,A,-,- ,,03,C,Y,,,,B,N,N,A,1,1,0,0,22350.0,2,36.5901551,-119.4442126,3
2013,2013-03-25,1707,3,1,17,1,Y,A,N,A,H,A,-,- ,,03,C,,,,,C,N,N,A,2,0,0,0,22350.0,2,36.6048251,-119.5298826,4
2012,2012-02-14,2028,2,4,20,2,N,A,N,A,H,D,A,01,S,08,D,,,,,C,N,N,D,2,0,0,0,22107.0,2,,,4
2013,2013-05-27,30,5,1,0,1,N,A,Y,B,G,C,-,- ,S,01,C,,,,,C,N,N,D,1,0,0,0,23152.0,2,36.5807151,-119.6342126,4
2013,2013-06-09,353,6,2,3,7,Y,A,N,A,H,C,-,- ,,08,E,,,,,I,N,N,A,1,0,0,0,22107.0,1,36.6041551,-119.4308126,3
2013,2013-06-02,1222,6,2,12,7,Y,A,N,A,H,A,-,- ,,03,C,,,,,C,N,N,A,1,0,0,0,22350.0,2,36.5762751,-119.6106726,4
2013,2013-06-09,1412,6,2,14,7,N,A,Y,A,H,A,A,01,W,05,A,,,,,C,Y,N,D,1,0,0,0,21460.0,2,36.093841,-120.4240158,4
2013,2013-04-29,1636,4,1,16,1,Y,A,N,A,H,A,-,- ,,09,C,,,,,D,N,N,D,1,0,0,0,21800.0,2,36.6335251,-119.6821426,4
2013,2013-06-05,40,6,2,0,3,N,A,Y,A,H,D,G,27,S,08,B,,,,Y,C,Y,N,D,4,0,0,0,22107.0,2,36.5717299,-120.5418876,4
2013,2013-06-06,2340,6,2,23,4,Y,A,Y,A,H,E,A,07,,09,D,,,,,C,Y,N,A,6,0,0,0,21802.0,2,36.078185,-120.1020726,3
2013,2013-06-02,1909,6,2,19,7,N,A,N,A,H,A,A,01,N,- ,E,,,,,I,Y,N,D,1,0,0,0,,1,36.4025545,-119.9771293,2
2013,2013-06-17,1045,6,2,10,1,N,A,N,A,H,A,D,22,W,08,E,,,,,I,Y,N,D,1,0,0,0,22107.0,1,36.13807834,-120.05995989,4
2013,2013-06-11,1915,6,2,19,2,N,A,Y,A,H,A,A,01,S,08,B,,,,Y,C,Y,N,D,1,0,0,0,22107.0,2,36.6280128,-120.6138161,4
2013,2013-06-05,1404,6,2,14,3,N,A,N,A,H,A,-,- ,S,09,C,,,,,C,N,N,A,2,0,0,0,21801.0,2,36.5928371,-119.4508718,4
2013,2013-06-16,1433,6,2,14,7,N,A,N,A,H,A,-,- ,N,08,A,,,,,C,N,M,D,3,0,0,0,22107.0,2,36.5959841,-119.4442126,4
2013,2013-05-26,150,5,1,1,7,N,A,Y,A,H,C,A,01,N,08,F,,,,,A,Y,N,D,2,0,0,0,22107.0,1,36.6483877,-120.6298451,3
2013,2013-05-30,1044,5,1,10,4,N,A,N,A,H,A,-,- ,E,03,C,,,,,C,N,N,A,1,0,0,0,22350.0,2,,,4
2013,2013-06-09,1545,6,2,15,7,N,A,N,A,H,A,D,22,N,03,C,,,,,C,Y,N,D,1,0,0,0,22350.0,2,36.794603,-119.8984589,4
2013,2013-06-11,2146,6,2,21,2,N,A,Y,A,H,C,D,22,W,03,C,Y,,,,C,Y,N,D,2,1,0,0,22350.0,3,36.7531878,-119.7836502,3
2013,2013-06-06,648,6,2,6,4,Y,A,Y,A,H,A,-,- ,,00,D,,,,,C,N,N,A,1,0,0,0,,2,36.7349864,-119.9699873,4
2013,2013-06-11,1837,6,2,18,2,Y,A,N,A,H,A,D,22,,09,D,,,,,C,Y,N,A,1,0,0,0,21802.0,2,36.6488951,-119.7638726,4
2013,2013-06-11,1840,6,2,18,2,Y,A,N,A,H,A,A,01,,09,D,,,,,C,Y,N,A,2,0,0,0,21801.0,2,36.7722651,-119.7454026,4
2013,2013-06-11,1700,6,2,17,2,N,A,Y,A,H,A,A,01,W,03,C,,,,,C,Y,N,D,2,0,0,0,22350.0,2,36.7533838,-119.7823597,3
2013,2013-06-20,1735,6,2,17,4,Y,A,N,A,H,A,A,01,,09,D,,,,,C,Y,N,D,1,0,0,0,21801.0,2,36.8228551,-119.8038926,4