ACCIDENT_YEAR,COLLISION_DATE,COLLISION_TIME,MONTH,SEASON,24HOURS,DAY_OF_WEEK,INTERSECTION,WEATHER_1,STATE_HWY_IND,ROAD_SURFACE,ROAD_COND_1,LIGHTING,STWD_VEHTYPE_AT_FAULT,CHP_VEHTYPE_AT_FAULT,DIRECTION,PCF_VIOL_CATEGORY,TYPE_OF_COLLISION,PEDESTRIAN_ACCIDENT,BICYCLE_ACCIDENT,MOTORCYCLE_ACCIDENT,TRUCK_ACCIDENT,MVIW,TOW_AWAY,HIT_AND_RUN,CONTROL_DEVICE,NUMBER_INJURED,COUNT_PED_INJURED,COUNT_BICYCLIST_INJURED,COUNT_MC_INJURED,PCF_VIOLATION,PARTY_COUNT,POINT_Y,POINT_X,COLLISION_SEVERITY
2014,2014-10-16,1845,10,3,18,4,Y,A,N,A,H,B,A,01,,01,D,,,,,C,Y,N,A,1,0,0,0,23152.0,2,36.66342007,-119.63695995,3
2014,2014-10-24,1745,10,3,17,5,N,A,N,A,H,B,D,22,E,03,C,,,,,C,Y,N,D,1,0,0,0,22350.0,2,36.79318,-119.69933174,4
2014,2014-10-25,1105,10,3,11,6,Y,A,N,A,H,A,A,01,,09,D,,,,,C,N,N,A,1,0,0,0,21802.0,2,36.8810401,-119.68395992,4
2014,2014-10-24,1210,10,3,12,5,Y,A,N,A,H,A,A,01,,09,D,,,,,C,Y,N,A,1,0,0,0,21802.0,2,36.80831002,-119.6369899,3
2014,2014-10-26,1120,10,3,11,7,N,A,N,A,H,A,A,08,W,03,C,,,,,C,Y,N,D,1,0,0,0,22350.0,2,36.67771258,-119.61944494,4
2014,2014-10-22,710,10,3,7,3,N,A,Y,A,H,A,A,01,W,03,C,,,,,C,Y,N,A,2,0,0,0,22350.0,3,36.75513405,-119.73984155,4
2014,2014-10-23,1216,10,3,12,4,N,A,Y,A,H,A,D,22,E,03,C,,,,,C,Y,N,D,1,0,0,0,22350.0,2,36.75268238,-119.69760849,4
2014,2014-10-01,920,10,3,9,3,Y,A,N,A,H,A,A,01,,09,D,,,,,C,Y,N,D,3,0,0,0,21802.0,3,36.81497002,-119.98845987,3
2014,2014-10-25,1415,10,3,14,6,Y,A,N,A,H,A,G,25,,09,D,,,,Y,C,Y,N,A,1,0,0,0,21802.0,2,36.60544003,-119.70031987,4
2014,2014-10-28,1833,10,3,18,2,Y,A,N,A,H,D,D,22,,05,B,,,,,C,Y,N,D,2,0,0,0,21752.0,2,36.67685004,-119.45744986,3
2014,2014-10-20,1135,10,3,11,1,Y,A,N,A,H,A,A,01,,09,D,,,,,C,Y,N,A,2,0,0,0,21802.0,2,36.67808002,-119.66386992,3
2014,2014-10-20,830,10,3,8,1,Y,A,N,A,H,A,D,22,,09,A,,,,,C,Y,N,A,2,0,0,0,21801.0,2,36.5908101,-119.62856995,3
2014,2014-09-04,1757,9,3,17,4,Y,A,N,A,H,A,-,,,09,C,,,,,C,N,N,A,1,0,0,0,21802.0,2,36.6995101,-119.54136989,4
2014,2014-09-24,748,9,3,7,3,N,A,N,A,H,A,A,01,E,10,G,Y,,,,B,N,N,A,1,1,0,0,21950.0,2,36.70677041,-119.57423933,4
2014,2014-09-27,1938,9,3,19,6,N,A,N,A,H,C,-,,E,03,C,,,,,C,N,F,A,1,0,0,0,22350.0,2,36.7132224,-119.56509941,4
2014,2014-06-29,1547,6,2,15,7,Y,A,N,A,H,A,-,,,10,-,,Y,,,G,N,N,A,1,0,1,0,21950.0,2,36.86260002,-120.45853998,3
2014,2014-03-30,836,3,1,8,7,N,A,N,B,H,A,-,,S,- ,E,,,,,I,Y,N,D,1,0,0,0,,1,36.70480884,-119.55699177,4
2014,2014-10-19,1530,10,3,15,7,N,A,N,A,H,A,A,01,N,08,E,,,,,I,Y,N,D,1,0,0,0,22107.0,1,36.67880568,-119.44848037,3
2014,2014-10-12,1025,10,3,10,7,N,A,N,A,H,A,C,02,S,03,F,,,Y,,A,Y,N,D,1,0,0,1,22350.0,1,36.97787242,-119.72014099,2
2014,2014-10-30,1615,10,3,16,4,N,A,N,A,H,A,D,22,W,08,F,,,,,A,Y,N,D,1,0,0,0,22107.0,1,36.67771303,-119.56577071,3
2014,2014-11-04,1625,11,3,16,2,N,A,Y,A,H,A,A,01,N,03,C,,,,,C,Y,N,D,2,0,0,0,22350.0,2,36.77952933,-120.06028347,4
2014,2014-10-30,220,10,3,2,4,N,A,N,A,H,D,D,22,S,01,F,,,,,A,Y,N,D,1,0,0,0,23152.0,1,36.94989773,-119.72800264,4
2014,2014-11-04,740,11,3,7,2,N,A,Y,A,H,A,A,01,S,03,C,,,,,C,N,N,D,1,0,0,0,22350.0,2,36.64093,-119.69992,4
2014,2014-10-25,1530,10,3,15,6,N,A,Y,A,H,A,A,01,W,01,C,,,,Y,C,Y,N,A,1,0,0,0,23152.0,2,36.73501978,-119.97033841,3
2014,2014-10-29,2307,10,3,23,3,N,A,Y,A,H,D,A,08,N,03,C,,,,Y,C,Y,N,D,1,0,0,0,22350.0,2,36.78149134,-119.74903247,2
2014,2014-11-01,1120,11,3,11,6,N,B,Y,B,H,A,A,01,E,08,D,,,,,C,Y,N,D,2,0,0,0,22107.0,2,37.03562019,-119.51010054,2
2014,2014-11-01,1025,11,3,10,6,N,A,N,A,H,A,G,25,E,08,F,,,,Y,A,Y,N,D,1,0,0,0,22107.0,1,36.42954733,-120.13361817,3
2014,2014-11-04,145,11,3,1,2,N,A,N,A,H,D,A,07,N,08,E,,,,,I,Y,N,D,1,0,0,0,22107.0,1,36.73743873,-119.61003,3
2014,2014-10-08,630,10,3,6,3,N,A,N,A,H,A,D,22,S,03,C,,,,,C,Y,N,D,3,0,0,0,22350.0,3,36.68994149,-119.69996001,4
2014,2014-10-31,735,10,3,7,5,N,A,Y,A,H,A,A,08,E,08,E,,,,,J,Y,N,D,1,0,0,0,22107.0,2,36.73859639,-119.66167721,4
2014,2014-11-01,1400,11,3,14,6,N,C,Y,B,H,A,A,01,N,03,C,,,,,C,Y,N,D,1,0,0,0,22350.0,2,36.79687058,-119.78509531,4
2014,2014-10-30,1525,10,3,15,4,N,B,N,A,H,A,A,01,N,08,F,,,,,A,Y,N,D,1,0,0,0,22107.0,1,36.59302874,-119.59340135,3
2014,2014-10-22,2320,10,3,23,3,N,A,Y,A,H,D,A,01,S,08,E,,,,,I,Y,F,D,1,0,0,0,22107.0,1,36.77951377,-119.78457684,4
2014,2014-10-21,735,10,3,7,2,N,A,Y,A,H,A,A,07,S,08,F,,,,,A,Y,N,D,6,0,0,0,22107.0,1,36.71386809,-119.78465785,2
2014,2014-10-26,415,10,3,4,7,N,A,Y,A,H,D,A,01,N,08,E,,,,,I,Y,N,D,1,0,0,0,22107.0,1,36.53573913,-120.4947643,2
2014,2014-10-25,1605,10,3,16,6,Y,A,Y,A,H,A,-,,,12,D,,,,,C,N,N,A,1,0,0,0,21453.0,2,36.5179,-119.54788988,4
2014,2014-10-19,803,10,3,8,7,N,A,N,A,H,A,-,,S,03,E,,,,,I,Y,N,D,1,0,0,0,22350.0,1,36.51163604,-119.55685079,4
2014,2014-10-09,1520,10,3,15,4,N,A,Y,A,H,A,-,,W,04,C,,,,,C,N,N,A,1,0,0,0,21703.0,2,36.51789,-119.55928562,4
2014,2014-10-03,1209,10,3,12,5,N,A,Y,A,H,A,-,,W,03,C,,,,,C,N,N,A,4,0,0,0,22350.0,2,36.51789,-119.55929242,4
2014,2014-10-13,734,10,3,7,1,Y,A,Y,A,H,A,-,,,10,G,Y,,,,B,N,N,A,1,1,0,0,21950.0,2,,,4
2014,2014-09-18,728,9,3,7,4,N,A,N,A,H,A,N,60,W,11,G,Y,,,,B,N,N,D,1,1,0,0,21954.0,2,36.59325996,-119.43291561,4
2014,2014-10-26,1806,10,3,18,7,Y,A,N,A,H,A,-,,,09,C,,,,,C,N,N,A,1,0,0,0,21802.0,2,36.5896801,-119.43982998,4
2014,2014-10-16,1025,10,3,10,4,Y,A,N,A,H,A,-,,,09,C,,,,,C,N,N,D,2,0,0,0,21801.0,2,36.51554003,-119.55177998,3
2014,2014-09-15,901,9,3,9,1,N,A,Y,A,H,A,J,48,W,03,E,,,,,J,Y,N,D,1,0,0,0,22350.0,1,36.75471881,-119.73736128,4
2014,2014-09-15,900,9,3,9,1,N,A,Y,A,H,A,J,48,W,08,E,,,,,J,Y,N,D,1,0,0,0,22107.0,1,36.75471881,-119.73736128,4
2014,2014-10-11,1854,10,3,18,6,N,A,N,A,H,C,-,,S,01,C,,,,,C,Y,N,A,4,0,0,0,23152.0,3,36.83731472,-119.70009,4
2014,2014-10-05,835,10,3,8,7,N,A,N,A,H,A,L,04,S,03,F,,Y,,,A,N,N,D,1,0,1,0,22350.0,1,36.92071789,-119.71252146,3
2014,2014-10-30,1717,10,3,17,4,N,A,N,A,H,A,A,01,S,08,E,,,,,I,Y,N,D,1,0,0,0,22107.0,1,36.69711493,-119.13307786,4
2014,2014-10-26,435,10,3,4,7,N,A,Y,A,H,C,A,01,N,01,C,,,,,C,Y,N,D,1,0,0,0,23152.0,2,36.74272931,-119.77749833,4
2014,2014-10-27,1505,10,3,15,1,N,A,N,A,H,A,A,08,N,08,E,,,,,I,Y,N,A,3,0,0,0,22107.0,1,36.77180137,-119.8982504,3
2014,2014-10-27,1030,10,3,10,1,Y,A,N,A,H,A,A,07,,09,D,,,,,C,Y,N,D,2,0,0,0,21801.0,2,36.75736005,-119.85322995,4
2014,2014-10-31,1007,10,3,10,5,N,A,N,A,H,A,-,- ,N,18,E,,Y,,,H,N,N,D,1,0,1,0,,1,36.66961684,-119.44854,3
2014,2014-10-31,1535,10,3,15,5,N,A,Y,A,H,A,A,01,N,03,C,,,,,C,N,N,D,2,0,0,0,22350.0,2,36.75383352,-119.82746651,4
2014,2014-10-25,1151,10,3,11,6,N,A,N,A,H,A,C,02,W,03,E,,,Y,,I,N,N,D,1,0,0,1,22350.0,1,36.98041366,-119.72198009,2
2014,2014-10-30,2140,10,3,21,4,N,A,N,A,H,D,A,07,E,10,G,Y,,,,B,N,N,A,1,1,0,0,21950.0,2,36.43086008,-119.85550622,4
2014,2014-10-25,1020,10,3,10,6,N,A,Y,A,D,A,A,07,S,03,C,,,,,C,Y,N,D,1,0,0,0,22350.0,4,36.63344653,-119.69174404,3
2014,2014-10-24,1910,10,3,19,5,N,A,N,A,H,A,A,07,E,08,E,,,,,I,N,N,D,1,0,0,0,22107.0,1,36.66342836,-119.76015225,3
2014,2014-10-09,748,10,3,7,4,N,A,Y,A,H,A,A,01,N,08,D,,,,,C,Y,N,D,2,0,0,0,22107.0,2,36.79395722,-119.8661595,3
2014,2014-10-29,1526,10,3,15,3,N,A,N,A,H,A,A,07,W,03,C,,,,,C,N,N,D,1,0,0,0,22350.0,2,36.85223,-119.72983,4
2014,2014-10-30,1205,10,3,12,4,N,A,Y,A,H,A,A,01,S,08,E,,,,,I,Y,N,D,2,0,0,0,22107.0,1,36.66980248,-119.73154394,4
2014,2014-10-29,810,10,3,8,3,N,A,Y,A,H,A,A,01,N,08,E,,,,,I,Y,N,D,1,0,0,0,22107.0,1,36.61079869,-119.66730308,4
2014,2014-10-24,2005,10,3,20,5,N,A,N,A,H,D,A,01,W,08,E,,,,,I,Y,N,D,1,0,0,0,22107.0,1,36.7498586,-119.91650725,4
2014,2014-10-22,730,10,3,7,3,N,A,Y,A,H,A,A,01,S,03,C,,,,,C,Y,N,A,1,0,0,0,22350.0,2,36.75388052,-119.77863322,3
2014,2014-10-04,852,10,3,8,6,Y,A,N,A,H,A,A,01,,09,H,,Y,,,G,N,F,A,1,0,1,0,21802.0,2,36.63083009,-119.66435999,3
2014,2014-10-22,825,10,3,8,3,N,A,Y,A,H,A,A,01,S,03,C,,,,,C,Y,N,D,2,0,0,0,22350.0,2,36.76496,-119.77707,4
2014,2014-10-23,1725,10,3,17,4,N,A,Y,A,H,A,A,01,S,03,C,,,,,C,Y,N,D,4,0,0,0,22350.0,4,36.54331241,-119.78611995,4
2014,2014-10-30,345,10,3,3,4,N,A,N,A,H,A,C,02,S,08,F,,,Y,,A,N,N,D,1,0,0,1,22107.0,1,37.05968803,-119.3680447,3
2014,2014-10-23,655,10,3,6,4,N,A,N,A,H,B,D,22,W,09,B,,,,,C,Y,N,D,1,0,0,0,21801.0,3,36.42981,-120.05033816,4
2014,2014-10-23,1215,10,3,12,4,N,A,Y,A,H,A,A,01,E,- ,B,,,,Y,C,Y,N,D,3,0,0,0,,4,36.75311792,-119.69547432,4
2014,2014-10-27,830,10,3,8,1,Y,A,N,A,H,A,A,01,,09,D,,,,Y,C,Y,N,A,1,0,0,0,21802.0,2,36.51819005,-119.70080999,4
2014,2014-11-01,315,11,3,3,6,N,B,N,B,H,D,D,22,W,08,E,,,,,I,Y,N,D,2,0,0,0,22107.0,2,36.83721552,-119.57013221,2
2014,2014-11-07,720,11,3,7,5,N,E,N,A,H,A,A,01,N,03,D,,,,Y,C,Y,N,A,2,0,0,0,22350.0,2,36.58302372,-119.52119987,2
2014,2014-11-07,1840,11,3,18,5,N,A,Y,A,H,D,D,22,S,01,B,,,,,C,Y,N,A,1,0,0,0,23152.0,2,36.74220035,-120.06009808,4
2014,2014-11-01,400,11,3,4,6,N,C,Y,B,H,C,A,01,N,01,E,,,,,I,Y,N,D,1,0,0,0,23152.0,1,36.78731649,-119.78415938,2
2014,2014-11-05,740,11,3,7,3,N,A,Y,A,H,A,A,01,W,07,B,,,,,C,N,N,D,1,0,0,0,21658.0,2,36.76515,-119.7495,4
2014,2014-11-08,1510,11,3,15,6,N,A,Y,A,H,A,A,01,E,08,E,,,,,I,Y,N,D,1,0,0,0,22107.0,1,36.81647613,-118.90842978,4
2014,2014-11-13,720,11,3,7,4,N,B,Y,B,H,A,A,01,W,03,E,,,,,I,Y,N,D,1,0,0,0,22350.0,1,36.94734451,-119.50636448,4
2014,2014-11-01,1610,11,3,16,6,N,B,Y,A,H,A,A,07,W,08,E,,,,,I,Y,N,D,1,0,0,0,22107.0,1,36.73572493,-119.61179748,4
2014,2014-11-01,1635,11,3,16,6,N,B,Y,B,H,A,A,07,N,01,E,,,,,I,Y,N,D,1,0,0,0,23152.0,1,36.76112504,-119.77563569,3
2014,2014-11-02,1605,11,3,16,7,N,B,N,A,H,A,A,01,E,08,F,,,,,A,Y,N,D,1,0,0,0,22107.0,1,36.66351003,-119.67830237,4
2014,2014-11-02,1620,11,3,16,7,N,B,Y,A,H,A,A,07,S,03,C,,,,,C,Y,N,D,2,0,0,0,22350.0,2,36.82057182,-119.7851555,4
2014,2014-11-02,113,11,3,1,7,Y,B,N,A,H,D,D,22,,01,D,,,,,C,Y,N,A,1,0,0,0,23152.0,2,36.86658002,-119.71119998,3
2014,2014-11-01,12,11,3,0,6,N,C,Y,B,H,C,A,01,S,03,E,,,,,I,Y,N,D,3,0,0,0,22350.0,1,36.80663871,-119.78542609,4
2014,2014-11-01,1540,11,3,15,6,N,B,Y,B,H,A,A,01,N,03,B,,,,,C,Y,N,D,1,0,0,0,22350.0,3,36.77956025,-119.78457376,2
2014,2014-11-03,1810,11,3,18,1,N,A,N,A,H,D,A,01,E,03,C,,,,,C,Y,N,D,2,0,0,0,22350.0,4,36.8229,-119.79461393,4
2014,2014-11-01,1420,11,3,14,6,N,B,Y,B,H,A,A,07,N,03,C,,,,,C,N,N,D,3,0,0,0,22350.0,2,36.80358095,-119.78511961,4
2014,2014-11-01,2355,11,3,23,6,N,A,N,A,H,C,A,07,W,01,E,,,,,I,Y,N,D,2,0,0,0,23152.0,1,36.80854944,-119.80104413,3
2014,2014-11-14,635,11,3,6,5,N,E,Y,B,H,A,A,01,N,03,C,,,,,C,N,N,D,2,0,0,0,22350.0,2,36.434404,-119.80048992,4
2014,2014-10-31,1855,10,3,18,5,N,F,N,A,H,C,A,07,N,03,C,,,,,C,N,N,D,3,0,0,0,22350.0,4,36.65160807,-119.57462604,4
2014,2014-11-01,30,11,3,0,6,N,C,N,A,H,C,A,01,N,01,E,,,,,I,Y,N,D,1,0,0,0,23152.0,1,36.82640565,-119.799314,2
2014,2014-10-30,1235,10,3,12,4,N,A,Y,A,H,A,-,,N,03,C,,,Y,,C,Y,N,D,1,0,0,1,22350.0,2,36.80945343,-119.78543,3
2014,2014-11-07,1510,11,3,15,5,N,A,Y,A,H,A,A,01,N,03,C,,,,,C,Y,N,D,4,0,0,0,22350.0,3,36.54902987,-119.78608846,2
2014,2014-10-27,750,10,3,7,1,N,A,Y,A,H,A,A,08,S,03,C,,,,,C,Y,N,D,2,0,0,0,22350.0,2,36.76501461,-119.77711965,3
2014,2014-11-04,1310,11,3,13,2,Y,A,N,A,H,A,A,01,,09,E,,,,,J,Y,N,D,1,0,0,0,21802.0,2,36.6995101,-119.54136989,4
2014,2014-10-30,155,10,3,1,4,N,A,Y,A,H,D,A,07,N,08,E,,,,,I,Y,N,D,2,0,0,0,22107.0,1,36.61234683,-119.66857912,3
2014,2014-10-31,2220,10,3,22,5,N,C,N,B,H,C,N,60,W,11,G,Y,,,,B,N,F,D,1,1,0,0,21954.0,2,36.75744689,-119.83624228,3
2014,2014-10-30,1121,10,3,11,4,Y,A,N,A,H,A,-,,,08,C,,,,,C,N,N,D,1,0,0,0,22107.0,2,36.58137003,-119.62864999,4
2014,2014-10-07,1125,10,3,11,2,N,A,Y,A,H,A,A,01,N,03,C,,,,,C,Y,N,A,2,0,0,0,22350.0,2,36.54741794,-119.78609343,4
2014,2014-10-17,750,10,3,7,5,N,A,Y,A,H,A,A,01,N,03,C,,,,,C,Y,N,D,1,0,0,0,22350.0,4,36.76499951,-119.83447395,3
2014,2014-10-15,1523,10,3,15,3,N,A,N,A,H,A,N,60,E,11,G,Y,,,,B,N,N,D,1,1,0,0,21954.0,2,36.77907522,-119.86994501,4
2014,2014-10-17,1545,10,3,15,5,N,A,Y,A,H,A,A,01,S,03,C,,,,,C,Y,N,D,1,0,0,0,22350.0,2,36.70463736,-119.77200549,4
2014,2014-10-17,1640,10,3,16,5,N,A,Y,A,H,A,A,01,S,03,C,,,,,C,Y,N,D,1,0,0,0,22350.0,2,36.74290397,-119.81889086,4
2014,2014-10-17,1255,10,3,12,5,N,B,Y,A,H,A,A,07,E,07,E,,,,,I,Y,N,D,1,0,0,0,21658.0,1,36.75514057,-119.76569948,4
2014,2014-10-10,1945,10,3,19,5,Y,A,N,A,H,D,-,- ,,00,G,Y,,,,B,N,F,A,1,1,0,0,,2,36.77406004,-119.7408299,2
2014,2014-10-19,2115,10,3,21,7,N,A,Y,A,D,D,A,01,E,03,C,,,,,C,N,N,D,4,0,0,0,22350.0,3,36.75377914,-119.78154699,4
2014,2014-10-25,1200,10,3,12,6,Y,A,N,A,H,A,A,01,,09,D,,,,,C,N,N,A,1,0,0,0,21802.0,2,36.75736005,-119.85322995,4
2014,2014-10-21,1520,10,3,15,2,N,A,Y,A,H,A,A,01,S,03,C,,,,,C,N,N,D,1,0,0,0,22350.0,2,36.67712953,-119.78574323,4
2014,2014-10-23,2235,10,3,22,4,Y,A,N,A,H,C,A,01,,09,A,,,,,C,Y,N,A,1,0,0,0,21801.0,2,36.67791008,-119.73681988,3
2014,2014-10-23,1743,10,3,17,4,N,A,Y,A,H,A,A,01,S,03,C,,,,,C,N,N,D,1,0,0,0,22350.0,2,36.77924469,-119.78494519,4
2014,2014-10-26,1840,10,3,18,7,N,A,Y,A,H,D,A,01,N,03,C,,,,,C,Y,N,A,5,0,0,0,22350.0,2,36.4320056,-119.80097732,4
2014,2014-10-13,810,10,3,8,1,N,A,Y,A,H,A,A,01,S,08,E,,,,,I,Y,N,D,3,0,0,0,22107.0,1,36.59152974,-119.78595874,3
2014,2014-10-27,115,10,3,1,1,N,A,Y,A,H,C,A,01,S,08,E,,,,,I,Y,N,D,1,0,0,0,22107.0,1,36.77143796,-119.83830657,4
2014,2014-10-29,1710,10,3,17,3,N,A,N,A,H,A,A,01,S,10,G,Y,,,,B,Y,N,A,1,1,0,0,21950.0,2,36.81555786,-119.80852853,4
2014,2014-11-12,1530,11,3,15,3,Y,A,N,A,H,A,-,,,03,E,,Y,,,G,N,N,-,1,0,1,0,22350.0,2,36.57712004,-119.61068994,4
2014,2014-07-11,2138,7,2,21,5,Y,A,N,A,H,C,-,,,12,C,,,,,C,N,N,A,5,0,0,0,21453.0,2,36.62901,-119.68099987,3
2014,2014-11-04,1236,11,3,12,2,Y,A,N,A,H,A,-,,,09,C,,,,,C,Y,N,D,1,0,0,0,21802.0,2,36.62606003,-119.6777199,4
2014,2014-11-09,635,11,3,6,7,N,B,Y,A,H,B,A,01,N,08,E,,,,,I,Y,N,D,1,0,0,0,22107.0,1,36.88343181,-120.49091906,3
2014,2014-11-06,350,11,3,3,4,N,B,N,A,H,D,A,01,N,08,E,,,,,I,Y,N,D,1,0,0,0,22107.0,1,37.02734745,-120.56290905,3
2014,2014-10-18,930,10,3,9,6,Y,A,N,A,H,A,-,,,12,C,,,,,C,Y,N,A,2,0,0,0,21453.0,2,36.603756,-119.6531685,4
2014,2014-10-09,614,10,3,6,4,Y,A,N,A,H,B,-,,,12,C,,,,,C,Y,N,A,3,0,0,0,21453.0,2,36.60547002,-119.65474994,4
2014,2014-11-14,1150,11,3,11,5,N,A,N,A,H,A,A,01,E,08,E,,,,,I,Y,N,D,1,0,0,0,22107.0,1,36.13753307,-120.19983688,4
2014,2014-11-05,2008,11,3,20,3,Y,A,N,A,H,D,-,,,01,D,,,,,E,Y,N,D,1,0,0,0,23152.0,2,36.80485,-119.70913988,4
2014,2014-11-09,2125,11,3,21,7,N,A,Y,A,H,D,A,01,N,08,F,,,,,A,Y,N,D,1,0,0,0,22107.0,1,36.5013039,-120.45525654,4
2014,2014-11-13,1815,11,3,18,4,Y,B,N,A,H,D,A,07,,05,D,,,,,C,N,N,D,1,0,0,0,21752.0,2,36.64167009,-119.73677997,4
2014,2014-11-13,1739,11,3,17,4,N,A,Y,A,H,A,A,01,S,03,C,,,,,C,Y,N,D,1,0,0,0,22350.0,2,36.75804145,-119.83001439,4
2014,2014-11-13,1145,11,3,11,4,N,B,Y,A,H,A,G,25,N,03,C,,,,Y,C,N,N,D,1,0,0,0,22350.0,2,36.5885978,-119.64303555,4
2014,2014-11-14,735,11,3,7,5,N,A,N,A,H,A,A,01,S,05,A,,,,Y,C,Y,N,D,1,0,0,0,21650.0,2,36.96607631,-119.63693098,4
2014,2014-10-28,1035,10,3,10,2,N,A,Y,A,H,A,G,25,N,08,F,,,,Y,A,N,N,D,1,0,0,0,22107.0,1,36.75870332,-119.83062475,3
2014,2014-11-02,2010,11,3,20,7,Y,A,Y,A,H,D,D,22,,09,D,,,Y,,C,Y,F,D,1,0,0,1,21802.0,2,36.73587186,-119.58301311,2
2014,2014-11-04,1630,11,3,16,2,N,A,N,A,H,B,N,60,W,11,G,Y,,,,B,Y,N,A,1,1,0,0,21966.0,2,36.73591013,-119.70239682,3
2014,2014-11-09,1600,11,3,16,7,Y,A,N,A,H,A,C,02,,09,D,,,Y,,C,N,N,A,1,0,0,1,21800.0,2,36.4328701,-119.86529987,2
2014,2014-11-07,1315,11,3,13,5,Y,A,N,A,H,A,A,01,,09,D,,,,Y,C,Y,N,A,1,0,0,0,21802.0,2,36.67808002,-119.66386992,4
2014,2014-11-11,915,11,3,9,2,Y,E,N,A,H,A,D,22,,09,D,,,,Y,C,Y,N,A,1,0,0,0,21802.0,2,36.66336003,-119.71853993,4
2014,2014-11-10,1538,11,3,15,1,Y,A,N,A,H,A,D,22,,05,D,,,,,C,Y,N,D,4,0,0,0,21752.0,2,36.57466006,-119.37699987,4
2014,2014-11-09,730,11,3,7,7,N,E,N,A,H,A,D,22,W,03,C,,,,,C,Y,N,D,1,0,0,0,22350.0,2,36.6486,-119.84450725,4
2014,2014-10-30,710,10,3,7,4,Y,A,N,A,H,A,H,14,,09,D,,,,,C,Y,N,D,1,0,0,0,21801.0,2,36.77937005,-119.65500988,4
2014,2014-11-07,815,11,3,8,5,Y,E,N,A,H,A,A,01,,12,D,,,,,C,Y,N,A,1,0,0,0,22450.0,2,36.60513001,-119.59266996,4
2014,2014-11-08,1145,11,3,11,6,N,A,N,A,H,A,D,22,E,03,C,,,,,D,N,N,A,1,0,0,0,22350.0,2,36.66346054,-119.74564845,3
2014,2014-11-07,1230,11,3,12,5,N,A,Y,A,H,A,A,01,N,03,C,,,,,C,N,N,D,1,0,0,0,22350.0,2,36.79471544,-119.78513739,4
2014,2014-11-10,355,11,3,3,1,N,A,Y,A,H,C,A,07,S,03,C,,,,,C,Y,N,D,2,0,0,0,22350.0,2,36.67274872,-119.7349051,4
2014,2014-11-05,1715,11,3,17,3,Y,A,N,A,H,B,A,07,,01,D,,,,Y,C,Y,N,A,3,0,0,0,23152.0,2,36.64880006,-119.77278989,2
2014,2014-11-13,1110,11,3,11,4,N,B,N,B,H,A,D,22,W,03,C,,,,,C,N,N,A,1,0,0,0,22350.0,2,36.60527,-119.79096171,4
2014,2014-11-07,1558,11,3,15,5,N,A,Y,A,H,A,A,01,S,08,B,,,,Y,C,Y,N,D,1,0,0,0,22107.0,2,36.60480251,-119.66073272,3
2014,2014-11-09,1600,11,3,16,7,N,A,N,A,H,A,D,22,N,03,D,,,,,C,N,N,D,3,0,0,0,22350.0,2,36.54010961,-119.84522,4
2014,2014-11-22,1936,11,3,19,6,N,A,N,A,H,D,A,01,E,08,E,,,,,I,Y,N,D,0,0,0,0,22107.0,1,36.66735038,-120.54882824,1
2014,2014-12-02,1515,12,4,15,2,Y,B,N,A,H,A,A,01,,09,D,,,,Y,C,Y,N,A,0,0,0,0,21802.0,2,36.66320005,-119.59248998,1
2014,2014-11-22,1740,11,3,17,6,N,A,Y,A,H,D,A,01,W,03,C,,,,,C,Y,N,D,1,0,0,0,22350.0,2,36.73494862,-120.02850067,1
2015,2015-01-21,642,1,4,6,3,N,F,N,B,H,C,-,,E,03,C,,,,,C,N,N,D,1,0,0,0,22350.0,2,36.6049301,-119.53879996,1
2015,2015-01-28,300,1,4,3,3,N,E,Y,B,H,D,G,79,N,08,G,Y,,,Y,E,Y,N,D,1,0,0,0,22107.0,3,36.68047754,-119.78573979,1
2015,2015-01-29,940,1,4,9,4,N,E,N,B,H,A,-,,,03,G,Y,,,,B,N,N,A,4,2,0,0,22350.0,4,36.60926,-119.53884998,1
2015,2015-01-28,19,1,4,0,3,N,A,N,A,H,D,A,01,N,01,E,,,,,I,Y,N,D,0,0,0,0,23152.0,1,36.70675,-119.54301,1
2013,2013-02-10,2040,2,4,20,7,N,A,N,A,H,C,L,04,N,09,H,,Y,,,G,Y,F,D,0,0,0,0,21804.0,2,36.7515846,-119.7544852,1
2014,2014-07-20,1740,7,2,17,7,N,A,N,A,H,A,C,02,W,08,E,,,Y,,I,Y,N,D,0,0,0,0,22107.0,1,36.99275366,-119.69955236,1
2013,2013-03-23,206,3,1,2,6,N,A,N,A,H,C,A,07,W,01,E,,,,,I,Y,N,D,0,0,0,0,23152.0,1,36.77175064,-119.88654614,1
2014,2014-10-31,35,10,3,0,5,N,A,Y,A,H,C,A,01,E,01,A,,,,,C,Y,N,D,2,0,0,0,23152.0,2,36.75167917,-119.67734664,1
2014,2014-10-06,620,10,3,6,1,N,A,N,A,H,B,A,01,E,08,E,,,,,J,Y,N,D,0,0,0,0,22107.0,1,36.42907145,-120.23700606,1
2017,2017-12-31,1159,12,4,11,7,Y,A,N,A,H,A,-,,,08,A,,,,,C,Y,N,A,1,0,0,0,22107.0,2,36.58303005,-119.43081986,1
2017,2017-10-06,627,10,3,6,5,Y,A,N,A,H,B,N,60,,11,A,Y,,,,B,N,N,A,0,0,0,0,21453.0,2,36.20766008,-120.09967997,1
2017,2017-01-31,441,1,4,4,2,N,E,N,D,H,D,D,22,E,01,A,,,,,C,Y,N,D,0,0,0,0,23152.0,2,36.7062492,-119.93332019,1
2017,2017-03-18,543,3,1,5,6,N,A,N,A,H,C,A,01,E,10,G,Y,,,,B,Y,N,A,0,0,0,0,21954.0,2,36.72433368,-119.79365494,1