ACCIDENT_YEAR,COLLISION_DATE,COLLISION_TIME,MONTH,SEASON,24HOURS,DAY_OF_WEEK,INTERSECTION,WEATHER_1,STATE_HWY_IND,ROAD_SURFACE,ROAD_COND_1,LIGHTING,STWD_VEHTYPE_AT_FAULT,CHP_VEHTYPE_AT_FAULT,DIRECTION,PCF_VIOL_CATEGORY,TYPE_OF_COLLISION,PEDESTRIAN_ACCIDENT,BICYCLE_ACCIDENT,MOTORCYCLE_ACCIDENT,TRUCK_ACCIDENT,MVIW,TOW_AWAY,HIT_AND_RUN,CONTROL_DEVICE,NUMBER_INJURED,COUNT_PED_INJURED,COUNT_BICYCLIST_INJURED,COUNT_MC_INJURED,PCF_VIOLATION,PARTY_COUNT,POINT_Y,POINT_X,COLLISION_SEVERITY
2015,2015-02-10,1115,2,4,11,2,N,A,Y,A,H,A,A,01,E,08,E,,,,,I,Y,N,D,1,0,0,0,22107.0,1,36.73163983,-119.47326413,4
2015,2015-02-12,800,2,4,8,4,N,A,Y,A,H,A,A,07,N,03,C,,,,,C,N,N,D,3,0,0,0,22350.0,2,36.79387004,-119.86595871,4
2015,2015-02-14,720,2,4,7,6,N,A,Y,A,H,A,A,01,E,03,C,,,,,C,Y,N,D,1,0,0,0,22350.0,2,36.76160704,-119.74944262,4
2015,2015-02-17,1230,2,4,12,2,N,A,Y,A,H,A,A,01,S,03,C,,,,,C,N,N,D,2,0,0,0,22350.0,2,36.8173348,-119.78551541,4
2015,2015-02-19,357,2,4,3,4,N,E,N,A,H,D,A,01,S,01,E,,,,,I,Y,N,D,1,0,0,0,23152.0,1,36.54354392,-119.70070692,4
2015,2015-02-17,1146,2,4,11,2,N,A,Y,A,H,A,A,01,S,03,C,,,,,C,Y,N,D,2,0,0,0,22350.0,2,36.80150736,-119.78514162,3
2015,2015-02-18,555,2,4,5,3,N,E,Y,A,H,D,A,01,N,08,E,,,,,I,Y,N,D,1,0,0,0,22107.0,1,36.77564686,-119.84165382,2
2015,2015-02-17,1359,2,4,13,2,N,A,Y,A,H,A,A,01,E,07,B,,,,,C,N,N,D,1,0,0,0,21658.0,2,36.75030017,-119.79728431,4
2015,2015-02-18,100,2,4,1,3,N,E,N,A,H,D,A,01,W,08,E,,,,,I,Y,N,A,1,0,0,0,22107.0,1,36.63347064,-119.50231107,4
2015,2015-02-23,953,2,4,9,1,N,B,Y,B,H,A,A,08,W,03,E,,,,,I,Y,N,D,2,0,0,0,22350.0,1,36.8231045,-119.71740915,4
2015,2015-02-22,1010,2,4,10,7,N,A,N,A,H,A,A,01,W,08,D,,,,,C,Y,N,D,2,0,0,0,22107.0,2,36.70749322,-119.65499663,4
2015,2015-02-23,2147,2,4,21,1,N,B,N,A,H,D,A,01,E,09,D,,,,,C,Y,F,D,1,0,0,0,21804.0,2,36.60328102,-119.35068662,4
2015,2015-02-25,5,2,4,0,3,N,A,Y,A,H,D,A,01,N,08,E,,,,,I,Y,N,D,1,0,0,0,22107.0,1,36.83843829,-119.92547529,3
2015,2015-02-09,815,2,4,8,1,N,A,Y,A,H,A,A,07,E,03,C,,,,,C,Y,N,A,1,0,0,0,22350.0,2,36.75513455,-119.75223598,4
2015,2015-02-14,2250,2,4,22,6,N,A,Y,A,H,C,A,01,S,08,B,,,,,C,Y,N,D,1,0,0,0,22107.0,2,36.5542,-119.60492,3
2015,2015-02-16,158,2,4,1,1,N,A,Y,A,H,D,A,01,S,08,E,,,,,I,Y,N,D,2,0,0,0,22107.0,1,36.45882924,-119.63614708,3
2015,2015-02-21,1009,2,4,10,6,Y,B,N,A,H,A,A,07,,12,D,,,,,C,Y,N,A,2,0,0,0,22450.0,2,36.66338003,-119.77274997,4
2015,2015-02-21,1658,2,4,16,6,N,B,N,A,H,A,A,01,S,09,D,,,,,C,Y,N,D,1,0,0,0,21801.0,2,36.60241167,-119.90323709,4
2015,2015-02-21,7,2,4,0,6,Y,A,N,A,H,D,A,01,,01,E,,,,,I,Y,N,D,1,0,0,0,23152.0,1,36.48908003,-119.60002997,3
2015,2015-02-22,1240,2,4,12,7,Y,B,N,A,H,A,A,01,,08,E,,,,,I,Y,N,A,1,0,0,0,22107.0,1,36.77895004,-119.89828998,2
2015,2015-02-22,2218,2,4,22,7,N,B,Y,B,H,C,A,01,N,01,E,,,,,I,Y,N,D,1,0,0,0,23152.0,1,36.79395936,-119.86609296,3
2015,2015-02-23,822,2,4,8,1,N,C,N,B,F,A,A,01,N,03,E,,,,,I,Y,N,D,1,0,0,0,22350.0,1,36.74370494,-119.59206427,4
2015,2015-02-19,755,2,4,7,4,N,E,N,A,H,A,A,01,S,08,E,,,,,I,Y,N,D,1,0,0,0,22107.0,1,36.53849477,-119.65579801,3
2015,2015-02-11,645,2,4,6,3,Y,E,N,B,H,A,A,07,,12,D,,,,,C,Y,N,A,1,0,0,0,22450.0,2,36.50359011,-119.61103995,4
2015,2015-02-10,1820,2,4,18,2,N,A,Y,A,H,A,J,41,S,03,C,,,,,C,Y,N,D,1,0,0,0,22350.0,3,36.83497224,-119.78486421,4
2015,2015-02-18,1600,2,4,16,3,N,A,Y,A,H,A,A,07,S,03,C,,,,,C,Y,N,D,3,0,0,0,22350.0,2,36.78543872,-120.06034608,3
2015,2015-02-05,310,2,4,3,4,N,A,Y,A,H,C,A,07,W,01,F,,,,,A,Y,N,D,1,0,0,0,23152.0,1,36.75223809,-119.78993225,3
2015,2015-02-06,1010,2,4,10,5,N,B,N,A,H,A,A,07,N,08,E,,,,,I,Y,N,D,3,0,0,0,22107.0,1,36.7579588,-119.8621554,2
2015,2015-02-15,630,2,4,6,7,N,A,N,A,H,D,A,01,N,08,F,,,,,A,Y,N,D,1,0,0,0,22107.0,1,36.65476763,-119.54018826,4
2015,2015-02-16,1300,2,4,13,1,N,A,Y,A,H,A,A,01,W,10,D,,Y,,,G,N,N,A,1,0,1,0,21950.0,2,36.75336174,-119.72329782,4
2015,2015-01-08,815,1,4,8,4,N,E,N,A,H,A,A,01,E,03,D,,,,,C,Y,N,D,3,0,0,0,22350.0,2,36.53261819,-119.85250392,3
2015,2015-03-04,2241,3,1,22,3,N,A,Y,A,H,C,N,60,E,11,G,Y,,,,B,N,N,D,1,1,0,0,21954.0,2,36.73493235,-120.05148273,3
2015,2015-02-27,806,2,4,8,5,N,A,N,A,H,A,A,01,N,09,D,,,,,C,N,N,D,1,0,0,0,21801.0,2,36.80863004,-119.67301986,4
2015,2015-03-02,1738,3,1,17,1,Y,B,Y,B,H,B,A,01,,03,C,,,,,C,Y,N,D,1,0,0,0,22350.0,2,36.18129384,-120.10327726,3
2015,2015-03-04,1546,3,1,15,3,Y,A,N,A,H,A,-,- ,,00,H,,,,,A,N,N,D,2,0,0,0,,1,36.57981,-119.60709987,3
2015,2015-03-05,1855,3,1,18,4,Y,A,N,A,H,C,-,,,01,C,,,,,C,N,N,A,1,0,0,0,23152.0,2,36.56807006,-119.61569987,4
2015,2015-03-03,1458,3,1,14,2,N,A,N,A,H,A,A,01,E,03,D,,,,,I,Y,N,D,1,0,0,0,22350.0,1,36.82307278,-119.71305861,4
2015,2015-02-22,1820,2,4,18,7,N,C,Y,B,H,D,A,08,N,08,F,,,,,A,Y,N,D,1,0,0,0,22107.0,1,36.07536847,-120.23094012,3
2015,2015-02-20,2337,2,4,23,5,Y,A,N,A,H,C,A,01,,03,E,,,,,I,Y,N,A,2,0,0,0,22350.0,1,36.84474008,-119.68412997,3
2015,2015-01-31,1855,1,4,18,6,Y,A,N,A,H,C,A,01,,22,C,,,,,C,Y,N,A,5,0,0,0,,2,36.80488002,-119.70053988,2
2015,2015-03-12,1713,3,1,17,4,N,A,N,A,H,A,-,,W,03,A,,,,,C,N,N,D,2,0,0,0,22350.0,2,,,2
2015,2015-02-28,1835,2,4,18,6,N,B,N,A,H,D,A,07,W,03,E,,,,,C,Y,N,D,1,0,0,0,22350.0,2,37.02452587,-120.56499226,4
2015,2015-02-28,1920,2,4,19,6,Y,B,N,A,H,D,A,01,,01,E,,,,,I,Y,N,D,1,0,0,0,23152.0,1,36.99614058,-120.59950948,2
2014,2014-11-07,1717,11,3,17,5,N,A,Y,A,H,D,F,26,N,16,E,,,,Y,I,Y,N,D,0,0,0,0,24002.0,2,36.72558094,-119.79306711,1
2014,2014-12-08,1548,12,4,15,1,Y,B,N,A,H,A,A,01,,09,D,,,,,C,Y,N,A,1,0,0,0,21802.0,2,36.6486,-119.84447986,1
2014,2014-12-16,329,12,4,3,2,N,B,N,B,H,D,A,01,W,01,E,,,,,I,Y,N,D,0,0,0,0,23152.0,1,36.86666028,-119.68614746,1
2014,2014-12-18,1131,12,4,11,4,Y,A,N,A,H,A,A,01,,12,D,,,,Y,C,Y,N,A,2,0,0,0,22450.0,2,36.51817006,-119.68295994,1
2015,2015-02-14,1850,2,4,18,6,N,A,N,A,H,D,N,60,E,11,G,Y,,,,B,Y,N,D,0,0,0,0,21954.0,2,36.63291725,-119.3930024,1
2014,2014-11-09,2253,11,3,22,7,Y,A,Y,A,H,C,N,60,,11,G,Y,,,,B,N,N,A,0,0,0,0,21954.0,2,36.76725372,-120.38937139,1
2015,2015-01-14,2357,1,4,23,3,N,E,Y,B,D,D,G,25,N,01,E,,,,Y,J,Y,N,D,0,0,0,0,23152.0,1,36.51913738,-119.56302837,1
2015,2015-01-06,355,1,4,3,2,N,A,Y,A,H,D,A,01,N,08,F,,,,,A,Y,N,D,2,0,0,0,22107.0,1,36.61249916,-119.78597875,1
2015,2015-02-08,1350,2,4,13,7,Y,A,N,A,H,A,A,07,,09,D,,,,,C,Y,N,A,3,0,0,0,21802.0,2,36.77229003,-119.76443986,1
2015,2015-02-17,1525,2,4,15,2,Y,A,N,A,H,A,L,04,,09,H,,Y,,,G,Y,N,A,1,0,0,0,21802.0,2,36.7350601,-119.46279989,1
2014,2014-07-06,2200,7,2,22,7,N,A,N,A,H,C,-,- ,N,00,E,Y,,,,B,N,F,D,0,0,0,0,,2,36.78678902,-119.88933,1
2014,2014-09-20,2141,9,3,21,6,N,A,N,A,H,C,N,60,W,11,G,Y,,,,B,Y,N,D,1,0,0,0,21954.0,2,36.80835032,-119.84245463,1
2014,2014-12-25,1820,12,4,18,4,N,A,N,A,H,D,A,07,S,08,E,,,,,I,Y,N,D,2,0,0,0,22107.0,1,36.63961932,-119.99907572,1
2015,2015-04-07,410,4,1,4,2,Y,A,N,A,H,D,A,01,,12,D,,,,,C,Y,N,A,1,0,0,0,22450.0,2,36.60519001,-119.57483996,1
2015,2015-01-26,1040,1,4,10,1,N,B,Y,A,H,A,A,01,W,08,D,,,,,D,Y,N,D,1,0,0,0,22107.0,3,36.74575189,-119.67011477,1
2015,2015-05-17,640,5,1,6,7,Y,A,Y,A,H,A,D,22,,09,D,,,,,C,Y,N,A,1,0,0,0,21802.0,2,36.50360096,-119.62903582,1
2015,2015-05-17,1210,5,1,12,7,N,B,Y,A,H,A,C,02,E,03,F,,,Y,,A,Y,N,A,0,0,0,0,22350.0,1,36.09297574,-120.51539766,1
2015,2015-05-13,600,5,1,6,3,Y,A,N,A,H,B,A,01,,12,D,,,,,C,Y,N,A,1,0,0,0,22450.0,2,36.61993003,-119.73683987,1
2015,2015-03-05,1338,3,1,13,4,Y,A,N,A,H,A,-,,,12,C,,,,,C,Y,N,A,1,0,0,0,21453.0,2,36.59483007,-119.45309999,4
2015,2015-03-13,1519,3,1,15,5,N,A,N,A,H,A,A,01,N,03,C,,,,,C,Y,N,D,1,0,0,0,22350.0,2,36.86309294,-119.72975,4
2015,2015-03-16,810,3,1,8,1,N,A,N,A,H,A,D,22,E,03,C,,,,,C,Y,N,D,1,0,0,0,22350.0,2,36.81580014,-119.68072559,4
2015,2015-03-12,1649,3,1,16,4,N,A,N,-,H,A,A,01,N,08,A,,,,,C,Y,N,D,1,0,0,0,22107.0,3,36.81036123,-119.71363361,3
2015,2015-03-11,1412,3,1,14,3,N,B,N,A,H,A,A,01,S,09,D,,,,,C,Y,N,D,1,0,0,0,21804.0,2,36.80110942,-119.71818956,4
2015,2015-03-12,1249,3,1,12,4,Y,A,N,A,H,A,A,01,,09,D,,,,,C,Y,N,A,2,0,0,0,21802.0,2,36.86641011,-119.66601989,4
2015,2015-03-12,741,3,1,7,4,N,E,N,A,H,A,A,01,S,03,C,,,,,C,Y,N,D,3,0,0,0,22350.0,3,36.8428,-119.66422,4
2015,2015-03-14,1437,3,1,14,6,N,A,N,A,H,A,A,01,S,09,D,,,,,C,Y,N,D,2,0,0,0,21801.0,2,36.80807222,-119.71366152,4
2015,2015-03-02,1715,3,1,17,1,N,C,Y,B,H,A,-,,E,03,C,,,,,C,N,N,A,1,0,0,0,22350.0,4,36.73493243,-120.059406,4
2015,2015-02-21,410,2,4,4,6,Y,A,N,A,H,C,A,01,,03,E,,,,,I,Y,M,D,1,0,0,0,22350.0,1,36.81567005,-119.65895988,4
2015,2015-02-27,902,2,4,9,5,Y,A,N,A,-,A,A,01,,12,D,,,,,C,Y,N,A,2,0,0,0,21453.0,2,36.8012001,-119.71818995,3
2015,2015-02-28,1823,2,4,18,6,Y,B,N,A,H,C,A,01,,10,G,Y,,,,B,N,N,A,1,1,0,0,21950.0,2,36.83740003,-119.69095992,4
2015,2015-02-13,1430,2,4,14,5,Y,A,Y,A,H,A,A,07,,04,C,,,,,C,N,N,A,1,0,0,0,21703.0,2,36.76107356,-120.38663054,4
2015,2015-02-26,1650,2,4,16,4,Y,A,N,A,H,A,-,,,10,G,Y,,,,B,N,N,-,1,1,0,0,21950.0,2,36.51188036,-119.55684543,3
2015,2015-02-24,1313,2,4,13,2,-,A,N,A,H,A,A,01,,03,C,,,,,C,N,N,D,1,0,0,0,22350.0,2,36.6156281,-119.52982217,3
2014,2014-11-22,520,11,3,5,6,Y,A,N,A,H,C,-,,,03,C,,,,,C,N,M,D,3,0,0,0,22350.0,2,36.60477009,-119.52769989,4
2015,2015-01-25,2011,1,4,20,7,Y,A,N,A,H,E,A,01,,09,C,,,,,C,N,N,B,2,0,0,0,21800.0,2,36.60480003,-119.52992986,4
2015,2015-01-18,400,1,4,4,7,Y,E,N,A,A,C,A,01,,03,A,,,,,I,N,M,A,1,0,0,0,22350.0,1,36.78641001,-119.84990995,4
2015,2015-03-04,1945,3,1,19,3,N,A,N,A,H,D,A,01,N,03,C,,,,,C,N,N,A,1,0,0,0,22350.0,2,36.82533136,-119.70067054,4
2015,2015-03-13,624,3,1,6,5,Y,A,Y,A,H,B,-,- ,,00,D,,,,,C,N,M,A,1,0,0,0,,2,36.42966107,-120.10311871,4
2015,2015-03-29,1430,3,1,14,7,N,A,Y,A,H,A,A,01,S,03,C,,,,,C,Y,N,D,2,0,0,0,22350.0,2,36.13309529,-120.15439305,4
2015,2015-03-07,1213,3,1,12,6,Y,A,N,A,H,-,A,01,,12,D,,,,,C,Y,N,A,1,0,0,0,22450.0,2,36.80122003,-119.7226999,4
2015,2015-03-18,1827,3,1,18,3,Y,A,N,A,H,A,D,22,,12,D,,,,,C,Y,N,A,10,0,0,0,21453.0,3,36.80857009,-119.72731998,3
2015,2015-03-22,1815,3,1,18,7,N,A,Y,A,H,A,A,01,N,03,C,,,,,C,N,N,D,3,0,0,0,22350.0,2,36.57881262,-120.55124366,4
2015,2015-03-22,2147,3,1,21,7,N,A,N,A,H,C,-,,N,01,B,,,,,C,Y,N,D,1,0,0,0,23152.0,2,36.57371539,-119.61972953,2
2015,2015-03-10,1145,3,1,11,2,Y,A,N,A,H,A,A,01,,12,D,,,,,C,Y,N,A,2,0,0,0,22450.0,2,36.67775011,-119.55654989,4
2015,2015-03-10,825,3,1,8,2,N,B,Y,A,H,A,A,07,S,03,C,,,,,C,N,N,A,3,0,0,0,22350.0,3,36.75388052,-119.77863322,4
2015,2015-03-10,705,3,1,7,2,N,A,Y,A,H,A,A,01,S,07,B,,,,Y,C,Y,N,D,1,0,0,0,21658.0,3,36.76316542,-119.77560697,4
2015,2015-03-17,1615,3,1,16,2,Y,A,N,A,H,A,A,07,,12,D,,,,,C,N,N,D,2,0,0,0,22450.0,2,36.7907801,-119.70466986,4
2015,2015-03-06,737,3,1,7,5,N,A,N,A,H,A,H,13,W,08,E,,,,,I,Y,N,D,1,0,0,0,22107.0,1,36.77046022,-119.73856593,3
2015,2015-03-16,131,3,1,1,1,N,A,Y,A,H,D,D,22,E,01,E,,,,,I,Y,N,D,2,0,0,0,23152.0,1,36.92832116,-119.51150042,2
2015,2015-03-01,2030,3,1,20,7,N,A,N,A,H,C,D,22,W,01,C,,,,,C,Y,N,D,1,0,0,0,23152.0,2,36.76466771,-119.84899057,3
2015,2015-03-12,1200,3,1,12,4,N,A,Y,A,H,A,F,26,W,03,F,,,,Y,A,Y,N,A,1,0,0,0,22350.0,1,36.67787903,-119.78605769,3
2015,2015-03-21,1910,3,1,19,6,Y,A,N,A,H,D,A,01,,09,D,,,,,C,Y,N,A,3,0,0,0,21802.0,2,36.51800002,-119.59320991,4
2015,2015-03-15,1140,3,1,11,7,N,A,Y,A,H,A,A,01,S,07,D,,,,,C,Y,N,D,1,0,0,0,21658.0,2,36.74406004,-119.8199937,4
2015,2015-03-13,1240,3,1,12,5,Y,A,N,A,H,A,A,01,,09,D,,,,Y,C,Y,N,D,2,0,0,0,21802.0,2,36.59041,-119.54798995,4
2015,2015-03-13,1405,3,1,14,5,N,A,Y,A,H,A,A,01,N,03,C,,,,,C,Y,N,D,2,0,0,0,22350.0,2,36.60640889,-119.66215897,4
2015,2015-03-09,545,3,1,5,1,Y,A,N,A,H,B,A,01,,12,D,,,,,C,Y,N,A,1,0,0,0,22450.0,3,36.70754001,-119.66405995,4
2015,2015-03-12,1950,3,1,19,4,N,A,N,A,H,D,D,22,W,08,B,,,,,C,N,N,D,1,0,0,0,22107.0,2,36.51816852,-119.63620842,3
2015,2015-03-11,1700,3,1,17,3,N,A,N,A,H,A,A,07,N,03,A,,,,,C,Y,N,D,1,0,0,0,22350.0,2,36.89628,-119.76702,4
2015,2015-03-05,425,3,1,4,4,N,A,N,A,H,D,A,01,E,08,E,,,,,I,Y,N,D,0,0,0,0,22107.0,1,36.13783318,-120.13671999,1
2015,2015-03-27,733,3,1,7,5,Y,A,N,A,H,A,-,,,00,G,Y,,,,B,N,N,D,1,1,0,0,21450.0,2,36.59693009,-119.44198991,4
2015,2015-03-02,2212,3,1,22,1,Y,A,N,A,H,C,L,04,,12,H,,Y,,,G,N,N,A,1,0,1,0,21453.0,2,36.6042301,-119.45768996,4
2015,2015-03-09,600,3,1,6,1,N,A,N,A,H,C,A,01,W,03,D,,,,,C,Y,N,D,1,0,0,0,22350.0,2,36.70753944,-119.66423044,3
2015,2015-03-14,2025,3,1,20,6,N,A,Y,A,H,D,A,01,E,03,C,,,,,C,Y,N,D,2,0,0,0,22350.0,2,36.75416472,-119.73243079,4
2015,2015-03-13,2003,3,1,20,5,N,A,Y,A,H,C,A,01,N,08,E,,,,,I,Y,N,D,1,0,0,0,22107.0,1,36.79544502,-119.86831628,3
2015,2015-03-09,1610,3,1,16,1,N,A,N,A,H,A,-,- ,E,18,H,,,,,A,N,N,D,1,0,0,0,,1,36.50357217,-119.6074499,3
2015,2015-03-03,615,3,1,6,2,Y,A,N,A,H,A,A,08,,09,D,,,,,C,Y,N,A,2,0,0,0,21802.0,2,36.66341,-119.75474999,4
2015,2015-03-07,1848,3,1,18,6,N,A,Y,A,C,D,-,- ,E,18,E,,,,,J,N,N,D,1,0,0,0,,1,36.74815814,-119.67258787,2
2015,2015-03-06,2155,3,1,21,5,N,A,Y,A,H,C,A,01,W,01,E,,,,,I,Y,N,D,1,0,0,0,23152.0,1,36.75513405,-119.73984155,3
2015,2015-03-09,1700,3,1,17,1,N,A,N,A,H,A,C,02,W,03,C,,,Y,,C,Y,N,D,2,0,0,2,22350.0,2,36.89305,-119.4618,3
2015,2015-03-12,1240,3,1,12,4,N,A,Y,A,H,A,A,01,W,08,E,,,,,I,Y,N,D,1,0,0,0,22107.0,1,36.73196283,-119.47708258,3
2015,2015-03-13,1613,3,1,16,5,N,A,N,A,H,A,A,01,N,03,C,,,,,C,N,N,D,2,0,0,0,22350.0,2,36.76873117,-119.75451908,4
2015,2015-03-15,1202,3,1,12,7,N,A,N,A,H,A,A,01,S,08,E,,,,,I,Y,N,A,1,0,0,0,22107.0,1,36.53268628,-119.82686017,4
2015,2015-03-14,355,3,1,3,6,N,A,N,A,H,D,A,01,E,01,E,,,,,I,Y,N,D,1,0,0,0,23152.0,1,36.76479628,-119.65506426,3
2015,2015-03-11,620,3,1,6,3,N,A,Y,A,H,D,-,- ,E,18,E,,,Y,,J,N,N,D,1,0,0,1,,1,36.75514019,-119.75414184,3
2015,2015-03-07,1252,3,1,12,6,N,A,N,A,H,A,C,02,S,03,C,,,Y,,C,N,N,D,2,0,0,2,22350.0,2,36.97887735,-119.71955895,2
2015,2015-03-17,1521,3,1,15,2,Y,A,N,A,H,A,A,01,,09,A,,,,,C,Y,N,D,5,0,0,0,21801.0,2,36.61762008,-119.34050991,2
2015,2015-03-19,430,3,1,4,4,N,A,N,A,H,D,A,01,N,08,E,,,,,J,Y,N,D,1,0,0,0,22107.0,1,36.93948627,-119.73028963,3
2015,2015-03-07,1840,3,1,18,6,N,A,N,A,H,D,A,07,W,01,F,,,,,A,Y,N,D,1,0,0,0,23152.0,2,36.70660141,-119.60473704,3
2015,2015-03-10,1714,3,1,17,2,Y,A,N,A,H,A,-,99,,12,D,,,Y,,C,Y,F,A,1,0,0,1,22450.0,3,36.64907004,-119.68203987,2
2015,2015-03-04,1240,3,1,12,3,N,A,N,A,H,A,A,07,S,08,E,,,,,I,Y,M,D,1,0,0,0,22107.0,1,36.77231,-119.76009,4
2015,2015-03-20,945,3,1,9,5,N,A,Y,A,H,A,A,08,W,09,D,,,,,C,Y,N,D,5,0,0,0,21804.0,3,36.25425205,-120.25063691,4
2015,2015-03-18,819,3,1,8,3,Y,A,N,A,H,A,-,,,09,C,,,,,C,Y,N,D,1,0,0,0,21804.0,3,36.72575008,-120.08057992,4
2015,2015-03-15,1950,3,1,19,7,N,A,Y,A,H,D,A,07,N,08,E,,,,,I,Y,N,D,3,0,0,0,22107.0,1,36.48036536,-120.43609825,3
2015,2015-03-29,1540,3,1,15,7,N,A,Y,A,H,A,A,01,N,03,C,,,,,C,N,N,D,2,0,0,0,22350.0,2,36.08002228,-120.10587928,4
2015,2015-03-15,1426,3,1,14,7,N,A,N,A,H,A,D,22,W,03,E,,,,,I,Y,N,A,1,0,0,0,22350.0,2,36.56189315,-119.74071498,3
2015,2015-03-25,1305,3,1,13,3,N,A,Y,A,H,A,A,01,E,03,C,,,,,C,Y,N,D,1,0,0,0,22350.0,2,36.73506863,-119.96070414,3
2015,2015-03-23,845,3,1,8,1,N,A,N,A,H,A,A,08,W,08,B,,,,,C,Y,N,D,1,0,0,0,22107.0,2,36.903256,-119.5046854,4
2015,2015-03-12,1935,3,1,19,4,N,A,Y,A,H,C,D,22,S,03,C,,,,,C,Y,N,A,1,0,0,0,22350.0,3,36.79175758,-119.86234997,4
2015,2015-03-09,1610,3,1,16,1,N,A,Y,A,H,A,D,22,E,05,B,,,,,C,Y,N,D,1,0,0,0,21650.0,2,36.86671496,-119.57961156,4
2015,2015-03-23,1503,3,1,15,1,N,A,N,A,H,A,D,22,N,08,E,,,,,I,Y,N,D,1,0,0,0,22107.0,1,36.69573842,-119.69998752,4
2015,2015-03-19,902,3,1,9,4,Y,A,N,A,H,A,D,22,,12,D,,,,,C,Y,N,A,2,0,0,0,21453.0,3,36.8085601,-119.79944992,4
2015,2015-03-20,1802,3,1,18,5,N,A,Y,A,H,A,A,01,N,03,C,,,,,C,Y,F,D,3,0,0,0,22350.0,4,36.5105881,-119.55291867,4
2015,2015-03-13,2032,3,1,20,5,N,A,Y,A,H,D,A,01,W,03,C,,,,,C,Y,N,D,1,0,0,0,22350.0,2,36.75336174,-119.72329782,4
2015,2015-03-20,1915,3,1,19,5,N,A,Y,A,D,D,D,22,N,03,C,,,,,C,Y,N,D,1,0,0,0,22350.0,3,36.51979725,-119.56385578,4
2015,2015-03-20,1936,3,1,19,5,N,A,Y,A,H,B,A,01,N,03,C,,,,,C,Y,N,D,10,0,0,0,22350.0,4,36.51959599,-119.56360521,3
2015,2015-03-20,2100,3,1,21,5,N,A,N,A,H,D,D,22,E,01,C,,,,,C,Y,F,D,2,0,0,0,23152.0,2,36.677678,-119.59000484,4
2015,2015-03-18,1325,3,1,13,3,N,A,N,A,H,A,D,22,W,08,E,,,,,I,Y,N,D,1,0,0,0,22107.0,1,36.75744529,-119.83659366,3
2015,2015-03-21,2243,3,1,22,6,N,A,N,A,H,D,A,01,S,01,A,,,,,C,Y,N,D,6,0,0,0,23152.0,2,36.50868391,-119.84545605,2
2015,2015-03-15,110,3,1,1,7,N,A,Y,A,H,D,D,22,W,01,E,,,,,I,Y,N,D,1,0,0,0,23152.0,1,36.75306364,-119.68268104,4
2015,2015-03-26,1908,3,1,19,4,N,A,N,A,H,B,D,22,E,03,C,,Y,,,G,Y,F,D,1,0,1,0,22350.0,2,36.71486583,-119.67067362,3
2015,2015-03-17,1038,3,1,10,2,Y,B,N,A,H,A,G,27,,01,D,,,,Y,C,Y,N,A,2,0,0,0,23152.0,2,36.61762008,-119.34050991,2
2015,2015-03-24,1205,3,1,12,2,N,A,Y,A,H,A,A,01,S,21,C,,,,,C,N,N,A,1,0,0,0,22106.0,2,36.74860162,-119.82342864,4
2015,2015-03-06,728,3,1,7,5,N,A,N,A,H,A,C,02,S,08,F,,,Y,,A,Y,N,D,1,0,0,1,22107.0,1,36.70577414,-119.45742089,4
2015,2015-03-26,1945,3,1,19,4,Y,A,N,A,A,B,D,22,,09,D,,,,,C,N,N,A,1,0,0,0,21802.0,3,36.63325,-119.4577,4
2015,2015-03-25,2120,3,1,21,3,N,A,Y,A,H,D,A,01,N,08,E,,,,,I,Y,N,D,1,0,0,0,22107.0,1,36.52081868,-119.786191,4
2015,2015-03-23,1340,3,1,13,1,N,A,N,A,H,A,A,01,E,08,D,,,,,C,Y,N,D,1,0,0,0,22107.0,2,36.81921925,-119.81226465,4
2015,2015-03-26,810,3,1,8,4,N,A,N,A,H,A,D,22,N,03,C,,,,,C,N,N,D,3,0,0,0,22350.0,3,36.75924759,-119.66403421,4
2015,2015-03-27,1650,3,1,16,5,Y,A,N,A,H,A,A,01,,09,D,,,,,C,Y,N,A,1,0,0,0,21801.0,2,36.5182,-119.82694989,4
2015,2015-03-18,1357,3,1,13,3,N,A,Y,A,H,A,C,02,N,08,F,,,Y,,A,Y,N,D,2,0,0,2,22107.0,1,36.78028338,-119.84700573,3
2015,2015-03-24,1119,3,1,11,2,Y,B,N,A,H,A,A,01,,12,D,,,,,C,Y,N,A,2,0,0,0,21453.0,3,36.8085601,-119.79944992,4
2015,2015-03-14,1835,3,1,18,6,N,A,N,A,H,A,A,01,N,01,C,,,,,C,Y,N,D,3,0,0,0,23152.0,2,36.92566887,-119.70837996,2
2015,2015-03-25,1219,3,1,12,3,N,A,Y,A,H,A,D,22,S,03,C,,,,,C,Y,N,D,1,0,0,0,22350.0,3,36.74950395,-119.82417945,4
2015,2015-03-23,1735,3,1,17,1,N,A,N,A,H,A,A,08,W,03,C,,,,,C,Y,N,A,7,0,0,0,22350.0,2,36.54737012,-119.75505103,4
2015,2015-03-11,1155,3,1,11,3,N,A,Y,A,H,A,A,01,S,03,C,,,,,C,Y,N,D,2,0,0,0,22350.0,3,36.82182637,-119.78510529,4
2015,2015-03-25,750,3,1,7,3,Y,A,N,A,H,A,A,01,,12,D,,,,,C,Y,N,A,1,0,0,0,22450.0,2,36.78636003,-119.87132992,3
2015,2015-03-21,1905,3,1,19,6,N,A,N,A,H,B,A,07,E,01,D,,,,,C,Y,N,A,1,0,0,0,23152.0,2,36.60536172,-119.75107194,2
2015,2015-03-14,420,3,1,4,6,N,A,Y,A,H,C,C,02,N,01,F,,,Y,,A,Y,N,D,1,0,0,1,23152.0,1,36.7421054,-119.81747191,4
2015,2015-03-19,1855,3,1,18,4,N,A,Y,A,H,B,A,07,N,01,E,,,,,I,Y,N,D,1,0,0,0,23152.0,1,36.82535557,-119.78528672,2