ACCIDENT_YEAR,COLLISION_DATE,COLLISION_TIME,MONTH,SEASON,24HOURS,DAY_OF_WEEK,INTERSECTION,WEATHER_1,STATE_HWY_IND,ROAD_SURFACE,ROAD_COND_1,LIGHTING,STWD_VEHTYPE_AT_FAULT,CHP_VEHTYPE_AT_FAULT,DIRECTION,PCF_VIOL_CATEGORY,TYPE_OF_COLLISION,PEDESTRIAN_ACCIDENT,BICYCLE_ACCIDENT,MOTORCYCLE_ACCIDENT,TRUCK_ACCIDENT,MVIW,TOW_AWAY,HIT_AND_RUN,CONTROL_DEVICE,NUMBER_INJURED,COUNT_PED_INJURED,COUNT_BICYCLIST_INJURED,COUNT_MC_INJURED,PCF_VIOLATION,PARTY_COUNT,POINT_Y,POINT_X,COLLISION_SEVERITY
2015,2015-03-24,2358,3,1,23,2,N,A,N,A,H,D,N,60,W,11,G,Y,,,,B,N,N,D,1,1,0,0,21954.0,2,36.83739,-119.63355415,2
2015,2015-03-19,815,3,1,8,4,N,A,Y,A,H,A,L,04,E,05,D,,Y,,,G,N,N,D,2,0,1,0,21650.0,2,36.80869213,-119.73322962,2
2015,2015-03-22,1421,3,1,14,7,Y,A,N,A,H,A,A,01,,09,D,,,,,C,Y,N,D,1,0,0,0,21802.0,3,36.61965001,-119.57480993,4
2015,2015-03-23,1805,3,1,18,1,N,A,Y,A,H,A,G,25,S,07,B,,,,Y,C,Y,N,D,2,0,0,0,21658.0,2,36.56261001,-119.61449329,4
2015,2015-03-28,1353,3,1,13,6,Y,A,N,A,H,A,A,07,,09,D,,,,,C,Y,N,A,1,0,0,0,21802.0,2,36.66341,-119.75474999,4
2015,2015-03-20,1250,3,1,12,5,N,A,Y,A,H,A,C,02,E,03,C,,,Y,,C,Y,N,D,2,0,0,2,22350.0,2,36.72003803,-119.4482143,3
2015,2015-03-27,2029,3,1,20,5,N,A,N,A,H,D,A,01,N,08,E,,,,,I,Y,N,D,1,0,0,0,22107.0,2,36.54125656,-119.54799157,4
2015,2015-03-20,514,3,1,5,5,N,A,Y,A,D,A,A,07,N,03,C,,,,,C,Y,N,D,1,0,0,0,22350.0,2,36.75858204,-119.8305597,4
2015,2015-03-27,1250,3,1,12,5,N,A,Y,A,H,A,-,- ,N,00,B,,,,Y,C,Y,F,D,1,0,0,0,,2,36.78357206,-119.85040415,3
2015,2015-03-26,2050,3,1,20,4,N,A,N,A,H,C,A,01,E,09,D,,,,,C,Y,N,D,1,0,0,0,21804.0,2,36.99054419,-119.71132725,3
2015,2015-03-16,1105,3,1,11,1,N,A,Y,A,H,A,A,01,W,03,C,,,,,C,N,N,D,1,0,0,0,22350.0,2,36.73470648,-120.11813227,4
2015,2015-03-30,1805,3,1,18,1,Y,A,N,A,H,A,A,01,,09,D,,,,,C,Y,N,D,1,0,0,0,21801.0,2,36.75012007,-119.57855998,3
2015,2015-03-20,1510,3,1,15,5,Y,A,N,A,H,A,A,07,,01,D,,,,,C,Y,N,A,3,0,0,0,23152.0,2,36.63307003,-119.43076988,3
2015,2015-03-28,14,3,1,0,6,N,A,N,A,H,D,M,96,E,01,F,,,,,A,N,N,D,4,0,0,0,23152.0,1,36.43650777,-119.68337507,2
2015,2015-03-19,412,3,1,4,4,N,A,Y,A,H,C,A,01,W,03,C,,,,,C,Y,N,D,2,0,0,0,22350.0,3,36.51812693,-119.62894574,4
2015,2015-03-30,1450,3,1,14,1,N,A,Y,A,H,A,A,01,N,03,C,,,,,C,Y,N,D,1,0,0,0,22350.0,2,36.78287085,-119.78473307,4
2015,2015-03-23,1736,3,1,17,1,N,A,N,A,H,A,A,01,E,01,E,,,,,I,Y,N,D,3,0,0,0,23152.0,1,36.63444135,-119.71290378,2
2015,2015-03-16,1240,3,1,12,1,N,A,Y,A,H,A,A,01,E,08,E,,,,,I,Y,N,D,3,0,0,0,22107.0,1,36.73910217,-119.66287749,2
2015,2015-03-18,1450,3,1,14,3,N,A,N,A,H,A,A,01,W,08,E,,,,,I,Y,N,D,1,0,0,0,22107.0,1,36.98546349,-119.66834102,3
2015,2015-03-13,857,3,1,8,5,N,A,Y,A,H,A,A,08,,03,B,,,,,C,N,N,D,1,0,0,0,22350.0,2,36.74524811,-119.77672865,4
2015,2015-03-30,1338,3,1,13,1,N,A,Y,A,H,A,A,07,S,03,C,,,,,C,Y,N,A,2,0,0,0,22350.0,2,36.74829004,-119.8234287,3
2015,2015-03-22,1545,3,1,15,7,N,A,Y,A,H,A,A,07,E,08,E,,,,,I,Y,N,D,1,0,0,0,22107.0,1,36.73599828,-119.60467473,4
2015,2015-03-23,2330,3,1,23,1,N,A,N,A,H,C,D,22,N,08,E,,,,,I,Y,N,D,1,0,0,0,22107.0,1,36.93370864,-119.70483545,4
2015,2015-03-18,132,3,1,1,3,N,A,N,A,H,D,A,01,E,08,E,,,,,I,Y,F,D,1,0,0,0,22107.0,1,36.64886533,-119.60165906,4
2015,2015-03-21,915,3,1,9,6,N,A,N,A,H,A,C,02,N,08,F,,,Y,,A,Y,N,D,1,0,0,1,22107.0,1,36.89722922,-119.71569682,3
2015,2015-03-24,800,3,1,8,2,Y,A,N,A,H,A,D,22,,09,D,,,,,C,N,N,A,1,0,0,0,21802.0,2,36.67676004,-119.73672997,4
2015,2015-03-22,527,3,1,5,7,N,A,Y,A,H,D,-,- ,S,18,D,,,,,C,Y,N,D,4,0,0,0,,3,36.78916143,-119.85661038,3
2015,2015-03-20,1620,3,1,16,5,N,B,Y,A,H,A,A,01,S,03,C,,,,,C,N,N,A,2,0,0,0,22350.0,2,36.82110116,-119.78513432,4
2015,2015-03-19,220,3,1,2,4,N,A,N,A,H,D,A,01,W,08,E,,,,,I,Y,F,D,2,0,0,0,22107.0,1,36.83682885,-119.92432368,3
2015,2015-03-20,1435,3,1,14,5,N,B,Y,A,H,A,A,01,S,03,C,,,,,C,Y,N,D,3,0,0,0,22350.0,3,36.77765051,-119.78502981,4
2015,2015-03-07,1253,3,1,12,6,N,A,N,A,H,A,C,02,S,03,C,,,Y,,C,N,F,D,1,0,0,1,22350.0,2,36.97787385,-119.72012937,2
2015,2015-03-20,50,3,1,0,5,N,A,Y,A,H,D,A,01,N,07,B,,,,,C,Y,N,D,1,0,0,0,21658.0,2,36.78068593,-119.78451355,3
2015,2015-03-27,2136,3,1,21,5,Y,A,Y,A,H,C,-,,,09,A,,,,,C,N,N,A,1,0,0,0,21800.0,2,36.56170765,-119.62877978,4
2015,2015-03-19,1514,3,1,15,4,Y,A,N,A,H,A,-,,,02,C,,,,,C,N,N,D,2,0,0,0,22526.0,2,36.61237009,-119.55690991,4
2015,2015-03-22,1852,3,1,18,7,N,A,N,A,H,A,L,04,S,08,C,,Y,,,E,N,N,D,1,0,1,0,22107.0,2,36.61429421,-119.44200148,3
2015,2015-03-16,1538,3,1,15,1,Y,A,N,A,H,A,D,22,,12,D,,,,,C,N,N,A,1,0,0,0,22450.0,2,36.70691001,-119.55306986,4
2015,2015-03-13,1647,3,1,16,5,Y,A,N,A,H,A,-,,,09,C,,,,,C,N,N,A,3,0,0,0,21802.0,2,36.59785005,-119.45625994,3
2015,2015-03-20,650,3,1,6,5,N,A,N,A,H,A,L,04,W,11,G,,Y,,,B,N,N,D,1,0,1,0,21954.0,2,36.60337818,-120.18527851,4
2015,2015-03-27,2041,3,1,20,5,Y,A,N,A,H,C,-,,,10,G,Y,,,,B,N,N,D,1,1,0,0,21950.0,2,36.6151701,-119.44156997,4
2015,2015-03-19,1415,3,1,14,4,N,A,Y,A,H,A,A,01,S,08,E,,,,,I,Y,N,D,2,0,0,0,22107.0,1,36.36563212,-120.33120279,3
2015,2015-04-01,1327,4,1,13,3,Y,A,N,A,H,A,-,,,09,C,,,,,C,N,N,A,2,0,0,0,21802.0,2,36.56690001,-119.61445988,4
2015,2015-02-15,1512,2,4,15,7,Y,A,N,A,H,A,A,07,,17,D,,,,,C,Y,N,A,1,0,0,0,21454.0,2,36.84480003,-119.72015991,4
2015,2015-04-04,1434,4,1,14,6,Y,A,N,A,H,A,-,,,03,C,,,,,C,N,N,A,2,0,0,0,22350.0,2,36.57627003,-119.6196799,4
2015,2015-03-30,1731,3,1,17,1,Y,A,N,A,H,A,-,,,01,A,Y,,,,B,Y,N,A,1,1,0,0,23152.0,2,36.80855009,-119.71819989,3
2015,2015-03-22,1301,3,1,13,7,N,A,N,A,H,A,-,,W,09,C,,,,,C,N,N,D,2,0,0,0,21802.0,2,36.71400933,-119.54983499,3
2015,2015-03-25,739,3,1,7,3,Y,A,N,A,D,A,A,08,,12,D,,,,,D,Y,N,A,1,0,0,0,21453.0,2,36.82395011,-119.7006699,4
2015,2015-03-27,1745,3,1,17,5,N,A,Y,A,H,A,A,07,N,08,F,,,,,I,Y,N,D,1,0,0,0,22107.0,1,36.53508326,-120.49336551,4
2015,2015-04-02,1150,4,1,11,4,N,A,N,A,H,A,D,22,E,01,C,,,,,C,N,N,D,2,0,0,0,23152.0,2,36.70660773,-119.61009368,4
2014,2014-06-06,1140,6,2,11,5,Y,A,N,A,H,A,-,,,09,G,,Y,,,B,N,N,-,1,0,1,0,21453.0,2,36.58166002,-119.61067994,4
2015,2015-04-01,1720,4,1,17,3,N,A,N,A,H,A,C,02,S,03,F,,,Y,,A,Y,N,D,2,0,0,2,22350.0,1,36.97860523,-119.71967876,3
2015,2015-04-12,1311,4,1,13,7,N,A,N,A,H,A,-,,N,03,C,,,,,C,N,N,D,1,0,0,0,22350.0,2,36.56400948,-119.6288169,4
2015,2015-04-07,935,4,1,9,2,N,B,Y,B,H,A,A,01,S,03,C,,,,,C,Y,N,A,1,0,0,0,22350.0,2,36.75512804,-119.76798673,4
2015,2015-04-02,1731,4,1,17,4,N,A,Y,A,H,A,D,22,N,03,C,,,,,C,Y,N,D,1,0,0,0,22350.0,2,36.71906263,-119.78626022,2
2015,2015-04-11,725,4,1,7,6,Y,A,Y,A,H,A,L,04,,12,D,,Y,,,G,N,N,A,1,0,1,0,21453.0,2,36.73549503,-119.8623737,3
2015,2015-04-05,1240,4,1,12,7,N,A,N,A,H,A,C,06,W,08,D,,,Y,,C,N,N,D,1,0,0,1,22107.0,2,36.43345856,-119.68449183,4
2015,2015-04-08,1505,4,1,15,3,Y,A,N,A,H,A,G,25,,03,B,,,,Y,C,Y,N,D,1,0,0,0,22350.0,2,36.54678008,-119.50333997,4
2015,2015-04-08,1725,4,1,17,3,N,A,Y,A,H,A,A,07,E,03,C,,,,,C,Y,N,D,1,0,0,0,22350.0,3,36.73690785,-119.64530404,4
2015,2015-04-14,100,4,1,1,2,N,A,N,A,H,D,D,22,N,08,F,,,,,A,Y,N,D,1,0,0,0,22107.0,1,36.7417126,-119.13697084,4
2015,2015-04-02,1415,4,1,14,4,N,A,Y,A,H,A,D,22,S,03,C,,,,,C,Y,N,A,1,0,0,0,22350.0,2,36.66290509,-119.78579414,4
2015,2015-04-02,1150,4,1,11,4,N,A,Y,A,H,A,-,- ,N,18,E,,,,,I,Y,N,D,1,0,0,0,,1,36.72923766,-119.78240095,3
2015,2015-04-04,2059,4,1,20,6,N,A,Y,A,H,C,D,22,S,08,C,,,,,E,Y,N,D,1,0,0,0,22107.0,2,36.87287528,-119.79225395,3
2015,2015-04-07,1505,4,1,15,2,N,A,N,A,H,A,A,01,N,03,C,,,,,C,Y,N,D,1,0,0,0,22350.0,4,36.74941708,-120.38954962,4
2015,2015-03-28,1405,3,1,14,6,N,A,N,A,H,A,D,22,N,01,F,,,,,A,Y,N,D,1,0,0,0,23152.0,1,36.48928,-119.68986,3
2015,2015-03-29,2150,3,1,21,7,N,A,N,A,H,C,D,22,E,01,C,,,,,C,Y,N,D,2,0,0,0,23152.0,3,36.80835,-119.80484691,4
2015,2015-04-05,1916,4,1,19,7,N,B,N,A,H,B,A,01,S,09,D,,,,,C,N,N,A,1,0,0,0,21804.0,2,36.79399,-119.71816,4
2015,2015-03-28,248,3,1,2,6,N,A,Y,A,H,D,A,07,S,08,C,,,,,E,Y,N,D,1,0,0,0,22107.0,2,36.60571924,-119.66140562,4
2015,2015-03-27,317,3,1,3,5,N,A,N,A,H,D,A,01,S,01,F,,,,,A,Y,N,D,1,0,0,0,23152.0,1,36.60878343,-119.4843847,4
2015,2015-03-29,130,3,1,1,7,N,A,N,A,H,D,A,01,W,08,D,,,,,A,Y,N,D,5,0,0,0,22107.0,1,36.63445004,-119.72333475,2
2015,2015-03-26,2013,3,1,20,4,N,A,N,A,H,D,A,01,N,03,C,,,,,C,Y,N,D,5,0,0,0,22350.0,2,36.58995214,-119.4846195,2
2015,2015-03-24,1909,3,1,19,2,Y,A,Y,A,H,C,A,01,,01,D,,,,,C,Y,N,A,1,0,0,0,23152.0,2,36.72894606,-119.46632764,3
2015,2015-03-25,20,3,1,0,3,N,A,N,A,H,C,A,01,W,01,C,,,,,E,Y,N,D,1,0,0,0,23152.0,2,36.79099183,-119.81146535,4
2015,2015-04-07,1650,4,1,16,2,Y,C,N,B,H,A,A,07,,09,D,,,,,C,Y,N,D,1,0,0,0,21800.0,2,36.43361,-119.68905988,3
2015,2015-04-05,130,4,1,1,7,N,A,Y,A,H,C,C,02,E,03,C,,,Y,,C,Y,F,D,1,0,0,1,22350.0,2,36.73591613,-119.57239799,2
2015,2015-04-05,1615,4,1,16,7,N,A,Y,A,H,A,A,01,S,08,E,,,,,I,Y,N,D,1,0,0,0,22107.0,1,36.7626751,-120.06011383,3
2015,2015-04-04,830,4,1,8,6,N,A,N,A,H,A,C,02,S,08,E,,,Y,,I,Y,N,D,1,0,0,1,22107.0,1,36.87438108,-119.46728674,3
2015,2015-04-04,2225,4,1,22,6,N,A,Y,A,H,E,-,99,S,03,C,,,,,C,N,F,D,1,0,0,0,22350.0,2,36.80732096,-119.7854237,4
2015,2015-04-04,1555,4,1,15,6,Y,A,N,A,H,A,A,07,,09,D,,,,,C,Y,F,A,1,0,0,0,21802.0,2,36.54355006,-119.83381995,3
2015,2015-04-07,1700,4,1,17,2,N,C,Y,B,H,A,A,07,E,08,E,,,,,I,Y,N,D,1,0,0,0,22107.0,1,36.74604309,-119.80547598,4
2015,2015-04-06,140,4,1,1,1,N,A,Y,A,H,D,A,01,N,03,C,,,,,C,Y,N,D,1,0,0,0,22350.0,2,36.55023468,-119.59985894,4
2015,2015-04-09,1720,4,1,17,4,N,A,Y,A,H,A,A,01,S,03,C,,,,,C,N,N,D,1,0,0,0,22350.0,2,36.68919769,-119.75516331,4
2015,2015-04-03,1635,4,1,16,5,N,A,N,A,H,A,A,01,W,03,C,,,,,C,Y,N,D,1,0,0,0,22350.0,2,36.60408525,-119.42369717,4
2015,2015-04-06,1255,4,1,12,1,N,A,Y,A,H,A,A,01,N,03,C,,,,,C,Y,N,D,5,0,0,0,22350.0,3,36.83096565,-119.78489325,3
2015,2015-04-08,1748,4,1,17,3,N,A,Y,A,H,A,A,07,W,03,C,,,,,C,N,F,D,1,0,0,0,22350.0,2,36.84073396,-119.68801881,4
2015,2015-04-04,1420,4,1,14,6,N,A,Y,A,H,A,C,02,E,08,F,,,Y,,A,Y,N,D,1,0,0,1,22107.0,1,36.96400604,-119.51681565,3
2015,2015-04-05,710,4,1,7,7,N,A,Y,A,H,A,A,01,S,08,E,,,,,I,Y,N,D,1,0,0,0,22107.0,1,36.6243406,-119.68175343,4
2015,2015-04-04,1733,4,1,17,6,N,A,Y,A,H,A,A,07,N,07,E,,,,,I,Y,N,D,2,0,0,0,21658.0,1,36.80890168,-119.78511822,3
2015,2015-04-03,1530,4,1,15,5,Y,A,N,A,H,A,A,07,,12,D,,,,,C,N,N,D,1,0,0,0,22450.0,2,36.79251008,-119.69153989,4
2015,2015-04-03,1420,4,1,14,5,N,A,N,A,H,A,A,01,W,03,C,,,,,C,Y,N,D,2,0,0,0,22350.0,2,36.75730001,-119.87188231,3
2015,2015-04-03,750,4,1,7,5,Y,A,Y,A,H,A,A,07,,12,D,,,,,C,Y,N,A,1,0,0,0,21453.0,3,36.73549503,-119.8623737,2
2015,2015-04-06,518,4,1,5,1,N,A,N,A,H,D,A,01,S,03,C,,,,,C,Y,N,D,1,0,0,0,22350.0,2,36.60078593,-120.04709255,4
2015,2015-04-11,715,4,1,7,6,N,A,Y,A,H,A,D,22,N,08,F,,,,,A,Y,N,D,2,0,0,0,22107.0,1,36.15178094,-120.17147898,4
2015,2015-04-11,2014,4,1,20,6,Y,A,N,A,H,C,-,,,09,C,,,,,C,N,N,A,2,0,0,0,21803.0,2,36.57627003,-119.6196799,3
2015,2015-04-13,1940,4,1,19,1,N,A,N,A,H,D,A,07,W,08,F,,,,,A,Y,N,D,3,0,0,0,22107.0,1,36.13646838,-120.37952916,4
2015,2015-04-06,1155,4,1,11,1,N,A,Y,A,H,A,D,22,W,03,C,,,,,C,Y,N,A,2,0,0,0,22350.0,2,36.25430423,-120.24658614,3
2015,2015-01-17,658,1,4,6,6,Y,E,N,B,H,A,-,- ,,18,E,,,,,J,Y,N,D,1,0,0,0,,1,36.6049301,-119.53879996,4
2015,2015-04-07,1704,4,1,17,2,N,B,Y,B,H,A,D,22,W,03,C,,,,,C,Y,N,D,2,0,0,0,22350.0,4,36.75514019,-119.75414184,4
2015,2015-04-15,1715,4,1,17,3,N,A,Y,A,H,A,A,01,E,03,C,,,,,C,Y,N,D,3,0,0,0,22350.0,2,36.81593576,-119.72532899,4
2015,2015-04-07,750,4,1,7,2,N,B,Y,B,H,A,D,22,E,03,C,,,,,C,N,F,D,1,0,0,0,22350.0,2,36.74563713,-119.80624292,4
2015,2015-04-11,2053,4,1,20,6,Y,A,Y,A,H,C,A,01,,12,D,,,,Y,C,Y,N,A,1,0,0,0,21453.0,2,36.63426903,-119.78596068,4
2015,2015-04-09,1845,4,1,18,4,Y,A,N,A,H,A,A,07,,12,E,,,,,I,Y,N,A,1,0,0,0,22450.0,1,36.81522002,-120.01557992,3
2015,2015-04-11,1050,4,1,10,6,Y,A,N,A,H,A,A,01,,09,D,,,,,C,Y,N,A,1,0,0,0,21802.0,2,36.66342009,-119.73678999,3
2015,2015-04-05,1457,4,1,14,7,N,A,N,A,H,A,C,02,W,01,B,,,Y,,C,Y,N,D,1,0,0,1,23152.0,2,36.69692962,-119.09287925,2
2015,2015-04-12,110,4,1,1,7,N,A,Y,A,H,C,A,01,S,07,B,,,,,C,N,N,D,1,0,0,0,21658.0,2,36.8060023,-119.78510517,4
2015,2015-04-07,1155,4,1,11,2,N,B,Y,B,H,A,A,01,S,03,E,,,,,I,Y,N,D,2,0,0,0,22350.0,1,36.74406004,-119.8199937,3
2015,2015-04-10,1655,4,1,16,5,N,A,N,-,H,A,D,22,W,09,D,,,,,C,Y,N,D,1,0,0,0,21801.0,2,36.8230303,-119.72247097,4
2015,2015-04-17,1032,4,1,10,5,Y,A,N,A,H,A,A,01,,09,D,,,,,C,Y,N,A,1,0,0,0,21802.0,2,36.83934009,-119.71037989,4
2015,2015-04-15,1559,4,1,15,3,N,A,N,A,H,A,D,22,E,09,D,,,,,C,Y,N,D,1,0,0,0,21804.0,2,36.81575499,-119.71797243,3
2015,2015-04-06,1427,4,1,14,1,Y,A,N,A,H,A,A,01,,09,D,,,,,C,Y,N,D,1,0,0,0,21802.0,2,36.82395008,-119.70338986,4
2015,2015-01-21,1035,1,4,10,3,Y,B,N,B,H,A,D,22,,- ,E,,,,,I,N,N,A,1,0,0,0,,1,36.82304011,-119.72469998,3
2015,2015-03-10,2004,3,1,20,2,Y,A,N,A,H,C,-,,,12,D,,,,,C,Y,N,A,2,0,0,0,21453.0,2,36.69218004,-119.55411996,3
2015,2015-03-12,1635,3,1,16,4,Y,A,N,A,H,A,-,,,03,D,,,,,C,Y,N,A,1,0,0,0,22350.0,2,36.71304001,-119.55717996,3
2015,2015-04-03,1705,4,1,17,5,N,A,N,A,H,A,A,01,W,09,D,,,,,C,Y,N,D,1,0,0,0,21803.0,2,36.80857,-119.7091,4
2015,2015-04-07,1428,4,1,14,2,N,B,N,B,H,A,A,01,E,03,C,,,,,C,N,N,A,1,0,0,0,22350.0,2,36.8374,-119.69090878,3
2015,2015-04-07,1453,4,1,14,2,N,A,N,A,H,A,A,01,W,08,D,,,,,C,Y,N,D,1,0,0,0,22107.0,2,36.82302,-119.68765121,4
2015,2015-04-08,1155,4,1,11,3,N,A,Y,A,H,A,A,07,S,08,F,,,,,A,Y,N,D,1,0,0,0,22107.0,1,36.83283791,-120.76170772,3
2015,2015-04-17,1415,4,1,14,5,N,A,Y,A,H,A,F,27,E,03,F,,,,Y,A,Y,N,A,1,0,0,0,22350.0,1,36.18129384,-120.10327727,4
2015,2015-03-08,1145,3,1,11,7,Y,A,N,A,H,A,-,,,08,C,,,,,C,Y,N,A,2,0,0,0,22107.0,5,,,4
2015,2015-03-27,948,3,1,9,5,N,A,N,A,H,A,A,01,N,08,E,,,,,I,Y,N,D,1,0,0,0,22107.0,1,36.82653447,-119.72935274,2
2014,2014-03-23,1344,3,1,13,7,Y,A,N,A,H,-,A,01,,03,C,,,,,C,Y,N,A,1,0,0,0,22350.0,2,36.84476007,-119.71108993,4
2015,2015-04-08,2122,4,1,21,3,Y,A,N,A,H,C,L,04,,01,D,,Y,,,G,N,N,A,1,0,1,0,21200.0,2,36.8447401,-119.70166985,4
2015,2015-04-09,1620,4,1,16,4,Y,A,N,A,H,A,D,22,,09,D,,,,,C,Y,N,D,2,0,0,0,21800.0,2,36.92765005,-120.54594993,4
2015,2015-04-15,1340,4,1,13,3,N,A,Y,A,H,A,D,22,N,03,C,,,,,C,Y,N,D,1,0,0,0,22350.0,2,36.05471174,-120.20520131,4
2015,2015-04-11,1649,4,1,16,6,Y,A,Y,A,B,A,C,02,,12,D,,,Y,,C,Y,N,A,1,0,0,1,21453.0,2,36.84155735,-119.66821187,4
2015,2015-04-11,1535,4,1,15,6,Y,A,N,A,G,A,A,01,,09,D,,,Y,,C,Y,N,A,1,0,0,1,21800.0,2,36.82075008,-119.70439989,2
2015,2015-04-14,1257,4,1,12,2,N,A,N,A,H,A,A,01,E,03,C,,,,,C,Y,N,A,1,0,0,0,22350.0,3,36.84475659,-119.7103182,4
2015,2015-04-02,2004,4,1,20,4,N,A,N,A,H,C,A,01,S,21,C,,,,,C,N,N,A,1,0,0,0,22106.0,2,36.80858,-119.70043,4
2015,2015-04-06,1203,4,1,12,1,N,A,N,A,H,A,A,01,N,05,E,,,,,I,Y,N,A,1,0,0,0,21650.0,1,36.84686287,-119.72016686,3
2015,2015-04-15,1540,4,1,15,3,N,A,Y,A,H,A,A,07,E,03,C,,,,,C,N,N,D,1,0,0,0,22350.0,2,36.74194091,-119.8131447,4
2015,2015-04-06,1035,4,1,10,1,N,B,Y,A,H,A,-,- ,N,00,B,,,,,C,Y,N,D,1,0,0,0,,2,36.75155997,-119.82585971,4
2015,2015-04-14,750,4,1,7,2,N,A,N,A,H,A,A,01,S,03,C,,,,,C,N,N,D,1,0,0,0,22350.0,2,36.75654684,-119.66401921,4
2015,2015-04-07,905,4,1,9,2,N,B,Y,B,H,A,A,01,E,03,E,,,,,I,Y,N,D,1,0,0,0,22350.0,1,36.84331516,-119.66387132,4
2015,2015-04-15,635,4,1,6,3,N,A,Y,A,H,A,A,01,W,08,F,,,,,A,Y,N,D,1,0,0,0,22107.0,1,36.73471144,-120.10725735,3
2015,2015-04-12,1555,4,1,15,7,N,A,N,A,H,A,A,01,W,08,E,,,,,I,Y,N,D,1,0,0,0,22107.0,1,36.79319189,-119.70290405,4
2015,2015-04-10,1715,4,1,17,5,N,A,Y,A,H,A,A,07,S,03,C,,,,,C,N,N,D,3,0,0,0,22350.0,2,36.7562602,-119.82892508,4
2015,2015-04-07,1617,4,1,16,2,Y,B,Y,B,H,A,A,01,,12,D,,,,,C,Y,N,A,1,0,0,0,21453.0,2,36.73616941,-119.57416056,4
2015,2015-04-11,2156,4,1,21,6,N,A,Y,A,H,D,A,07,E,01,F,,,,,A,Y,N,D,2,0,0,0,23152.0,1,36.88797181,-119.53742113,3
2015,2015-04-08,755,4,1,7,3,Y,B,N,A,H,A,A,07,,09,D,,,,,C,Y,N,A,2,0,0,0,21802.0,2,36.79375001,-119.59186995,4
2015,2015-04-06,1815,4,1,18,1,N,B,N,A,H,A,A,01,W,08,F,,,,,A,Y,N,D,3,0,0,0,22107.0,1,36.67762008,-119.59778684,3
2015,2015-03-31,1915,3,1,19,2,N,A,N,A,H,B,C,02,W,03,E,,,Y,,I,N,N,A,1,0,0,1,22350.0,1,36.19454534,-120.41538477,2
2015,2015-04-15,500,4,1,5,3,N,A,Y,A,H,D,A,01,S,08,F,,,,,A,Y,N,D,2,0,0,0,22107.0,1,36.12373127,-120.14628555,3
2015,2015-01-26,1840,1,4,18,1,Y,A,N,A,H,C,A,01,,17,G,,Y,,,G,N,N,A,1,0,1,0,21451.0,2,36.69218004,-119.55411996,3
2015,2015-04-26,1755,4,1,17,7,N,A,N,A,H,A,A,01,N,08,E,,,,,I,Y,N,D,1,0,0,0,22107.0,1,36.78838896,-120.65694801,3
2015,2015-04-21,1005,4,1,10,2,N,A,Y,A,H,A,D,22,S,09,D,,,,,C,Y,N,D,1,0,0,0,21804.0,2,36.23179687,-120.31344442,4
2015,2015-04-21,925,4,1,9,2,N,A,N,A,H,A,D,22,S,08,F,,,,,A,Y,N,D,1,0,0,0,22107.0,1,36.62987688,-120.22088599,3
2015,2015-04-09,725,4,1,7,4,Y,A,N,A,H,A,D,22,,12,D,,,,,C,Y,N,A,1,0,0,0,21453.0,2,36.70677003,-119.57427,4
2015,2015-04-22,1656,4,1,16,3,N,A,N,A,H,A,L,04,S,09,D,,Y,,,G,N,N,D,1,0,1,0,21804.0,2,36.59029952,-119.62857798,4
2015,2015-04-22,1145,4,1,11,3,N,A,N,A,H,A,D,22,S,08,F,,,,,A,Y,N,D,1,0,0,0,22107.0,1,36.57018127,-120.31604,4
2015,2015-04-18,820,4,1,8,6,N,A,N,A,H,A,A,08,S,03,C,,,,Y,C,N,N,D,2,0,0,0,22350.0,2,36.60250826,-119.61069,4
2015,2015-04-13,1345,4,1,13,1,Y,A,N,A,H,A,H,17,,12,D,,,,,C,Y,N,A,3,0,0,0,22450.0,2,36.72102008,-119.86238991,3
2015,2015-04-17,1400,4,1,14,5,N,A,Y,A,H,A,A,01,S,03,C,,,,Y,C,Y,N,D,1,0,0,0,22350.0,2,36.52686212,-119.57223416,4
2015,2015-04-17,1020,4,1,10,5,N,A,Y,A,H,A,D,22,N,08,E,,,,,I,Y,N,D,1,0,0,0,22107.0,1,36.60606958,-119.66213486,4
2015,2015-04-13,920,4,1,9,1,N,A,Y,A,H,A,D,22,S,21,C,,,,,C,N,N,A,1,0,0,0,22106.0,2,36.73592003,-119.55631578,4
2015,2015-04-20,950,4,1,9,1,N,A,Y,A,H,A,F,26,S,08,E,,,,Y,I,Y,N,D,2,0,0,0,22107.0,1,36.62543079,-119.68295254,4
2015,2015-04-09,2100,4,1,21,4,N,A,N,A,H,D,A,01,N,03,B,,,,,C,N,N,A,1,0,0,0,22350.0,2,36.66485931,-119.75474602,4
2015,2015-04-22,1858,4,1,18,3,N,A,N,A,H,A,A,01,N,09,D,,,,,C,Y,N,D,1,0,0,0,21804.0,2,36.80949235,-119.79943,4
2015,2015-04-15,740,4,1,7,3,N,A,Y,A,H,A,A,01,S,03,C,,,,,C,Y,N,D,1,0,0,0,22350.0,4,36.63384477,-119.69217918,4
2015,2015-04-19,1930,4,1,19,7,N,A,Y,A,H,B,C,02,S,08,E,,,Y,,I,Y,N,D,1,0,0,1,22107.0,1,36.72370921,-119.28531722,4
2015,2015-04-22,915,4,1,9,3,Y,A,Y,A,H,A,A,07,,09,D,,,,,C,Y,N,D,1,0,0,0,21801.0,2,37.01738906,-119.52633009,4
2015,2015-04-16,815,4,1,8,4,N,A,Y,A,H,A,A,01,N,03,F,,,,,A,Y,N,D,1,0,0,0,22350.0,1,36.83125602,-119.78489125,3
2015,2015-04-06,1050,4,1,10,1,N,B,Y,A,H,A,A,08,N,03,C,,,,,C,Y,N,D,1,0,0,0,22350.0,3,36.75083275,-119.82528555,4
2015,2015-04-14,1110,4,1,11,2,N,F,Y,A,H,A,A,07,W,03,C,,,,,C,Y,N,D,1,0,0,0,22350.0,3,36.73448925,-120.21369543,2