ACCIDENT_YEAR,COLLISION_DATE,COLLISION_TIME,MONTH,SEASON,24HOURS,DAY_OF_WEEK,INTERSECTION,WEATHER_1,STATE_HWY_IND,ROAD_SURFACE,ROAD_COND_1,LIGHTING,STWD_VEHTYPE_AT_FAULT,CHP_VEHTYPE_AT_FAULT,DIRECTION,PCF_VIOL_CATEGORY,TYPE_OF_COLLISION,PEDESTRIAN_ACCIDENT,BICYCLE_ACCIDENT,MOTORCYCLE_ACCIDENT,TRUCK_ACCIDENT,MVIW,TOW_AWAY,HIT_AND_RUN,CONTROL_DEVICE,NUMBER_INJURED,COUNT_PED_INJURED,COUNT_BICYCLIST_INJURED,COUNT_MC_INJURED,PCF_VIOLATION,PARTY_COUNT,POINT_Y,POINT_X,COLLISION_SEVERITY
2015,2015-05-30,430,5,1,4,6,N,A,N,A,H,D,A,01,W,08,E,,,,,I,Y,F,D,2,0,0,0,22107.0,1,36.70745031,-119.64679852,2
2015,2015-05-26,1540,5,1,15,2,N,A,N,A,H,B,A,01,S,08,D,,,,,C,Y,N,A,2,0,0,0,22107.0,2,36.64788988,-119.95700849,4
2015,2015-05-24,640,5,1,6,7,N,A,N,A,H,A,A,01,E,08,E,,,,,I,Y,N,D,1,0,0,0,22107.0,1,36.83000246,-119.81916392,3
2015,2015-05-27,1025,5,1,10,3,N,A,N,A,H,A,A,01,E,08,E,,,,,I,Y,N,D,1,0,0,0,22107.0,1,36.80770139,-120.04138435,4
2015,2015-05-28,2204,5,1,22,4,N,A,Y,A,H,D,A,01,W,08,E,,,,,I,Y,N,D,1,0,0,0,22107.0,1,36.77823064,-119.74937365,4
2015,2015-05-29,120,5,1,1,5,N,A,Y,A,H,C,A,01,S,03,E,,,,,I,Y,N,D,1,0,0,0,22350.0,1,36.70568521,-120.06053579,4
2015,2015-05-30,1330,5,1,13,6,Y,A,N,A,H,A,A,01,,12,D,,,,,C,Y,N,A,4,0,0,0,22450.0,2,36.57625006,-119.79094989,2
2015,2015-05-30,900,5,1,9,6,Y,A,N,A,H,A,A,01,,12,D,,,,,C,Y,N,A,6,0,0,0,22450.0,2,36.6632001,-119.82679994,3
2015,2015-05-29,1745,5,1,17,5,Y,A,N,A,H,A,A,01,,01,E,,,,,I,Y,N,D,1,0,0,0,23152.0,1,36.53955008,-119.52117991,3
2015,2015-06-03,1543,6,2,15,3,Y,A,N,-,H,A,A,07,,03,C,,,,,C,N,N,A,2,0,0,0,22350.0,3,36.83743008,-119.70008992,4
2015,2015-06-23,1727,6,2,17,2,Y,A,N,A,H,A,A,01,,12,D,,,,,C,Y,N,A,1,0,0,0,21453.0,2,36.78707011,-119.70022997,4
2015,2015-05-05,657,5,1,6,2,Y,A,N,A,H,A,A,07,,09,A,,,,,C,Y,N,A,1,0,0,0,21453.0,2,36.85223009,-119.72982996,4
2015,2015-06-19,658,6,2,6,5,N,A,Y,A,H,A,A,01,N,03,C,,,,Y,C,Y,N,D,1,0,0,0,22350.0,2,36.43644785,-120.39457565,4
2015,2015-06-19,430,6,2,4,5,N,A,Y,A,H,B,D,22,N,03,C,,,,,C,Y,M,D,5,0,0,0,22350.0,3,36.21800963,-120.10364732,4
2015,2015-06-18,900,6,2,9,4,N,A,Y,A,H,A,A,07,N,08,B,,,,Y,C,Y,N,D,1,0,0,0,22107.0,2,36.37147698,-120.33690532,3
2015,2015-06-21,1650,6,2,16,7,N,A,Y,A,H,A,A,01,S,08,B,,,,,C,Y,N,D,2,0,0,0,22107.0,3,36.09703942,-120.12190197,4
2015,2015-06-13,345,6,2,3,6,N,A,Y,A,H,D,A,08,N,03,C,,,,,C,Y,N,D,1,0,0,0,22350.0,2,36.7004755,-120.66985553,4
2015,2015-06-20,125,6,2,1,6,Y,A,N,A,H,C,A,01,,01,F,,,,,E,Y,N,D,1,0,0,0,23153.0,5,36.81487005,-119.70900992,3
2015,2015-06-17,2500,6,2,25,3,Y,A,N,-,H,A,A,01,,09,D,,Y,,,G,N,F,D,1,0,1,0,21804.0,2,36.81070007,-119.69097993,3
2015,2015-06-18,1207,6,2,12,4,Y,A,N,A,H,-,A,07,,09,D,,,Y,,C,Y,N,D,2,0,0,1,21801.0,2,36.83741,-119.65495998,3
2015,2015-06-12,1014,6,2,10,5,N,A,N,A,H,A,G,27,W,03,F,,,,Y,A,Y,N,D,1,0,0,0,22350.0,1,36.96739803,-120.63609034,3
2015,2015-06-26,1402,6,2,14,5,N,A,Y,A,H,A,D,22,N,08,E,,,,,I,Y,N,D,1,0,0,0,22107.0,1,36.34479207,-120.31307127,3
2015,2015-05-29,807,5,1,8,5,N,A,N,A,H,A,-,- ,W,00,B,,,,,C,N,N,D,1,0,0,0,,2,36.79317697,-119.70216613,4
2015,2015-06-17,1153,6,2,11,3,N,A,N,A,H,A,-,,S,09,C,,,,,C,Y,N,D,2,0,0,0,21804.0,2,36.58830277,-119.61066163,4
2015,2015-06-26,1642,6,2,16,5,N,B,Y,A,D,A,G,25,N,03,F,,,,Y,A,Y,N,A,1,0,0,0,22350.0,1,36.6651024,-120.64224481,4
2015,2015-02-18,2036,2,4,20,3,N,A,N,A,H,C,-,,S,03,B,,,,,C,N,N,D,4,0,0,0,22350.0,2,36.6182764,-119.66907777,4
2015,2015-06-29,300,6,2,3,1,N,A,Y,A,H,D,A,01,N,08,B,,,,Y,C,Y,N,D,1,0,0,0,22107.0,2,36.57365104,-120.54440347,4
2015,2015-06-28,48,6,2,0,7,N,A,Y,A,H,C,J,48,N,10,G,Y,,,,B,N,N,A,1,1,0,0,21950.0,2,36.74524811,-119.77672865,4
2015,2015-06-28,1700,6,2,17,7,Y,A,Y,A,H,A,A,07,,09,D,,,,,C,Y,N,D,1,0,0,0,21802.0,2,36.2942685,-120.26927066,4
2015,2015-04-13,1715,4,1,17,1,Y,A,N,A,H,A,-,- ,,00,B,,,,,C,N,N,D,1,0,0,0,,2,36.62888006,-119.68120992,4
2015,2015-06-30,1831,6,2,18,2,Y,A,N,A,H,A,A,01,,08,D,,,,,C,Y,N,D,1,0,0,0,22107.0,2,36.81212005,-119.70905998,4
2015,2015-06-26,1417,6,2,14,5,N,A,N,A,H,A,A,07,W,21,C,,,,,C,N,N,A,1,0,0,0,22106.0,2,36.80120009,-119.71821048,4
2015,2015-06-07,803,6,2,8,7,Y,A,N,A,H,A,A,01,,12,B,,,,,C,Y,N,A,3,0,0,0,21453.0,2,36.80866007,-119.69081995,4
2015,2015-06-27,1602,6,2,16,6,Y,A,N,A,H,-,A,01,,01,C,,,,,C,Y,N,A,2,0,0,0,23153.0,2,36.81574001,-119.70899999,3
2015,2015-07-04,2019,7,2,20,6,N,A,N,A,H,B,A,01,E,03,C,,,,,C,Y,N,A,2,0,0,0,22350.0,2,36.81584011,-119.68208988,4
2015,2015-07-06,1215,7,2,12,1,Y,A,N,A,H,A,A,01,,09,D,,,,,C,Y,N,D,1,0,0,0,21801.0,2,36.83390007,-119.70011993,4
2015,2015-07-18,1343,7,2,13,6,N,A,Y,A,H,A,D,22,N,08,F,,,,,A,Y,N,D,4,0,0,0,22107.0,1,36.0881106,-120.11331454,4
2015,2015-07-13,331,7,2,3,1,N,A,Y,A,H,D,D,22,S,03,D,,,,,C,Y,N,D,2,0,0,0,22350.0,2,36.20153249,-120.21053642,4
2015,2015-07-13,332,7,2,3,1,N,A,Y,A,H,D,A,01,S,03,A,,,,,C,Y,N,D,2,0,0,0,22350.0,2,36.20173925,-120.21066903,4
2015,2015-05-27,433,5,1,4,3,N,A,Y,A,H,D,A,01,S,01,E,,,,,I,Y,N,D,1,0,0,0,23152.0,1,36.77109575,-119.78411601,3
2015,2015-07-05,2355,7,2,23,7,N,A,Y,A,H,D,A,07,N,03,C,,,,,C,Y,N,D,2,0,0,0,22350.0,2,36.4488683,-120.40568432,4
2015,2015-07-06,750,7,2,7,1,N,A,Y,A,H,A,A,01,S,08,F,,,,,A,Y,N,D,1,0,0,0,22107.0,1,36.19395656,-120.20574959,3
2015,2015-07-13,45,7,2,0,1,N,A,Y,A,C,D,G,27,S,03,C,,,,Y,C,Y,N,D,1,0,0,0,22350.0,3,36.65151072,-120.63179965,2
2015,2015-06-26,500,6,2,5,5,Y,A,Y,A,H,D,A,01,,09,D,,,,,C,Y,F,A,1,0,0,0,21802.0,3,36.44580843,-119.79816754,4
2015,2015-07-05,1435,7,2,14,7,N,A,N,A,H,A,D,22,W,08,C,,,,,E,Y,N,D,1,0,0,0,22107.0,3,36.77224955,-119.73745057,4
2015,2015-07-03,1427,7,2,14,5,Y,A,N,A,H,A,A,01,,09,D,,,,,C,Y,N,A,1,0,0,0,21802.0,2,36.61843006,-119.39480988,4
2015,2015-07-03,1005,7,2,10,5,N,A,Y,A,H,A,A,01,N,08,E,,,,,I,Y,N,D,2,0,0,0,22107.0,2,36.79736018,-119.87075283,4
2015,2015-07-05,1030,7,2,10,7,Y,A,N,A,H,A,D,22,,09,D,,,,,C,Y,N,A,1,0,0,0,21802.0,2,36.76461001,-119.85328995,4
2015,2015-06-22,2348,6,2,23,1,Y,A,Y,A,H,C,G,25,,09,D,,,,Y,C,Y,N,A,1,0,0,0,21802.0,2,36.47464703,-119.63615596,3
2015,2015-06-21,33,6,2,0,7,N,A,Y,A,H,D,N,60,S,11,G,Y,,,,B,N,F,D,1,1,0,0,21956.0,2,36.52682119,-119.62891161,3
2015,2015-06-29,1442,6,2,14,1,N,A,Y,A,H,A,D,22,W,05,B,,,,Y,C,Y,N,D,1,0,0,0,21650.0,2,36.90383746,-119.51924819,4
2015,2015-06-27,1531,6,2,15,6,Y,A,Y,A,H,A,A,01,,12,D,,,,,C,Y,N,A,2,0,0,0,21453.0,2,36.67787903,-119.78605769,4
2015,2015-07-09,1050,7,2,10,4,Y,A,N,A,H,A,A,01,,09,D,,,,,C,Y,N,A,2,0,0,0,21802.0,2,36.58990007,-119.48461996,2
2015,2015-07-02,1543,7,2,15,4,N,A,Y,A,H,A,F,26,N,03,C,,,,Y,C,Y,N,D,1,0,0,0,22350.0,2,36.70885916,-119.77586968,4
2015,2015-06-30,1110,6,2,11,2,N,B,N,A,H,A,D,22,N,05,B,,,,,C,Y,N,D,1,0,0,0,21650.0,2,36.6998088,-119.06856626,4
2015,2015-06-30,655,6,2,6,2,N,A,N,A,H,A,A,01,W,08,A,,,,,C,Y,N,D,1,0,0,0,22107.0,2,36.63442206,-119.74041653,3
2015,2015-06-29,920,6,2,9,1,Y,A,N,A,H,A,D,22,,05,D,,,,,C,Y,N,A,1,0,0,0,21752.0,2,36.69189008,-119.88054988,4
2015,2015-07-12,835,7,2,8,7,Y,A,Y,A,H,A,D,22,,03,C,,,,,C,Y,N,D,1,0,0,0,22350.0,2,36.41673331,-119.80412374,4
2015,2015-07-10,1550,7,2,15,5,Y,A,N,A,H,A,A,07,,09,D,,,,,C,N,N,A,1,0,0,0,21801.0,3,36.54679009,-119.52129999,3
2015,2015-07-09,1457,7,2,14,4,Y,A,Y,A,H,A,A,01,,03,C,,,,,C,Y,N,D,1,0,0,0,22350.0,2,36.72757931,-119.46302704,4
2015,2015-07-03,2205,7,2,22,5,N,A,N,A,H,D,D,22,S,01,E,,,,,I,Y,N,D,1,0,0,0,23152.0,2,36.80792387,-119.51969955,4
2015,2015-07-07,1643,7,2,16,2,Y,A,N,A,H,A,A,01,,03,C,,,,,C,Y,M,A,1,0,0,0,22350.0,2,36.67791008,-119.73681988,4
2015,2015-07-14,2055,7,2,20,2,N,A,Y,A,H,C,D,22,W,03,C,,,,,C,N,N,A,1,0,0,0,22350.0,3,36.73573108,-119.61002692,4
2015,2015-07-06,1215,7,2,12,1,N,A,N,A,H,A,D,22,E,03,C,,,,,C,Y,N,A,2,0,0,0,22350.0,2,36.67796552,-119.73301565,4
2015,2015-07-08,1445,7,2,14,3,Y,A,N,A,H,A,A,07,,09,D,,,,,C,Y,N,A,3,0,0,0,21802.0,2,36.70584,-119.45741998,3
2015,2015-07-06,815,7,2,8,1,Y,A,N,A,H,A,A,08,,09,D,,,,,C,Y,N,A,1,0,0,0,21802.0,2,36.72114009,-119.84445996,4
2015,2015-07-10,1548,7,2,15,5,Y,A,N,A,A,-,L,04,,05,D,,Y,,,G,N,N,A,1,0,1,0,21650.0,2,36.8157301,-119.71355992,4
2015,2015-07-09,748,7,2,7,4,N,B,Y,A,H,A,C,02,S,07,B,,,Y,,C,N,N,D,2,0,0,2,21658.0,2,36.75015104,-119.77634469,3
2015,2015-07-10,430,7,2,4,5,N,A,N,A,H,D,A,01,N,08,B,,,,,C,Y,N,D,2,0,0,0,22107.0,2,36.69913205,-119.4484149,4
2015,2015-07-01,1706,7,2,17,3,N,A,N,A,H,A,A,01,N,03,E,,,,,I,Y,N,A,2,0,0,0,22350.0,1,36.71480196,-119.64598991,3
2015,2015-07-02,1945,7,2,19,4,Y,A,N,A,H,A,A,01,,12,D,,,,,C,Y,N,A,3,0,0,0,22450.0,2,36.74986004,-119.91618986,3
2015,2015-07-03,100,7,2,1,5,N,A,N,A,H,C,A,01,W,01,E,,,,,I,Y,N,D,1,0,0,0,23152.0,1,36.69227202,-119.80113946,3
2015,2015-07-05,2320,7,2,23,7,N,A,Y,A,H,D,C,02,E,03,E,,,Y,,I,Y,N,D,1,0,0,1,22350.0,1,36.9153164,-119.52048346,3
2015,2015-07-10,2115,7,2,21,5,N,A,N,A,H,D,A,01,E,08,E,,,,,I,Y,N,D,1,0,0,0,22107.0,1,36.98369828,-119.65079606,4
2015,2015-07-04,1725,7,2,17,6,N,A,Y,A,H,A,-,99,W,07,D,,,,,C,N,F,D,2,0,0,0,21658.0,2,36.75320197,-119.7836703,4
2015,2015-07-07,1515,7,2,15,2,N,A,N,A,H,A,A,08,E,05,A,,,,,C,Y,N,D,3,0,0,0,21651.0,2,36.99720311,-119.7069633,2
2015,2015-07-12,1800,7,2,18,7,Y,A,N,A,H,A,A,07,,09,D,,,,,C,Y,N,A,1,0,0,0,21802.0,2,36.61134007,-119.43082998,4
2015,2015-07-12,1919,7,2,19,7,N,A,Y,A,C,A,A,01,E,08,F,,,,,A,Y,N,D,1,0,0,0,22107.0,1,36.83802676,-119.70251426,3
2015,2015-07-08,950,7,2,9,3,Y,A,N,A,H,A,A,07,,12,D,,,,,C,Y,N,A,1,0,0,0,21453.0,2,36.73581001,-119.70931988,4
2015,2015-07-09,1213,7,2,12,4,N,A,N,A,H,A,A,07,N,03,C,,,,,C,Y,N,D,4,0,0,0,22350.0,2,36.6188588,-119.45771,3
2015,2015-07-07,655,7,2,6,2,Y,A,N,A,H,A,A,01,,12,D,,,,,C,Y,N,A,4,0,0,0,22450.0,3,36.77211011,-119.66409985,3
2015,2015-07-10,1450,7,2,14,5,Y,A,Y,A,H,A,A,01,,12,D,,,,,C,Y,N,A,1,0,0,0,22450.0,2,36.50360096,-119.62903582,4
2015,2015-07-01,1450,7,2,14,3,N,A,Y,A,H,A,A,07,E,03,C,,,,,C,N,F,D,1,0,0,0,22350.0,3,36.74426307,-119.80882356,4
2015,2015-07-02,1648,7,2,16,4,N,B,Y,A,H,A,A,07,W,08,F,,,,,A,Y,N,D,5,0,0,0,22107.0,1,36.74057316,-119.8150184,3
2015,2015-07-02,1801,7,2,18,4,Y,A,N,A,H,A,A,01,,12,D,,,,,C,Y,N,A,2,0,0,0,22450.0,2,36.70896005,-119.75470995,3
2015,2015-07-03,955,7,2,9,5,N,A,Y,A,C,A,A,01,N,08,E,,,,,I,Y,N,D,1,0,0,0,22107.0,1,36.79736018,-119.87075283,4
2015,2015-07-07,755,7,2,7,2,N,A,Y,A,H,A,A,01,S,03,C,,,,,C,Y,N,D,2,0,0,0,22350.0,2,36.75031089,-119.77633146,3
2015,2015-07-02,1400,7,2,14,4,Y,B,N,A,H,A,A,01,,09,D,,,,,C,Y,N,D,1,0,0,0,21801.0,2,36.67625005,-120.15135992,4
2015,2015-07-07,2315,7,2,23,2,N,A,N,A,H,D,A,07,E,08,F,,,,,A,Y,N,D,1,0,0,0,22107.0,1,36.88103659,-119.68319468,3
2015,2015-07-01,1700,7,2,17,3,Y,A,N,A,H,A,A,01,,08,E,,,,,I,Y,N,D,1,0,0,0,22107.0,1,36.51823008,-119.80003998,3
2015,2015-07-01,2250,7,2,22,3,N,B,Y,B,H,D,A,01,E,08,E,,,,,I,Y,N,D,1,0,0,0,22107.0,1,36.76859432,-119.74950185,4
2015,2015-07-03,1010,7,2,10,5,N,A,Y,A,H,A,A,07,N,03,C,,,,,C,Y,N,D,4,0,0,0,22350.0,2,36.79642748,-119.86936885,3
2015,2015-07-03,905,7,2,9,5,N,A,N,A,H,A,A,01,E,08,F,,,,,A,Y,N,D,1,0,0,0,22107.0,1,36.42988833,-120.0277423,4
2015,2015-06-16,1300,6,2,13,2,N,A,Y,A,H,A,A,01,N,03,C,,,,,C,N,F,A,1,0,0,0,22350.0,2,36.50818515,-119.55029397,4
2015,2015-06-26,1939,6,2,19,5,N,A,N,A,H,A,-,- ,W,00,C,,,,,C,Y,N,D,1,0,0,0,,2,36.60541,-119.61969722,4
2015,2015-06-23,1545,6,2,15,2,N,A,N,A,H,A,A,01,N,01,E,,,,,I,Y,N,D,1,0,0,0,23152.0,1,36.7258586,-119.51105165,3
2015,2015-06-29,2000,6,2,20,1,N,A,N,A,H,A,A,01,W,01,E,,,,,I,Y,N,D,1,0,0,0,23152.0,1,36.57353179,-120.28232042,3
2015,2015-06-23,2036,6,2,20,2,N,A,N,A,H,B,A,08,N,12,H,,,,,F,Y,N,A,1,0,0,0,22451.0,2,36.72121176,-119.62790003,3
2015,2015-06-13,1725,6,2,17,6,Y,A,N,A,H,A,A,07,,12,D,,,,,C,Y,N,A,2,0,0,0,21453.0,2,36.81558007,-119.81738988,4
2015,2015-06-30,755,6,2,7,2,N,A,N,A,H,A,A,01,E,08,E,,,,,I,Y,N,D,1,0,0,0,22107.0,1,36.51817192,-119.65512987,3
2015,2015-06-27,2040,6,2,20,6,N,B,N,A,H,D,A,01,N,01,H,,,,,I,Y,N,D,1,0,0,0,23152.0,1,36.54760033,-119.59161773,3
2015,2015-06-30,2300,6,2,23,2,N,A,N,A,H,D,C,02,W,03,F,,,Y,,A,Y,N,D,1,0,0,1,22350.0,1,36.80156158,-119.39603646,3
2015,2015-06-23,700,6,2,7,2,N,A,Y,A,H,A,A,01,S,03,C,,,,,C,Y,N,D,2,0,0,0,22350.0,2,36.74656283,-120.06004305,3
2015,2015-06-28,1249,6,2,12,7,N,A,Y,A,H,A,A,01,E,08,B,,,,,C,Y,N,D,4,0,0,0,22107.0,2,37.04329787,-119.49302654,2
2015,2015-06-21,3,6,2,0,7,N,A,Y,A,H,D,A,01,E,01,E,,,,,I,Y,N,D,1,0,0,0,23152.0,2,36.81138431,-119.73091834,2
2015,2015-06-23,1020,6,2,10,2,N,A,N,A,H,A,A,01,W,03,E,,,,,I,N,N,D,1,0,0,0,22350.0,1,36.72635312,-119.84637389,3
2015,2015-06-28,1535,6,2,15,7,N,A,Y,A,H,A,A,01,N,12,H,,Y,,,G,N,N,A,1,0,1,0,21453.0,2,36.72711322,-119.79504378,4
2015,2015-06-15,1100,6,2,11,1,N,A,Y,A,H,A,A,01,N,07,B,,,,,A,Y,N,D,1,0,0,0,21658.0,2,36.74925089,-119.7760636,3
2015,2015-06-27,2018,6,2,20,6,Y,A,N,A,H,D,A,07,,12,D,,,,,C,Y,N,A,2,0,0,0,22450.0,2,36.80774002,-119.97033987,3
2015,2015-06-17,2357,6,2,23,3,N,A,N,A,H,D,A,07,W,01,E,,,,,I,Y,N,D,1,0,0,0,23152.0,1,37.06635,-119.49421,3
2015,2015-06-28,1930,6,2,19,7,N,A,Y,A,H,A,A,01,W,09,D,,,,,C,Y,F,D,1,0,0,0,21801.0,3,36.72004137,-119.44858297,4
2015,2015-06-29,1557,6,2,15,1,Y,A,N,A,H,A,A,01,,03,C,,,,,C,Y,N,D,3,0,0,0,22350.0,2,36.54687005,-119.55660986,4
2015,2015-06-15,2249,6,2,22,1,N,A,N,A,H,D,A,01,S,01,A,,,,,C,Y,N,D,3,0,0,0,23152.0,2,36.96159148,-119.72799789,3
2015,2015-06-25,2334,6,2,23,4,N,A,N,A,H,D,A,01,W,08,E,,,,,I,Y,N,D,1,0,0,0,22107.0,1,36.79388056,-119.81091287,3
2015,2015-06-18,1411,6,2,14,4,N,A,Y,-,H,-,A,07,E,12,D,,,,,C,Y,N,A,1,0,0,0,21453.0,3,36.83960009,-119.700777,4
2015,2015-06-16,1944,6,2,19,2,N,A,N,A,H,C,-,,N,03,C,,,,,C,N,N,A,1,0,0,0,22350.0,2,36.7066113,-119.55597614,4
2015,2015-06-01,752,6,2,7,1,N,A,N,A,H,A,A,01,W,09,D,,,,,C,N,N,A,3,0,0,0,21802.0,4,36.71402926,-119.54745863,3
2015,2015-06-24,1930,6,2,19,3,N,A,N,A,H,B,D,22,W,08,E,,,,,I,Y,N,D,1,0,0,0,22107.0,1,36.76704193,-119.25103418,4
2015,2015-06-22,1603,6,2,16,1,Y,A,N,A,H,A,A,01,,09,D,,,,,C,Y,N,A,3,0,0,0,21802.0,2,36.60544003,-119.70031987,3
2015,2015-06-20,240,6,2,2,6,N,A,N,A,H,D,A,01,N,08,B,,,,,E,Y,M,D,1,0,0,0,22107.0,2,36.81291347,-119.79943545,4
2015,2015-06-19,1532,6,2,15,5,Y,A,N,A,H,A,A,01,,09,D,,,,,C,Y,N,A,2,0,0,0,21802.0,3,36.51829002,-119.79108996,3
2015,2015-06-21,1948,6,2,19,7,N,A,N,A,H,A,-,- ,E,00,B,,,,,C,Y,N,D,2,0,0,0,,2,36.63304465,-119.42178076,4
2015,2015-06-20,1801,6,2,18,6,N,A,Y,A,G,A,-,- ,N,18,E,,,,,J,Y,N,D,1,0,0,0,,1,36.81011,-119.88941,3
2015,2015-06-14,915,6,2,9,7,Y,A,N,A,H,A,A,01,,09,A,,,,,C,Y,N,A,6,0,0,0,21801.0,2,36.54684001,-119.54799991,3
2015,2015-06-17,2145,6,2,21,3,N,A,Y,A,H,C,D,22,N,03,C,,,,,C,N,N,D,2,0,0,0,22350.0,3,36.74524811,-119.77672865,4
2015,2015-06-05,1251,6,2,12,5,N,A,Y,A,H,A,A,01,S,08,E,,,,,I,Y,N,D,1,0,0,0,22107.0,1,36.80469741,-119.78510775,4
2015,2015-06-20,1537,6,2,15,6,Y,A,N,A,H,A,A,01,,09,D,,,,,C,N,N,A,1,0,0,0,21802.0,2,36.75380001,-119.84210994,4
2015,2015-06-21,530,6,2,5,7,N,A,Y,A,H,A,A,07,N,08,F,,,,,A,Y,N,D,1,0,0,0,22107.0,1,36.68923904,-119.75487968,3
2015,2015-06-17,1720,6,2,17,3,Y,A,N,A,H,A,A,08,,21,G,Y,,,,B,Y,N,D,1,1,0,0,22106.0,2,36.53989002,-119.84051995,4
2015,2015-06-20,610,6,2,6,6,N,A,Y,A,H,A,C,02,N,03,F,,,Y,,A,Y,N,D,1,0,0,1,22350.0,1,36.54863514,-119.59800596,4
2015,2015-06-16,2214,6,2,22,2,Y,A,N,A,H,C,A,07,,09,D,,,,,C,Y,N,A,4,0,0,0,21801.0,2,36.54684001,-119.54799991,4
2015,2015-06-18,1115,6,2,11,4,N,A,Y,A,H,A,A,01,S,08,F,,,,,A,Y,N,D,1,0,0,0,22107.0,1,36.56014564,-120.09741507,3
2015,2015-06-18,1333,6,2,13,4,Y,A,N,A,H,A,A,01,,09,D,,,,,C,Y,N,A,3,0,0,0,21802.0,2,36.58951003,-119.41298994,3
2015,2015-05-18,820,5,1,8,1,N,B,Y,A,H,A,D,22,N,03,C,,,,,C,Y,N,A,1,0,0,0,22350.0,2,36.78225119,-119.78443221,4
2015,2015-06-22,1045,6,2,10,1,N,A,Y,A,H,A,A,07,N,08,E,,,,,I,Y,N,D,1,0,0,0,22107.0,1,36.69818074,-119.76570925,3
2015,2015-06-23,1220,6,2,12,2,Y,A,N,A,H,A,A,01,,12,A,,,,,C,Y,N,A,2,0,0,0,22450.0,2,36.63413001,-119.55674992,4
2015,2015-06-11,2140,6,2,21,4,N,A,N,A,H,D,A,01,S,03,C,,,,,C,Y,N,D,2,0,0,0,22350.0,2,36.66066177,-119.69991046,4
2015,2015-06-11,711,6,2,7,4,N,A,N,A,H,A,H,13,W,22,H,,,,,A,N,N,D,1,0,0,0,,1,36.71484736,-119.67845995,4
2015,2015-06-16,1058,6,2,10,2,N,A,Y,A,H,A,-,- ,E,18,E,,,,,J,N,N,D,1,0,0,0,,1,36.78113752,-119.749039,4
2015,2015-06-23,1325,6,2,13,2,Y,A,N,A,H,A,A,01,,12,D,,,,,C,Y,N,A,3,0,0,0,22450.0,2,36.77173002,-119.89824991,3
2015,2015-06-11,750,6,2,7,4,N,A,Y,A,A,A,A,01,E,03,C,,,,,C,Y,N,A,1,0,0,0,22350.0,3,36.75294745,-119.70310444,4
2015,2015-06-22,622,6,2,6,1,N,A,Y,A,H,A,A,01,E,03,C,,,,,C,N,F,D,1,0,0,0,22350.0,2,36.73599003,-119.60984584,4
2015,2015-06-16,815,6,2,8,2,N,A,Y,A,H,A,A,08,N,03,C,,,,,C,Y,N,A,2,0,0,0,22350.0,4,36.74524811,-119.77672865,4
2015,2015-06-07,2130,6,2,21,7,Y,B,N,A,H,C,D,22,,01,E,,,,,I,Y,M,D,1,0,0,0,23152.0,1,36.81720002,-119.70026996,3
2015,2015-06-10,700,6,2,7,3,N,B,Y,A,H,A,-,- ,N,18,E,,,,,I,Y,N,D,1,0,0,0,,1,36.53475642,-119.58152968,4
2015,2015-06-06,355,6,2,3,6,N,A,N,A,H,D,A,01,S,01,C,,,,Y,C,Y,M,D,1,0,0,0,23152.0,2,36.67283768,-119.73675,4
2015,2015-06-19,2125,6,2,21,5,N,A,Y,A,H,D,C,02,E,01,F,,,Y,,A,Y,N,D,1,0,0,1,23152.0,1,36.75195743,-119.78995507,4
2015,2015-06-23,555,6,2,5,2,N,A,Y,A,H,A,A,07,N,08,E,,,,,I,Y,N,D,2,0,0,0,22107.0,1,36.69724038,-119.76440646,2
2015,2015-06-28,1020,6,2,10,7,N,B,Y,A,H,A,A,01,S,07,B,,,,,C,N,N,D,2,0,0,0,21658.0,2,36.71384511,-119.78425969,4
2015,2015-06-22,1705,6,2,17,1,N,A,Y,A,H,A,A,01,N,03,C,,,,,C,Y,N,D,1,0,0,0,22350.0,2,36.75364811,-119.78042507,4
2015,2015-06-22,1252,6,2,12,1,Y,A,N,A,H,A,-,,,12,C,,,,,C,N,N,A,1,0,0,0,22450.0,2,36.70862005,-119.56392992,4
2015,2015-06-19,1405,6,2,14,5,N,A,Y,A,H,A,D,22,N,08,E,,,,,I,Y,N,D,1,0,0,0,22107.0,1,36.53690324,-120.09789206,3
2015,2015-06-09,2000,6,2,20,2,Y,B,N,A,H,B,-,,,12,C,,,,,C,N,N,D,1,0,0,0,22450.0,2,36.69229011,-119.54277989,4
2015,2015-06-12,1800,6,2,18,5,N,A,N,A,H,A,A,01,N,03,C,,,,,C,Y,N,A,1,0,0,0,22350.0,2,36.70665467,-119.55598474,4
2015,2015-07-15,1809,7,2,18,3,N,A,Y,A,H,A,D,22,S,08,E,,,,,I,Y,N,D,1,0,0,0,22107.0,1,36.5142952,-120.46838687,2
2015,2015-07-15,1115,7,2,11,3,Y,A,N,A,H,A,L,04,,09,C,,Y,,,G,N,N,D,1,0,1,0,21800.0,2,36.59531364,-119.45241451,3
2015,2015-07-17,2027,7,2,20,5,N,A,Y,A,D,D,A,07,S,08,F,,,,,A,Y,N,D,2,0,0,0,22107.0,1,36.68426613,-120.65693013,4
2015,2015-04-14,1809,4,1,18,2,Y,A,N,A,H,A,-,,,12,D,,,,,C,N,N,A,2,0,0,0,21453.0,2,36.70393002,-119.5554299,4
2015,2015-04-07,1322,4,1,13,2,Y,B,N,B,H,A,-,,,09,D,,,,,C,N,N,D,1,0,0,0,21802.0,2,36.70601009,-119.55999999,4
2015,2015-04-09,1156,4,1,11,4,Y,A,N,A,H,A,-,,,09,H,,,Y,,A,N,N,A,1,0,0,1,21801.0,2,36.69218004,-119.55411996,3
2015,2015-04-11,1614,4,1,16,6,N,A,N,A,H,A,A,01,W,03,C,,,,,C,N,N,D,2,0,0,0,22350.0,2,36.70704046,-119.56440884,4