ACCIDENT_YEAR,COLLISION_DATE,COLLISION_TIME,MONTH,SEASON,24HOURS,DAY_OF_WEEK,INTERSECTION,WEATHER_1,STATE_HWY_IND,ROAD_SURFACE,ROAD_COND_1,LIGHTING,STWD_VEHTYPE_AT_FAULT,CHP_VEHTYPE_AT_FAULT,DIRECTION,PCF_VIOL_CATEGORY,TYPE_OF_COLLISION,PEDESTRIAN_ACCIDENT,BICYCLE_ACCIDENT,MOTORCYCLE_ACCIDENT,TRUCK_ACCIDENT,MVIW,TOW_AWAY,HIT_AND_RUN,CONTROL_DEVICE,NUMBER_INJURED,COUNT_PED_INJURED,COUNT_BICYCLIST_INJURED,COUNT_MC_INJURED,PCF_VIOLATION,PARTY_COUNT,POINT_Y,POINT_X,COLLISION_SEVERITY
2014,2014-03-07,1211,3,1,12,5,N,B,N,A,H,A,A,01,W,03,C,,,,,C,N,N,A,1,0,0,0,22350.0,2,36.80858,-119.72936801,4
2014,2014-02-23,1550,2,4,15,7,Y,A,N,A,H,A,A,01,,08,B,,,Y,,C,N,F,D,1,0,0,1,22107.0,2,36.77566002,-119.70032996,4
2014,2014-03-03,1712,3,1,17,1,N,A,N,A,H,B,N,60,W,11,G,Y,,,,B,N,N,D,2,2,0,0,21954.0,3,36.80867026,-119.74750803,4
2014,2014-03-10,2004,3,1,20,1,N,A,N,A,H,C,A,01,W,04,C,,,,,C,N,N,D,1,0,0,0,21703.0,2,36.80832413,-119.87270395,4
2014,2014-03-28,1130,3,1,11,5,Y,B,N,A,H,A,A,07,,12,D,,,,,C,N,M,A,1,0,0,0,21453.0,2,36.76502,-119.78153988,4
2014,2014-04-03,1443,4,1,14,4,N,A,N,A,H,A,A,01,N,09,D,Y,,,,C,N,N,D,1,0,0,0,21801.0,3,36.77268349,-119.86232858,4
2014,2014-05-14,1721,5,1,17,3,N,A,N,A,H,A,A,01,W,- ,D,,,,,C,Y,N,D,1,0,0,0,,2,36.77484838,-119.68999138,4
2014,2014-06-18,2206,6,2,22,3,N,A,N,A,H,C,A,01,E,01,A,,,Y,,C,Y,N,A,2,0,0,0,23153.0,2,36.75731546,-119.75441,4
2014,2014-03-05,1438,3,1,14,3,N,A,N,A,H,A,-,- ,N,22,C,,,,,C,,N,D,2,0,0,0,,2,36.73216593,-119.79862255,4
2014,2014-09-23,1505,9,3,15,2,N,A,N,A,H,A,A,07,S,03,C,,,,,C,,N,D,1,0,0,0,22350.0,2,36.88611042,-119.73879,4
2014,2014-01-08,1202,1,4,12,3,Y,A,N,A,H,A,A,07,,11,D,Y,,,,B,N,M,A,1,1,0,0,21950.0,2,36.72964002,-119.80126987,4
2014,2014-05-19,2239,5,1,22,1,Y,A,N,A,H,C,J,48,,09,D,,Y,,,G,,N,A,1,0,1,0,21802.0,2,36.85844007,-119.77804988,3
2014,2014-06-03,1908,6,2,19,2,Y,A,N,A,H,A,J,48,,09,-,,,,,-,Y,N,D,2,0,0,0,21801.0,2,36.82669004,-119.86249993,4
2015,2015-06-10,1141,6,2,11,3,Y,A,N,A,H,A,-,- ,,22,D,,,,,C,Y,N,A,1,0,0,0,,2,36.8013001,-119.79057987,4
2014,2014-10-07,1820,10,3,18,2,Y,A,N,A,H,A,L,04,,03,D,,Y,,,G,N,N,D,1,0,1,0,22350.0,2,36.78661009,-119.81975998,4
2015,2015-05-13,1439,5,1,14,3,Y,A,N,A,H,A,A,01,,09,D,,,,,C,Y,N,A,1,0,0,0,21802.0,2,36.77920002,-119.84194999,3
2015,2015-09-29,1623,9,3,16,2,-,A,N,A,H,A,A,01,N,06,D,,,,,C,,N,A,2,0,0,0,21755.0,2,36.73275898,-119.78527331,4
2014,2014-10-29,1326,10,3,13,3,N,A,N,A,H,A,A,07,N,03,C,,,,,C,N,N,D,1,0,0,0,22350.0,2,36.82304137,-119.7904598,4
2015,2015-02-14,1320,2,4,13,6,Y,A,N,A,H,A,A,01,,09,D,,,,,C,N,N,A,2,0,0,0,21801.0,2,36.81566002,-119.79941998,4
2015,2015-03-05,2312,3,1,23,4,N,A,N,A,H,C,J,48,,12,D,,,,,C,Y,N,A,4,0,0,0,21453.0,3,36.83738002,-119.79037997,2
2015,2015-06-24,1719,6,2,17,3,N,A,N,A,H,A,J,48,,12,D,Y,,,,C,Y,N,A,5,1,0,0,21453.0,4,36.76492008,-119.80861987,3
2014,2014-11-03,1320,11,3,13,1,N,A,N,A,H,A,N,60,N,11,G,Y,,,,B,,N,D,1,1,0,0,21954.0,2,36.864058,-119.75673337,3
2014,2014-12-22,217,12,4,2,1,Y,A,N,A,H,C,E,22,,12,D,,,,,C,N,N,A,1,0,0,0,22450.0,2,36.76510005,-119.79065989,4
2015,2015-12-19,1244,12,4,12,6,N,B,N,-,H,A,A,01,W,04,C,,,,,C,Y,N,A,1,0,0,0,21703.0,2,36.80865592,-119.69165286,4
2015,2015-12-17,1727,12,4,17,4,N,B,N,A,H,E,N,60,N,11,G,Y,,,,B,Y,N,D,0,0,0,0,21954.0,2,36.8230701,-119.71339994,1
2016,2016-01-09,720,1,4,7,6,N,B,N,B,H,A,A,01,N,08,C,,,,,E,Y,N,D,1,0,0,0,22107.0,2,36.79847465,-119.72742579,4
2015,2015-12-22,1121,12,4,11,2,N,-,N,-,-,-,-,- ,N,- ,C,,,,,-,N,N,-,1,0,0,0,,2,36.83769391,-119.72019947,4
2016,2016-01-10,1412,1,4,14,7,Y,A,N,A,H,A,A,01,,03,F,,,,,J,Y,N,D,1,0,0,0,22350.0,1,36.8230301,-119.66888992,3
2016,2016-01-07,1130,1,4,11,4,N,B,N,A,H,A,A,01,N,09,D,,,,,C,Y,N,A,1,0,0,0,21801.0,2,36.80953199,-119.69086739,4
2016,2016-01-11,1737,1,4,17,1,N,A,N,A,H,C,A,01,E,03,C,,,,,C,Y,N,A,1,0,0,0,22350.0,3,36.83765001,-119.72280745,4
2015,2015-12-17,2244,12,4,22,4,N,A,N,A,H,C,-,,N,01,E,,,,,I,N,N,D,1,0,0,0,23152.0,1,36.59926403,-119.45754421,3
2015,2015-11-04,1425,11,3,14,3,N,A,N,A,H,B,-,,S,03,E,,,,,I,N,N,D,1,0,0,0,22350.0,1,36.14721461,-120.37242293,4
2015,2015-11-05,828,11,3,8,4,N,A,N,A,H,A,-,,W,22,C,,,,,C,N,N,D,1,0,0,0,,2,36.14196128,-120.35452824,3
2015,2015-10-27,1149,10,3,11,2,Y,A,N,A,H,A,-,,,09,D,,,,,C,N,N,A,1,0,0,0,21802.0,2,36.13907011,-120.35920991,4
2015,2015-09-22,1905,9,3,19,2,N,A,N,A,H,A,-,,S,01,E,,,,,I,Y,M,D,1,0,0,0,23152.0,1,36.63594955,-119.68607173,3
2015,2015-02-13,2000,2,4,20,5,N,A,N,A,H,C,L,04,S,08,C,,Y,,,B,N,N,D,1,0,1,0,22107.0,2,36.13245,-120.36387,3
2015,2015-05-03,1350,5,1,13,7,Y,-,N,-,-,A,D,22,,- ,G,Y,,,,B,N,N,-,1,1,0,0,,2,36.80837011,-119.8580899,2
2015,2015-05-27,755,5,1,7,3,N,A,N,A,H,A,A,01,W,09,D,,,,,C,Y,N,D,1,0,0,0,21804.0,2,36.77197182,-119.83162276,4
2015,2015-05-07,1100,5,1,11,4,N,A,N,A,H,A,A,01,S,03,C,,,,,C,Y,N,D,1,0,0,0,22350.0,3,36.78718942,-119.79064,4
2015,2015-05-30,1819,5,1,18,6,Y,A,N,-,H,A,A,01,,03,C,,,,,C,N,N,-,2,0,0,0,22350.0,2,36.79430008,-119.73620991,4
2015,2015-05-20,1712,5,1,17,3,Y,A,N,A,H,A,D,22,,11,G,Y,,,,B,N,N,A,1,1,0,0,21950.0,2,36.79379001,-119.82459995,2
2015,2015-05-08,2000,5,1,20,5,Y,A,N,A,H,B,A,01,,08,D,,,,,C,Y,N,A,1,0,0,0,22107.0,2,36.75774002,-119.76347999,4
2015,2015-05-09,1831,5,1,18,6,-,A,N,A,H,A,A,01,,12,D,,,,,C,N,N,A,1,0,0,0,21453.0,2,36.74316005,-119.73648988,4
2015,2015-05-11,1626,5,1,16,1,N,A,N,A,H,A,A,07,E,08,E,,,,,I,Y,N,D,1,0,0,0,22107.0,1,36.75099,-119.81539432,4
2015,2015-05-22,1617,5,1,16,5,Y,A,N,A,H,A,A,01,,12,D,,,,Y,C,Y,N,A,1,0,0,0,21453.0,2,36.78672003,-119.7182299,2
2015,2015-05-12,1430,5,1,14,2,-,A,N,A,H,A,D,22,,22,B,,,,,C,Y,N,D,1,0,0,0,,2,36.77950283,-119.7679165,3
2015,2015-05-17,1408,5,1,14,7,N,B,N,A,H,A,A,01,N,07,B,,,,,C,Y,N,D,1,0,0,0,21658.0,2,36.80322528,-119.79057064,4
2015,2015-05-30,2000,5,1,20,6,Y,A,N,A,H,C,A,07,,12,D,,,,,C,Y,N,A,1,0,0,0,21453.0,3,36.83014004,-119.79041997,3
2015,2015-05-29,1713,5,1,17,5,N,A,N,A,H,A,D,22,S,03,C,,,,,C,N,N,D,1,0,0,0,22350.0,2,36.86230598,-119.78176429,4
2015,2015-05-27,1229,5,1,12,3,N,A,N,A,H,A,A,01,E,09,D,,,Y,,C,Y,N,D,1,0,0,1,21804.0,2,36.83014,-119.79042,2
2015,2015-05-17,530,5,1,5,7,N,A,N,A,H,B,A,01,E,01,E,,,,,I,Y,N,D,1,0,0,0,23153.0,1,36.71415785,-119.753177,4
2015,2015-05-21,350,5,1,3,4,N,A,N,A,H,C,A,01,N,03,E,,,,,I,Y,N,D,1,0,0,0,22350.0,1,36.756829,-119.78149235,3
2015,2015-05-27,1008,5,1,10,3,Y,A,N,A,H,A,A,01,,09,D,,,,,C,Y,N,A,1,0,0,0,21801.0,2,36.71418011,-119.79083997,4
2015,2015-05-14,1255,5,1,12,4,-,B,N,A,H,A,A,01,,09,A,,,,,C,,N,A,4,0,0,0,21801.0,2,36.73515011,-119.79333991,4
2015,2015-05-09,1040,5,1,10,6,Y,A,Y,A,H,A,-,- ,,00,A,,,,,C,Y,N,A,1,0,0,0,,2,36.77701955,-119.7847423,4
2015,2015-05-25,2238,5,1,22,1,N,A,N,A,H,C,A,01,N,01,C,,,,Y,C,Y,N,A,1,0,0,0,23153.0,2,36.80848704,-119.86274798,2
2015,2015-05-22,1554,5,1,15,5,N,B,N,A,H,A,A,01,W,08,D,,,,,C,Y,N,D,2,0,0,0,22107.0,2,36.78664,-119.81121587,4
2015,2015-05-15,2200,5,1,22,5,-,B,N,A,H,C,A,01,,01,C,,,,,E,Y,F,D,1,0,0,0,23152.0,2,36.74262006,-119.69378986,4
2015,2015-05-21,1538,5,1,15,4,-,A,N,A,H,A,-,,,12,D,,,,,-,,N,A,1,0,0,0,22450.0,2,36.76132003,-119.79334986,4
2015,2015-05-01,1428,5,1,14,5,Y,A,N,A,H,A,D,22,,08,E,,,,,I,Y,N,D,1,0,0,0,22107.0,1,36.75136003,-119.74993993,4
2015,2015-05-30,535,5,1,5,6,Y,A,N,A,H,A,A,01,,03,E,,,,,I,N,N,D,1,0,0,0,22350.0,1,36.7845701,-119.76176991,4
2015,2015-05-02,1412,5,1,14,6,N,A,N,A,H,A,A,01,,04,C,,,,,C,N,N,A,1,0,0,0,21703.0,2,36.80865,-119.74073993,3
2015,2015-05-29,1147,5,1,11,5,-,A,N,A,H,A,A,01,,03,C,,,,,C,Y,N,D,3,0,0,0,22350.0,2,36.75745,-119.71326986,4
2015,2015-05-05,340,5,1,3,2,N,A,N,A,H,C,A,01,W,03,E,,,,,I,Y,N,D,1,0,0,0,22350.0,1,36.70587379,-119.75918323,2
2015,2015-05-21,1701,5,1,17,4,Y,B,N,A,H,A,L,04,,05,D,,Y,,,G,N,M,A,1,0,1,0,21650.0,2,36.79046006,-119.79062999,4
2015,2015-05-17,2320,5,1,23,7,N,A,N,A,-,C,A,01,E,03,E,,,,,I,Y,N,D,3,0,0,0,22350.0,1,36.75236,-119.78931,4
2015,2015-05-08,1445,5,1,14,5,Y,B,N,A,H,A,D,22,,09,D,,,,,C,Y,N,A,2,0,0,0,21453.0,2,36.71421006,-119.77636994,4
2015,2015-05-19,1703,5,1,17,2,Y,A,N,A,H,A,C,02,,03,E,,,Y,,I,Y,N,A,1,0,0,1,22350.0,1,36.75052007,-119.74089996,4
2015,2015-05-08,1902,5,1,19,5,Y,A,N,A,H,A,A,01,,04,C,,,,,C,N,N,D,1,0,0,0,21703.0,2,36.73180006,-119.80861986,4
2015,2015-05-18,854,5,1,8,1,N,A,N,A,H,A,C,02,W,09,D,,,Y,,C,Y,N,A,1,0,0,1,21804.0,2,36.76503,-119.78908763,4
2015,2015-05-13,1312,5,1,13,3,N,A,N,A,H,A,D,22,E,03,C,,,,,C,N,N,D,1,0,0,0,22350.0,3,36.80837537,-119.8556355,4
2015,2015-05-13,1958,5,1,19,3,N,A,N,A,H,B,A,08,E,03,G,,Y,,,G,N,N,D,1,0,1,0,22350.0,2,36.76742,-119.82679,4
2015,2015-05-16,644,5,1,6,6,-,A,N,A,H,A,A,01,,22,E,,,,,I,N,N,D,1,0,0,0,,1,36.79900003,-119.84929996,4
2015,2015-05-14,1016,5,1,10,4,N,C,N,B,H,A,A,01,W,03,E,,,,,I,Y,N,D,1,0,0,0,22350.0,1,36.7249838,-119.73973888,4
2015,2015-09-08,859,9,3,8,2,N,A,N,A,H,A,A,01,E,08,D,,,,,C,Y,N,D,1,0,0,0,22107.0,2,,,4
2015,2015-09-23,1630,9,3,16,3,N,A,N,A,H,A,-,- ,,18,G,Y,,,,B,N,N,A,1,1,0,0,,2,36.77137,-119.7906699,3
2015,2015-09-22,1648,9,3,16,2,N,A,N,A,H,A,D,22,W,03,C,,,,,C,Y,N,A,1,0,0,0,22350.0,4,36.7868234,-119.74600328,4
2015,2015-09-04,1528,9,3,15,5,N,A,N,A,H,A,A,01,,03,C,,,,,C,Y,N,A,1,0,0,0,22350.0,3,36.78641001,-119.84990995,3
2015,2015-09-13,125,9,3,1,7,Y,A,N,A,H,C,A,01,,03,E,,,,,I,Y,F,D,1,0,0,0,22350.0,1,36.78642006,-119.85504991,3
2015,2015-09-03,1815,9,3,18,4,Y,A,N,A,H,A,A,01,,08,B,,Y,,,G,N,M,D,1,0,1,0,22107.0,2,36.80848,-119.73861989,3
2015,2015-09-23,1344,9,3,13,3,N,A,N,A,H,A,D,22,S,01,B,,,,,C,Y,N,A,1,0,0,0,23152.0,3,36.77951746,-119.74534,2
2015,2015-09-16,1746,9,3,17,3,N,A,N,A,H,A,L,04,S,09,B,,Y,,,G,N,N,A,1,0,1,0,21804.0,2,36.76461931,-119.78153057,4
2015,2015-09-22,1017,9,3,10,2,N,A,N,A,H,A,A,08,W,03,C,,,,,C,Y,N,D,1,0,0,0,22350.0,3,36.85194809,-119.76164496,4
2015,2015-09-28,1302,9,3,13,1,N,A,N,A,H,A,A,08,,12,D,,,,,C,Y,N,A,1,0,0,0,21453.0,2,36.7796801,-119.77265997,4
2015,2015-09-09,1504,9,3,15,3,N,A,N,A,H,A,L,04,,12,D,,Y,,Y,G,N,N,A,1,0,1,0,21453.0,2,36.77198008,-119.83410998,2
2015,2015-09-02,1215,9,3,12,3,N,A,N,A,D,A,A,01,E,04,C,,,,,C,N,F,A,2,0,0,0,21703.0,2,36.85195894,-119.76473697,4
2015,2015-09-05,1952,9,3,19,6,N,A,N,A,H,B,A,01,W,03,C,,,,,C,Y,N,A,1,0,0,0,22350.0,2,36.77190114,-119.85379748,2
2015,2015-09-02,1745,9,3,17,3,N,A,N,A,H,A,A,01,E,22,C,,,,,C,N,N,D,1,0,0,0,,2,36.79368981,-119.86308659,4
2015,2015-09-29,1704,9,3,17,2,Y,B,N,A,H,A,L,04,,09,G,,Y,,,G,N,N,D,1,0,1,0,21804.0,2,36.73741008,-119.79033992,3
2015,2015-09-01,1136,9,3,11,2,N,A,N,A,H,A,A,01,,09,D,,,,,C,Y,N,A,1,0,0,0,21801.0,2,36.80838011,-119.85349998,4
2015,2015-09-28,15,9,3,0,1,N,A,N,A,H,C,-,,N,08,G,Y,,,,-,N,F,D,1,1,0,0,22107.0,2,36.80002,-119.8799,4
2015,2015-09-15,1102,9,3,11,2,N,A,N,A,H,A,A,07,E,- ,B,,,,,I,N,N,D,3,0,0,0,,1,36.81536162,-119.89907897,3
2015,2015-09-05,1902,9,3,19,6,Y,A,N,A,H,C,-,,,01,D,,,,,I,N,N,A,2,0,0,0,23152.0,2,36.7645901,-119.86223991,3
2015,2015-09-24,1539,9,3,15,4,N,A,N,A,H,A,D,22,,12,D,,,,,C,Y,N,A,1,0,0,0,21453.0,2,36.8594601,-119.72990996,3
2015,2015-09-07,2100,9,3,21,1,Y,A,N,A,H,C,A,01,,03,D,,,,,C,Y,N,A,2,0,0,0,22350.0,2,36.80835006,-119.86849996,4
2015,2015-09-08,2153,9,3,21,2,N,A,N,A,H,C,-,- ,W,18,E,Y,,,,B,N,N,A,1,1,0,0,,2,36.80840932,-119.82660558,3
2015,2015-09-14,1104,9,3,11,1,N,B,N,B,H,A,D,22,S,03,E,,,,,I,Y,M,D,1,0,0,0,22350.0,1,36.76602215,-119.81765,4
2015,2015-09-21,1052,9,3,10,1,N,A,N,A,H,A,A,01,,09,A,,,,,C,Y,N,A,1,0,0,0,21801.0,2,36.75038002,-119.80828988,4
2015,2015-09-14,1231,9,3,12,1,N,B,N,B,H,A,A,01,S,04,C,,,,,-,N,N,D,1,0,0,0,21703.0,2,36.802691,-119.78156148,3
2015,2015-09-24,1235,9,3,12,4,N,A,N,A,H,A,A,01,S,05,E,,,,,I,Y,N,D,1,0,0,0,21651.0,1,36.83879949,-119.87915552,2
2015,2015-09-09,2232,9,3,22,3,N,A,N,A,H,C,A,01,,09,D,,,,,C,Y,N,A,1,0,0,0,21802.0,2,36.79351001,-119.91648993,2
2015,2015-09-25,1103,9,3,11,5,N,A,N,A,H,A,A,01,S,03,C,,,,,E,Y,N,D,1,0,0,0,22350.0,2,36.8330416,-119.87150611,4
2015,2015-09-14,2006,9,3,20,1,Y,C,N,B,H,C,A,01,,22,-,,,,,C,Y,F,-,1,0,0,0,,2,36.72666011,-119.80532992,4
2015,2015-09-22,1920,9,3,19,2,Y,A,N,A,H,B,A,01,,11,G,Y,,,,B,N,N,A,1,1,0,0,21950.0,2,36.77937008,-119.81756999,3
2015,2015-09-14,947,9,3,9,1,N,B,N,B,H,A,D,22,W,03,E,,,,,I,Y,N,D,1,0,0,0,22350.0,1,36.79363177,-119.85039784,3
2015,2015-09-20,1555,9,3,15,7,Y,A,N,A,H,A,C,02,,12,D,,,Y,,C,N,N,A,1,0,0,1,21453.0,2,36.80843004,-119.79034993,3
2015,2015-09-17,1141,9,3,11,4,N,A,N,A,H,A,A,07,N,03,C,,,,,C,N,N,D,1,0,0,0,22350.0,2,36.81600723,-119.79051771,4
2015,2015-09-09,1418,9,3,14,3,N,A,N,A,H,A,A,01,N,03,C,,,,,C,Y,N,D,1,0,0,0,22350.0,4,36.79407583,-119.82641458,4
2015,2015-09-17,1434,9,3,14,4,N,A,N,A,H,A,D,22,,09,A,,,,,C,N,N,D,2,0,0,0,21800.0,2,36.76227007,-119.77025997,4
2015,2015-09-09,1018,9,3,10,3,N,A,N,A,H,A,A,01,,09,B,,,,Y,C,N,N,A,1,0,0,0,21801.0,2,36.70684006,-119.77618986,4
2015,2015-09-03,1311,9,3,13,4,N,A,N,A,H,A,-,,,09,D,,,,,C,Y,N,A,1,0,0,0,21804.0,2,36.84013005,-119.77359998,4
2015,2015-09-19,1232,9,3,12,6,N,A,N,A,H,A,A,08,N,07,B,,,,,C,Y,F,A,1,0,0,0,21658.0,2,36.82319625,-119.75424004,4
2015,2015-09-19,1434,9,3,14,6,N,A,N,A,H,A,A,01,,22,D,,,,,C,Y,N,A,1,0,0,0,,2,36.77961005,-119.78491996,3
2015,2015-06-26,1443,6,2,14,5,-,A,N,A,H,A,A,01,,09,D,,,,,C,Y,N,A,3,0,0,0,21801.0,2,36.73217007,-119.78277986,4
2015,2015-06-08,1438,6,2,14,1,N,A,N,A,H,A,A,01,W,09,B,,,,,C,Y,N,D,1,0,0,0,21801.0,2,36.75588963,-119.77324768,4
2015,2015-06-16,1126,6,2,11,2,Y,A,N,A,H,A,A,07,,12,D,,,,,C,Y,N,A,4,0,0,0,21453.0,2,36.72433001,-119.79365993,4
2015,2015-06-28,1514,6,2,15,7,Y,A,N,A,H,A,A,07,,09,D,,,,,C,Y,N,A,2,0,0,0,21804.0,2,36.70213007,-119.76370997,4
2015,2015-06-02,1554,6,2,15,2,-,A,N,A,H,A,A,01,,21,G,Y,,,,B,N,N,A,1,1,0,0,22106.0,2,36.84000022,-119.80325818,4
2015,2015-06-01,1303,6,2,13,1,-,A,N,A,H,A,-,,,03,C,,,,,C,,N,A,1,0,0,0,22350.0,3,36.75039009,-119.80629998,4
2015,2015-06-18,1318,6,2,13,4,N,A,N,A,H,A,A,01,E,08,B,,,,,E,Y,N,D,1,0,0,0,22107.0,2,36.77200453,-119.82336639,4
2015,2015-06-05,1558,6,2,15,5,N,A,N,A,D,A,D,22,N,03,C,,,,,E,N,N,-,1,0,0,0,22350.0,3,36.8094062,-119.75427599,4
2015,2015-06-19,1241,6,2,12,5,-,A,N,A,H,A,A,07,,12,D,,,,,C,Y,N,A,2,0,0,0,21453.0,2,36.77956,-119.73638999,4
2015,2015-06-11,635,6,2,6,4,N,A,N,A,H,A,A,01,N,22,-,,Y,,,G,N,N,D,1,0,1,0,,2,36.83016745,-119.79020975,4
2015,2015-06-05,1625,6,2,16,5,N,A,N,A,H,A,A,01,W,03,E,,,,,I,Y,N,D,3,0,0,0,22350.0,2,36.85193,-119.79680642,4
2015,2015-06-16,1147,6,2,11,2,Y,A,Y,A,H,A,D,22,,01,D,,,,,C,Y,N,A,3,0,0,0,23153.0,3,36.75513406,-119.74732312,3
2015,2015-06-13,1241,6,2,12,6,N,A,N,A,H,A,A,01,,07,C,,Y,,,G,N,N,A,1,0,1,0,21658.0,2,36.81853007,-119.86664993,3
2015,2015-06-23,2130,6,2,21,2,Y,A,N,A,H,C,-,99,,11,G,Y,,,,B,N,F,A,1,1,0,0,21950.0,2,36.80828006,-119.7632399,3
2015,2015-06-22,1612,6,2,16,1,N,A,N,A,H,A,L,04,N,09,D,,Y,,,G,N,N,D,1,0,1,0,21804.0,2,36.79403684,-119.8378673,3
2015,2015-06-09,1102,6,2,11,2,-,A,N,A,H,A,A,01,,09,D,,,,,C,Y,N,A,1,0,0,0,21801.0,3,36.74329011,-119.78938993,3
2015,2015-06-08,1636,6,2,16,1,-,A,N,A,H,A,A,01,,09,D,,,,,C,Y,N,B,1,0,0,0,21800.0,2,36.81227003,-119.75426987,4
2015,2015-06-29,1908,6,2,19,1,Y,A,N,A,H,A,A,07,,01,D,,,,,C,N,F,A,1,0,0,0,23153.0,2,36.79420007,-119.76331,4
2015,2015-06-08,452,6,2,4,1,N,A,N,A,H,C,A,07,E,01,C,,,,,C,N,F,A,1,0,0,0,23153.0,2,36.73401,-119.72573,4
2015,2015-06-17,1550,6,2,15,3,-,A,N,A,H,A,A,08,,07,B,,,,,C,Y,N,A,2,0,0,0,21658.0,4,36.75543008,-119.78923986,4
2015,2015-06-23,1736,6,2,17,2,Y,A,Y,A,H,A,A,07,,08,D,,,,,C,Y,N,A,1,0,0,0,22100.0,2,36.74705468,-119.80297561,4
2015,2015-06-20,1800,6,2,18,6,N,A,N,A,H,A,A,07,W,03,E,,,,,J,Y,M,D,1,0,0,0,22350.0,3,36.77044,-119.77478,4
2015,2015-06-04,2235,6,2,22,4,Y,A,N,A,H,C,A,01,,12,D,,,,,C,N,N,A,3,0,0,0,21453.0,3,36.75043002,-119.80035996,4
2015,2015-06-22,1626,6,2,16,1,N,A,N,A,H,A,D,22,E,01,E,,,,,I,Y,N,A,1,0,0,0,23152.0,1,36.77955605,-119.70973512,3
2015,2015-06-18,1411,6,2,14,4,-,A,N,A,H,A,A,01,,03,C,,,,,C,Y,M,A,1,0,0,0,22350.0,2,36.73946006,-119.74997993,4
2015,2015-06-30,1421,6,2,14,2,-,A,N,A,H,A,D,22,,10,G,Y,,,,B,,N,A,1,1,0,0,21950.0,2,36.76508008,-119.76934997,4
2015,2015-06-06,2045,6,2,20,6,Y,A,N,A,H,C,A,01,,09,D,,,,,C,Y,M,A,1,0,0,0,21802.0,2,36.70684002,-119.80884995,4
2015,2015-06-18,1746,6,2,17,4,N,A,N,A,H,A,A,01,W,08,B,,,,,C,Y,N,D,3,0,0,0,22107.0,3,36.78646,-119.80864,3
2015,2015-06-19,1214,6,2,12,5,N,A,N,A,H,A,A,01,W,03,C,,,,,C,,N,A,2,0,0,0,22350.0,2,36.78684,-119.75901238,4
2015,2015-06-19,2201,6,2,22,5,Y,A,N,A,H,C,A,01,,01,A,,,,,C,Y,F,A,2,0,0,0,23152.0,2,36.7722701,-119.78153998,4
2015,2015-06-22,1506,6,2,15,1,-,A,N,A,H,A,A,07,,09,D,,,,,C,Y,N,A,1,0,0,0,21801.0,3,36.73598008,-119.71158999,4
2015,2015-06-03,1605,6,2,16,3,N,A,N,A,H,A,D,22,W,03,C,,,,,C,Y,N,D,3,0,0,0,22350.0,2,36.79431281,-119.73683777,4
2015,2015-06-09,1350,6,2,13,2,N,A,N,A,H,A,G,25,N,08,G,Y,,,Y,B,,N,A,1,1,0,0,22107.0,2,36.75057725,-119.79770946,4
2015,2015-06-23,840,6,2,8,2,-,A,N,A,H,A,A,01,,12,D,,,,,C,Y,N,A,1,0,0,0,21453.0,2,36.80838011,-119.85349998,4
2015,2015-06-06,1646,6,2,16,6,N,A,N,A,H,A,D,22,E,01,E,Y,,,,J,Y,N,D,1,1,0,0,23152.0,3,36.76849128,-119.80329296,3
2015,2015-06-14,1814,6,2,18,7,Y,A,N,A,H,A,A,01,,12,D,,,,,C,N,N,A,2,0,0,0,21453.0,2,36.77931008,-119.82665995,4
2015,2015-06-03,1308,6,2,13,3,-,A,N,A,H,A,A,08,,09,D,,,,,C,,N,D,1,0,0,0,21801.0,2,36.73856008,-119.7454599,4
2015,2015-06-15,736,6,2,7,1,N,A,N,A,H,A,N,60,W,11,G,Y,,,,-,N,N,A,1,1,0,0,21954.0,2,36.84824004,-119.78637923,4
2015,2015-06-24,1009,6,2,10,3,-,A,N,A,H,A,A,01,,09,B,,,,,C,N,N,A,1,0,0,0,21803.0,2,36.80557002,-119.82658988,4
2015,2015-06-25,1532,6,2,15,4,N,A,N,A,H,A,A,01,W,03,C,,,,,C,N,N,A,2,0,0,0,22350.0,2,36.77974137,-119.79091266,4
2015,2015-09-22,2215,9,3,22,2,N,A,N,A,H,C,N,60,E,11,G,Y,,,,B,N,N,D,1,1,0,0,21954.0,2,36.84467,-119.78387,2
2015,2015-09-15,22,9,3,0,2,N,C,N,B,H,D,A,01,E,03,A,,,,,I,Y,N,D,1,0,0,0,22350.0,1,,,3
2015,2015-09-08,1734,9,3,17,2,N,A,N,A,H,A,L,04,W,05,D,,Y,,,G,N,N,A,1,0,1,0,21650.0,2,36.72138691,-119.80033031,2
2015,2015-09-03,1322,9,3,13,4,N,A,N,A,H,A,A,01,S,03,C,,,,,C,,N,D,1,0,0,0,22350.0,2,36.7458277,-119.77258638,4
2015,2015-09-01,1103,9,3,11,2,Y,A,N,A,H,A,A,01,,01,C,,,,,C,Y,N,A,1,0,0,0,23152.0,2,36.80850005,-119.80853996,4
2015,2015-09-23,2052,9,3,20,3,Y,A,N,A,H,C,A,01,,01,D,,,,,C,Y,F,A,3,0,0,0,23153.0,2,36.72865006,-119.73192999,4
2015,2015-09-30,1541,9,3,15,3,N,A,N,A,H,A,C,02,S,03,F,,,Y,,-,,N,A,1,0,0,1,22350.0,1,36.78057112,-119.78150996,3
2015,2015-09-26,1412,9,3,14,6,Y,A,N,A,H,A,A,01,,07,B,,,,,C,N,N,A,2,0,0,0,21658.0,2,36.7511,-119.79053987,4
2015,2015-09-24,1035,9,3,10,4,N,A,N,A,H,A,A,01,E,03,E,,,,,I,Y,N,D,1,0,0,0,22350.0,1,36.78636029,-119.86573623,3