ACCIDENT_YEAR,COLLISION_DATE,COLLISION_TIME,MONTH,SEASON,24HOURS,DAY_OF_WEEK,INTERSECTION,WEATHER_1,STATE_HWY_IND,ROAD_SURFACE,ROAD_COND_1,LIGHTING,STWD_VEHTYPE_AT_FAULT,CHP_VEHTYPE_AT_FAULT,DIRECTION,PCF_VIOL_CATEGORY,TYPE_OF_COLLISION,PEDESTRIAN_ACCIDENT,BICYCLE_ACCIDENT,MOTORCYCLE_ACCIDENT,TRUCK_ACCIDENT,MVIW,TOW_AWAY,HIT_AND_RUN,CONTROL_DEVICE,NUMBER_INJURED,COUNT_PED_INJURED,COUNT_BICYCLIST_INJURED,COUNT_MC_INJURED,PCF_VIOLATION,PARTY_COUNT,POINT_Y,POINT_X,COLLISION_SEVERITY
2016,2016-05-05,850,5,1,8,4,N,B,N,A,H,A,A,01,E,08,E,,,,,I,Y,N,D,1,0,0,0,22107.0,1,36.80832983,-119.64332591,4
2016,2016-05-07,802,5,1,8,6,Y,B,N,A,-,A,A,01,,09,D,,,,,C,Y,N,A,1,0,0,0,21801.0,2,36.81342007,-119.6705599,4
2016,2016-04-21,1743,4,1,17,4,N,A,N,A,H,A,-,,E,03,C,,,,,C,Y,N,D,3,0,0,0,22350.0,3,36.58956641,-119.42021025,4
2016,2016-05-24,654,5,1,6,2,N,A,N,A,H,A,-,,W,09,C,,,,,C,N,N,D,1,0,0,0,21804.0,2,36.57624091,-119.6166571,4
2016,2016-05-20,1432,5,1,14,5,N,A,N,A,H,A,A,01,N,03,C,,,,,C,N,N,A,2,0,0,0,22350.0,2,36.80884446,-119.72732395,4
2016,2016-05-20,728,5,1,7,5,Y,A,N,A,H,A,A,01,,09,D,,Y,,,G,N,N,D,1,0,1,0,21804.0,2,36.80867,-119.68205998,3
2016,2016-05-19,1354,5,1,13,4,Y,A,N,A,H,A,A,01,,03,C,,,,,C,N,N,A,1,0,0,0,22350.0,2,36.80867,-119.68205998,4
2016,2016-05-18,1234,5,1,12,3,Y,A,N,A,H,A,A,07,,12,D,,,,,C,Y,N,A,1,0,0,0,22450.0,2,36.86658002,-119.71119998,4
2016,2016-05-26,755,5,1,7,4,N,A,N,A,H,A,A,01,S,09,H,,,,,A,N,N,D,1,0,0,0,21804.0,2,36.82224666,-119.71341377,4
2016,2016-05-27,1652,5,1,16,5,Y,A,N,A,H,A,A,01,,01,C,,,,,C,N,N,D,1,0,0,0,23152.0,2,36.57908004,-119.61965994,4
2016,2016-05-26,1819,5,1,18,4,Y,A,N,A,H,-,-,,,04,C,,,,,C,N,N,D,1,0,0,0,21703.0,2,36.57624005,-119.61516994,3
2016,2016-05-02,1709,5,1,17,1,Y,A,Y,A,H,A,-,,,09,C,,,,,C,Y,N,A,1,0,0,0,21802.0,2,36.13660714,-120.334475,4
2016,2016-05-23,815,5,1,8,1,Y,A,N,A,H,A,A,07,,09,A,,,,,C,Y,N,D,2,0,0,0,21801.0,2,36.81579007,-119.69518988,4
2016,2016-05-30,1941,5,1,19,1,Y,A,N,A,H,A,A,01,,12,D,,,,,C,Y,N,A,3,0,0,0,22450.0,2,36.83017005,-119.66397988,4
2016,2016-05-24,720,5,1,7,2,Y,A,N,A,H,A,A,01,,12,D,,,,,C,Y,N,A,1,0,0,0,21453.0,2,36.8302801,-119.71352992,4
2016,2016-05-25,1148,5,1,11,3,N,A,N,A,H,A,A,01,W,03,C,,,,,C,N,N,A,1,0,0,0,22350.0,2,36.80855001,-119.71864034,4
2016,2016-05-26,1307,5,1,13,4,-,A,N,A,H,A,A,01,,22,B,,,,,C,N,N,D,3,0,0,0,,2,36.82180915,-119.70892757,4
2016,2016-06-02,2224,6,2,22,4,Y,A,N,A,H,-,A,01,,12,D,,,,,C,Y,N,A,4,0,0,0,21453.0,2,36.8302801,-119.71352992,3
2016,2016-04-01,1830,4,1,18,5,N,A,N,A,H,B,-,,E,- ,G,Y,,,,B,N,N,D,1,1,0,0,,2,36.13653169,-120.35620093,3
2016,2016-05-27,2246,5,1,22,5,Y,A,Y,A,H,C,-,- ,,00,D,,,,,C,Y,N,A,1,0,0,0,,2,36.8350154,-119.70471918,4
2016,2016-05-31,1226,5,1,12,2,Y,A,N,A,H,A,L,04,,08,B,,Y,,,G,N,N,D,1,0,1,0,22107.0,2,36.58440242,-119.4576742,3
2016,2016-08-08,2146,8,2,21,1,Y,A,N,A,H,C,A,01,,00,E,,,,,I,Y,N,A,1,0,0,0,22106.0,1,36.82658002,-119.70067995,4
2016,2016-08-22,1508,8,2,15,1,N,A,N,A,H,A,A,07,S,03,C,,,,,C,N,N,A,1,0,0,0,22350.0,2,36.84725393,-119.71124,4
2016,2016-08-24,1151,8,2,11,3,N,A,N,A,H,A,A,01,E,00,A,,,,,C,Y,N,D,1,0,0,0,21804.0,2,36.83895001,-119.71807725,4
2016,2016-08-24,1444,8,2,14,3,N,A,N,A,H,A,A,01,S,03,C,,,,,C,Y,N,D,1,0,0,0,22350.0,2,36.83421628,-119.69097,4
2016,2016-08-25,1005,8,2,10,4,N,A,N,A,H,A,A,01,W,09,D,,,,,C,Y,N,A,1,0,0,0,21801.0,2,36.86665094,-119.72017198,4
2016,2016-08-29,822,8,2,8,1,Y,A,N,A,H,A,A,01,,09,A,,,,,C,N,N,A,1,0,0,0,21802.0,2,36.83390007,-119.70011993,4
2016,2016-05-19,900,5,1,9,4,N,A,N,A,H,A,A,01,W,08,E,,,,,I,Y,N,D,1,0,0,0,22107.0,1,36.82258077,-119.71810249,4
2016,2016-04-15,2112,4,1,21,5,Y,A,N,A,H,C,A,01,,01,C,,,,,C,Y,F,A,2,0,0,0,23152.0,2,36.74290009,-119.84434997,4
2016,2016-02-19,739,2,4,7,5,Y,A,N,A,H,A,-,,,22,C,,Y,,,G,N,N,D,1,0,1,0,,2,36.15096003,-120.36347987,4
2016,2016-03-21,1540,3,1,15,1,Y,A,Y,A,H,-,-,,,09,C,,,,,C,N,N,A,1,0,0,0,21802.0,2,36.13972694,-120.36029572,3
2016,2016-04-16,43,4,1,0,6,N,A,N,A,H,C,-,,S,01,E,,,,,I,N,N,D,1,0,0,0,23152.0,1,36.72054,-120.05145,3
2016,2016-04-04,1814,4,1,18,1,Y,A,Y,A,H,A,-,,,12,C,,,,,C,N,N,A,1,0,0,0,21453.0,2,36.72765005,-120.06021273,3
2016,2016-03-15,746,3,1,7,2,N,A,N,A,H,A,A,01,E,10,G,Y,,,,B,N,F,D,1,1,0,0,21950.0,2,36.72760131,-120.06520911,4
2016,2016-06-10,1645,6,2,16,5,N,A,N,A,H,A,A,01,W,03,C,,,,,C,N,N,A,1,0,0,0,22350.0,2,36.80855,-119.7182512,4
2016,2016-06-08,618,6,2,6,3,N,A,N,A,H,A,-,- ,E,00,F,,,,,A,Y,N,D,1,0,0,0,,1,36.80832838,-119.64285829,3
2016,2016-06-03,1711,6,2,17,5,N,A,N,A,H,A,A,01,E,21,D,,Y,,,G,N,N,D,1,0,1,0,22106.0,2,36.82523553,-119.69460009,4
2016,2016-06-03,748,6,2,7,5,N,A,N,A,H,A,A,07,E,03,C,,,,,C,Y,N,D,2,0,0,0,22350.0,2,36.8012,-119.67603624,3
2016,2016-06-15,2146,6,2,21,3,N,A,N,A,H,D,A,01,W,09,C,,,Y,,C,Y,N,A,1,0,0,1,21802.0,2,36.80857949,-119.70213168,4
2016,2016-06-02,1332,6,2,13,4,Y,A,N,A,H,A,A,07,,09,D,,,,,C,Y,N,A,1,0,0,0,21802.0,2,36.82206006,-119.70202996,4
2016,2016-06-01,1508,6,2,15,3,Y,A,N,A,H,A,A,01,,01,E,,,,,I,Y,N,D,2,0,0,0,23153.0,1,36.79382001,-119.6658799,2
2016,2016-06-12,355,6,2,3,7,N,A,N,A,H,C,-,,N,01,E,,,,,I,N,N,D,1,0,0,0,23152.0,1,36.60447,-119.46998,4
2016,2016-05-03,1157,5,1,11,2,Y,A,N,A,H,A,-,,,09,C,,,,,C,N,N,A,1,0,0,0,21802.0,2,36.51523011,-119.54961992,4
2016,2016-06-08,526,6,2,5,3,Y,-,N,A,H,B,-,,,08,A,,,,,C,N,N,D,3,0,0,0,22107.0,2,36.53966002,-119.57523986,3
2016,2016-06-10,1532,6,2,15,5,N,A,N,A,H,A,-,,E,08,C,,,,,E,Y,N,D,1,0,0,0,22107.0,2,36.57908,-119.62313675,4
2016,2016-05-25,1753,5,1,17,3,Y,A,N,A,H,A,-,,,12,A,,,,,C,N,N,A,2,0,0,0,21453.0,2,36.60413008,-119.43533986,3
2016,2016-05-11,1621,5,1,16,3,N,A,N,A,H,A,-,,S,08,C,,,,,C,N,N,A,2,0,0,0,22107.0,2,36.7270311,-120.06927727,3
2016,2016-06-17,1611,6,2,16,5,Y,A,N,A,H,A,-,,,21,C,,,,,C,Y,M,A,1,0,0,0,22106.0,2,36.73493001,-120.06012996,4
2016,2016-06-25,712,6,2,7,6,Y,A,Y,A,H,A,L,04,,08,G,,Y,,,G,N,N,D,1,0,1,0,22107.0,2,36.57653842,-119.62944682,3
2016,2016-06-24,1614,6,2,16,5,N,A,N,A,H,B,C,03,S,09,B,,,Y,,C,N,N,A,1,0,0,1,21801.0,2,36.82291157,-119.66131,3
2016,2016-06-10,1022,6,2,10,5,Y,A,N,A,H,A,-,,,09,C,,,,,C,N,M,A,1,0,0,0,21802.0,2,36.59650011,-119.44560996,4
2016,2016-02-04,610,2,4,6,4,Y,A,Y,A,H,C,-,,,08,A,,,,,C,Y,N,D,1,0,0,0,22107.0,2,36.75516796,-120.38011739,4
2016,2016-03-06,2003,3,1,20,7,Y,C,Y,B,H,C,-,,,04,C,,,,,C,N,N,-,1,0,0,0,21703.0,2,36.7614406,-120.38663906,4
2016,2016-06-26,1702,6,2,17,7,Y,A,Y,A,H,A,-,,,09,C,,,,,C,N,N,D,2,0,0,0,21802.0,2,36.72062797,-120.06021794,4
2016,2016-06-17,2002,6,2,20,5,N,A,N,-,H,B,A,01,E,03,C,,,,,E,N,N,D,1,0,0,0,22350.0,3,,,4
2016,2016-06-27,2037,6,2,20,1,N,A,N,A,H,B,A,01,S,09,D,,,,,C,Y,N,D,3,0,0,0,21804.0,2,36.83625548,-119.68403774,4
2016,2016-06-26,40,6,2,0,7,Y,A,N,A,H,C,A,01,,01,C,,,,,C,Y,N,D,4,0,0,0,23152.0,2,36.81573002,-119.64595995,3
2016,2016-06-23,1014,6,2,10,4,N,A,N,A,H,A,A,01,S,08,C,,,,,C,N,N,D,1,0,0,0,22107.0,2,36.83739006,-119.68416999,4
2016,2016-06-20,1817,6,2,18,1,N,A,N,A,H,A,A,01,E,22,C,,,,,C,Y,N,D,1,0,0,0,,2,36.83763874,-119.71245654,4
2016,2016-07-09,710,7,2,7,6,Y,A,N,A,H,A,A,01,,09,D,,,,,C,Y,N,A,1,0,0,0,21802.0,2,36.81762009,-119.69095,4
2016,2016-06-30,1715,6,2,17,4,N,A,N,A,H,A,-,,N,03,C,,,,,C,N,N,A,1,0,0,0,22350.0,2,36.576297,-119.624751,4
2016,2016-07-21,755,7,2,7,4,Y,A,N,A,H,A,A,01,,09,D,,,,,C,Y,N,A,1,0,0,0,21801.0,2,36.82526001,-119.70066991,4
2016,2016-07-13,1020,7,2,10,3,Y,A,N,A,H,A,-,,,09,C,,,,,C,N,N,D,1,0,0,0,21802.0,2,36.60876007,-119.45768985,4
2016,2016-07-27,458,7,2,4,3,Y,A,N,A,H,C,-,,,10,G,Y,,,,B,N,N,A,1,1,0,0,21950.0,2,36.58971002,-119.44870994,3
2016,2016-07-27,1012,7,2,10,3,N,A,N,A,H,A,A,01,E,09,D,,,,,C,Y,N,D,1,0,0,0,21801.0,2,36.81578369,-119.69598931,4
2016,2016-06-29,1829,6,2,18,3,Y,-,N,A,H,-,-,,,09,C,,,,,C,Y,N,A,3,0,0,0,21800.0,2,36.59051006,-119.63864999,3
2016,2016-01-15,1428,1,4,14,5,N,B,N,A,H,A,A,01,W,- ,G,Y,,,,B,Y,N,D,1,1,0,0,,2,36.81577215,-119.69267681,2
2016,2016-05-24,1458,5,1,14,2,Y,A,N,A,H,A,-,,,22,G,Y,,,,B,N,N,D,1,1,0,0,,2,36.60480003,-119.52992986,3
2016,2016-04-01,2111,4,1,21,5,Y,A,Y,A,-,A,-,,,- ,C,,,,,C,N,N,D,1,0,0,0,,2,36.76191909,-120.38664979,4
2016,2016-04-07,1154,4,1,11,4,Y,A,Y,A,H,A,-,,,22,C,,,,,C,Y,N,D,1,0,0,0,,2,36.75612666,-120.38123401,3
2016,2016-04-28,1648,4,1,16,4,N,A,Y,A,H,A,-,,N,03,C,,,,,C,N,N,A,1,0,0,0,22350.0,3,36.75350127,-120.37814768,4
2016,2016-01-23,1639,1,4,16,6,Y,A,N,A,H,A,-,,,03,A,Y,,,,B,N,M,D,1,1,0,0,22350.0,2,36.76297005,-120.38274992,4
2016,2016-01-19,1547,1,4,15,2,Y,A,N,A,H,A,-,,,08,B,,,,,C,N,N,D,1,0,0,0,22100.0,2,36.76810002,-120.38767995,4
2016,2016-01-30,1310,1,4,13,6,Y,B,N,A,-,A,-,,,08,B,,,,,C,N,N,D,1,0,0,0,22107.0,2,36.755136,-120.3800985,4
2016,2016-01-03,1940,1,4,19,7,N,A,N,A,H,C,-,,N,08,C,,,,,C,N,N,-,1,0,0,0,22103.0,3,36.75163894,-120.37786829,4
2016,2016-02-13,1952,2,4,19,6,N,A,Y,A,H,C,-,,S,21,C,,,,,C,N,M,D,1,0,0,0,22106.0,2,36.75677844,-120.38198841,4
2016,2016-06-29,1235,6,2,12,3,N,A,N,A,H,A,L,04,N,01,H,,Y,,,-,N,N,D,1,0,1,0,21200.0,1,36.59790318,-119.45631376,2
2016,2016-07-07,958,7,2,9,4,N,A,N,A,H,A,A,01,W,08,C,,,,,E,Y,N,D,1,0,0,0,22107.0,3,36.78305123,-119.69343264,4
2016,2016-06-21,353,6,2,3,2,N,A,N,A,H,C,A,01,S,08,F,,,,,I,Y,N,D,1,0,0,0,22107.0,1,36.81977532,-119.72716646,3
2016,2016-06-09,830,6,2,8,4,N,A,N,A,H,-,A,01,N,08,G,Y,,,,B,N,F,D,1,1,0,0,22107.0,2,36.84165489,-119.69995,4
2016,2016-07-06,2140,7,2,21,3,Y,A,N,A,H,C,-,- ,,- ,D,,,,,C,Y,N,A,1,0,0,0,,2,36.80113009,-119.66402999,4
2016,2016-06-24,1416,6,2,14,5,N,A,N,A,H,A,A,01,N,09,B,,,,,C,Y,N,D,2,0,0,0,21802.0,2,36.81592756,-119.71355363,4
2016,2016-07-08,1759,7,2,17,5,Y,A,N,A,H,A,-,,,04,C,,,,,C,N,N,A,1,0,0,0,21703.0,2,36.57686002,-119.62866995,4
2016,2016-07-10,549,7,2,5,7,N,A,N,A,H,B,-,,W,05,A,,,,,I,N,N,D,3,0,0,0,21650.0,1,36.57624,-119.61544224,3
2016,2016-06-30,1200,6,2,12,4,Y,A,N,A,H,A,-,,,03,C,,,,,C,N,N,D,2,0,0,0,22350.0,2,36.50701461,-119.55682933,4
2016,2016-07-25,2257,7,2,22,1,N,A,Y,A,H,D,L,04,W,08,H,,Y,,,G,Y,N,D,1,0,1,0,22107.0,2,36.56615299,-119.61831643,3
2016,2016-08-13,1641,8,2,16,6,N,A,N,A,H,A,C,03,S,08,C,,,Y,,E,N,N,D,1,0,0,1,22107.0,2,36.80251,-119.66215,3
2016,2016-04-30,1305,4,1,13,6,N,A,N,A,H,A,C,02,N,03,F,,,Y,,J,N,N,D,1,0,0,1,22350.0,1,36.70959759,-119.57424541,3
2016,2016-08-30,1504,8,2,15,2,Y,A,N,A,D,B,-,,,12,E,,,,,J,N,N,A,1,0,0,0,21367.0,1,36.53243005,-119.55674998,4
2016,2016-07-08,1039,7,2,10,5,Y,A,N,A,H,A,A,01,,09,D,,,,,C,Y,N,D,2,0,0,0,21802.0,2,36.80485001,-119.71842996,4
2016,2016-07-12,732,7,2,7,2,N,A,N,A,H,A,A,01,S,08,E,,,,,I,Y,N,D,1,0,0,0,22107.0,1,36.81641875,-119.66149064,4
2016,2016-07-05,21,7,2,0,2,N,A,N,-,A,C,A,08,N,05,G,Y,,,,B,N,F,D,1,1,0,0,21650.0,2,36.81322369,-119.70564,3
2016,2016-06-28,1409,6,2,14,2,Y,A,N,A,H,A,-,,,03,C,,,,,C,N,N,D,2,0,0,0,22350.0,2,36.61039003,-119.53438986,4
2016,2016-07-18,854,7,2,8,1,Y,A,N,A,H,A,D,22,,12,D,,Y,,,G,N,N,A,1,0,1,0,22450.0,2,36.86658002,-119.71119998,4
2016,2016-07-26,1900,7,2,19,2,Y,A,N,A,H,A,-,,,01,A,,,,,C,Y,N,A,1,0,0,0,23152.0,2,36.59901007,-119.43090992,4
2016,2016-07-04,249,7,2,2,1,N,A,N,A,H,C,-,,S,01,E,,,,,I,N,N,A,1,0,0,0,23152.0,1,36.5958319,-119.45030928,3
2016,2016-07-03,125,7,2,1,7,Y,A,N,A,H,C,-,,,01,E,,,,,I,N,M,D,1,0,0,0,23152.0,1,36.58256001,-119.46662989,3
2016,2016-07-19,1231,7,2,12,2,N,A,N,A,H,A,A,01,S,08,E,,,,,I,Y,N,D,1,0,0,0,22107.0,1,36.82980731,-119.66731363,3
2016,2016-08-01,208,8,2,2,1,N,A,N,A,H,C,-,,W,08,E,,,,,I,N,N,D,1,0,0,0,22107.0,1,36.56165,-119.62067656,4
2016,2016-08-02,1804,8,2,18,2,N,A,N,A,H,A,A,01,,01,D,,,,,C,Y,N,A,2,0,0,0,23152.0,3,36.79403,-119.68225993,4
2016,2016-08-02,1359,8,2,13,2,N,A,N,A,H,A,-,,E,08,E,,,,,I,N,N,D,1,0,0,0,22107.0,1,36.72759705,-120.07017047,4
2016,2016-07-16,1915,7,2,19,6,Y,A,N,-,H,A,L,04,,05,D,,Y,,,G,N,N,A,1,0,1,0,21650.0,2,36.80855004,-119.72134988,4
2016,2016-07-27,1310,7,2,13,3,N,A,N,A,H,A,A,01,W,03,E,,,,,I,Y,N,D,1,0,0,0,22350.0,1,36.83026,-119.72149216,3
2016,2016-07-27,1655,7,2,16,3,Y,A,N,A,D,-,-,- ,,- ,A,,,,,C,Y,N,A,1,0,0,0,,2,36.80840009,-119.64597998,4
2016,2016-07-28,1721,7,2,17,4,N,A,N,A,H,A,A,01,E,03,C,,,,,C,Y,N,A,3,0,0,0,22350.0,3,36.83730418,-119.70668866,4
2016,2016-07-30,1307,7,2,13,6,Y,A,N,A,F,-,A,01,,09,D,,,,,C,Y,N,D,2,0,0,0,21800.0,2,36.86270001,-119.63639986,4
2016,2016-08-03,1144,8,2,11,3,N,A,N,A,H,A,A,01,N,03,C,,,,,C,N,N,D,1,0,0,0,22350.0,2,36.81803878,-119.70897729,3
2016,2016-08-05,1005,8,2,10,5,N,A,N,A,H,A,A,01,W,03,C,,,,,C,N,M,A,1,0,0,0,22350.0,2,36.80857432,-119.72766131,4
2016,2016-08-10,2117,8,2,21,3,Y,A,N,A,H,C,-,,,05,A,,,,,C,N,N,A,2,0,0,0,21651.0,2,36.54700006,-119.59096992,3
2016,2016-07-15,644,7,2,6,5,N,A,N,A,H,A,A,01,N,08,E,,,,,E,N,N,D,1,0,0,0,22107.0,3,36.50577199,-119.55410998,3
2016,2016-07-26,855,7,2,8,2,N,A,Y,A,H,A,-,,E,09,A,,,,,D,N,N,D,2,0,0,0,21801.0,2,36.73494806,-120.05571279,3
2016,2016-08-05,713,8,2,7,5,Y,A,N,A,H,A,A,01,,12,D,,,,,C,Y,N,A,2,0,0,0,22450.0,2,36.80113002,-119.64596999,4
2016,2016-07-21,1748,7,2,17,4,N,-,N,A,H,A,A,01,E,08,D,,,,,C,N,N,D,2,0,0,0,22107.0,2,36.83895,-119.71901633,4
2016,2016-07-09,1919,7,2,19,6,Y,A,N,A,H,A,-,- ,,12,D,,,,,C,Y,N,A,1,0,0,0,21453.0,2,36.70916004,-119.55648994,4
2016,2016-07-04,2204,7,2,22,1,N,A,N,A,H,C,A,01,S,03,C,,,,,C,N,N,A,4,0,0,0,22350.0,2,36.81294597,-119.67299499,4
2016,2016-07-29,1637,7,2,16,5,N,A,N,A,H,A,D,22,E,03,C,,,,,C,N,N,A,1,0,0,0,22350.0,3,36.83768,-119.72895778,4
2016,2016-08-09,1502,8,2,15,2,N,A,N,A,H,A,E,22,S,03,C,,,,,C,Y,N,A,2,0,0,0,22350.0,3,36.86609639,-119.72976044,4
2016,2016-07-29,2123,7,2,21,5,N,A,N,A,H,C,-,,S,03,C,,,,,C,N,N,A,1,0,0,0,22350.0,2,36.60499005,-119.54781992,3
2016,2016-08-17,838,8,2,8,3,N,A,N,A,H,A,D,22,S,08,E,,,,,I,Y,N,D,1,0,0,0,22107.0,1,36.81218807,-119.66399197,4
2016,2016-08-19,136,8,2,1,5,Y,A,N,A,H,C,A,01,,01,E,,,,,I,Y,N,A,1,0,0,0,23152.0,1,,,4
2016,2016-08-21,855,8,2,8,7,Y,A,N,A,H,A,A,01,,01,D,,,,,C,Y,N,A,3,0,0,0,23152.0,3,36.8230701,-119.71339994,3
2016,2016-08-21,1406,8,2,14,7,Y,A,N,A,H,A,-,,,09,C,,,,,C,N,N,D,3,0,0,0,21802.0,2,36.58671002,-119.61516991,2
2019,2019-10-21,2002,10,3,20,1,Y,A,N,A,H,C,A,01,,09,H,,,,,C,Y,N,D,1,0,0,0,21801.0,2,36.7959213256836,-119.79061126708984,4
2019,2019-10-22,2030,10,3,20,2,Y,A,N,A,H,C,A,07,,03,C,,,,,C,Y,F,A,3,0,0,0,22350.0,3,36.77225875854492,-119.77262878417967,4
2019,2019-11-04,1005,11,3,10,1,Y,A,N,A,H,A,A,01,,09,D,,,,,C,Y,N,A,1,0,0,0,21453.0,2,36.82305908203125,-119.75425720214844,3
2019,2019-10-06,1552,10,3,15,7,N,A,Y,A,H,A,A,01,E,03,C,,,,,C,N,N,A,1,0,0,0,22350.0,3,36.73185348510742,-119.79812622070312,4
2019,2019-10-27,1833,10,3,18,7,Y,A,Y,A,H,A,A,01,,12,D,,,,,C,Y,N,A,1,0,0,0,21453.0,2,36.7359504699707,-119.76436614990234,4
2019,2019-10-29,1256,10,3,12,2,Y,A,N,A,H,A,L,04,,05,H,,Y,,,G,N,N,A,1,0,1,0,21650.0,2,36.757659912109375,-119.80576324462892,4
2019,2019-11-09,1630,11,3,16,6,Y,A,N,A,H,A,A,01,,01,D,,,,,C,Y,F,A,1,0,0,0,23153.0,2,36.75054168701172,-119.76416778564452,3
2019,2019-11-10,901,11,3,9,7,Y,A,N,A,H,A,N,60,,11,G,Y,,,,B,N,N,D,1,1,0,0,21954.0,2,36.72320938110352,-119.75464630126952,3
2019,2019-11-12,1224,11,3,12,2,N,A,N,A,H,A,A,01,E,03,C,,,,,C,Y,N,A,1,0,0,0,22350.0,2,36.80867004394531,-119.74517822265624,4
2019,2019-11-05,1343,11,3,13,2,N,A,N,A,H,A,A,01,N,08,D,,,,,C,Y,N,A,1,0,0,0,22107.0,2,36.80705261230469,-119.75411224365234,4
2019,2019-11-12,1541,11,3,15,2,Y,A,N,A,H,A,A,01,,12,D,,,,,C,Y,N,A,1,0,0,0,21453.0,2,36.77227020263672,-119.79065704345705,4
2019,2019-11-14,845,11,3,8,4,Y,A,N,A,H,A,C,06,,03,C,,,Y,,C,N,N,D,1,0,0,1,22350.0,2,36.743209838867195,-119.77471160888672,4
2016,2016-08-20,2029,8,2,20,6,N,A,N,A,H,D,-,- ,E,08,E,,,,,I,N,N,D,1,0,0,0,22107.0,1,36.58348,-119.6165648,3
2019,2019-11-08,1150,11,3,11,5,Y,A,N,A,H,A,-,35,,03,C,,,,,C,Y,N,A,1,0,0,0,22350.0,2,36.735870361328125,-119.70018768310548,4
2019,2019-11-15,740,11,3,7,5,N,A,Y,A,H,A,A,01,E,09,D,,,,,D,Y,N,D,2,0,0,0,21801.0,2,36.743309020996094,-119.77910614013672,3
2019,2019-11-06,1746,11,3,17,3,N,A,N,A,H,C,D,22,S,10,G,Y,,,,B,N,N,B,1,1,0,0,21950.0,2,36.77973556518555,-119.79064178466795,3
2019,2019-11-08,1308,11,3,13,5,N,A,N,A,H,A,A,01,E,03,C,,,,,C,N,N,D,1,0,0,0,22350.0,3,36.808490753173835,-119.74199676513672,4
2019,2019-11-16,934,11,3,9,6,Y,A,N,A,H,A,A,01,,09,D,,,,,C,Y,N,D,1,0,0,0,21801.0,2,36.83353042602539,-119.86248016357422,4
2019,2019-10-19,1741,10,3,17,6,Y,A,N,A,H,A,A,01,,12,D,,,,,C,Y,F,A,1,0,0,0,21453.0,2,36.808631896972656,-119.7854232788086,3
2019,2019-11-04,754,11,3,7,1,N,A,N,A,H,A,N,60,E,11,G,Y,,,,B,Y,N,D,1,1,0,0,21950.0,2,36.82466506958008,-119.81331634521484,4
2019,2019-11-04,1348,11,3,13,1,Y,A,N,A,H,A,-,- ,,- ,D,,,,,C,Y,N,A,2,0,0,0,,2,36.7359619140625,-119.70931243896484,4
2019,2019-11-14,1500,11,3,15,4,Y,A,N,A,H,A,A,01,,11,D,,,,Y,C,Y,N,A,1,0,0,0,21461.0,2,36.72724151611328,-119.78961944580078,4
2019,2019-11-18,953,11,3,9,1,N,A,N,A,D,A,A,01,E,03,C,,,,,C,Y,N,A,1,0,0,0,22350.0,2,36.80831527709961,-119.8774185180664,4
2016,2016-08-22,1310,8,2,13,1,Y,A,N,-,-,A,-,,,03,C,,,,,C,N,N,-,1,0,0,0,22350.0,2,36.60918002,-119.43083999,4
2016,2016-08-18,1710,8,2,17,4,N,A,N,A,H,A,-,,W,03,C,,,,,C,N,N,A,2,0,0,0,22350.0,3,36.6042,-119.44970732,4
2016,2016-08-09,1600,8,2,16,2,Y,A,N,A,H,A,L,04,,12,C,,Y,,,G,N,N,A,1,0,1,0,21453.0,2,36.59287006,-119.45103998,4
2019,2019-10-31,2100,10,3,21,4,Y,A,N,A,H,C,N,60,,11,G,Y,,,,B,N,N,A,1,1,0,0,21954.0,2,36.73085021972656,-119.7995834350586,3
2019,2019-11-10,1140,11,3,11,7,Y,A,N,A,H,A,A,01,,09,H,,Y,,,G,N,N,D,1,0,1,0,21801.0,2,36.74502944946289,-119.75449371337892,4
2019,2019-11-18,2052,11,3,20,1,N,A,N,A,H,C,L,04,W,01,C,,Y,,,E,N,N,D,1,0,1,0,21200.0,2,36.71592712402344,-119.80525207519533,3
2019,2019-09-10,1954,9,3,19,2,N,A,N,A,H,C,A,01,S,03,C,,,,,C,Y,N,A,1,0,0,0,22350.0,3,36.78258514404297,-119.79064178466795,4
2019,2019-11-06,1809,11,3,18,3,N,A,N,A,H,C,A,01,S,03,C,,,,,C,N,N,A,1,0,0,0,22350.0,2,36.77819061279297,-119.79064178466795,4
2019,2019-11-16,1823,11,3,18,6,Y,A,N,A,H,C,D,22,,09,A,,,,,C,Y,N,D,2,0,0,0,21800.0,2,36.772159576416016,-119.80634307861328,4
2019,2019-11-21,300,11,3,3,4,N,A,N,A,H,C,-,99,E,03,A,Y,,,,B,N,F,D,1,1,0,0,22350.0,2,36.75292205810546,-119.76895141601562,3
2019,2019-11-12,2143,11,3,21,2,N,A,N,A,H,C,-,99,W,07,H,,Y,,,G,N,M,D,1,0,1,0,21658.0,2,36.78680038452149,-119.77509307861328,3
2019,2019-11-23,1532,11,3,15,6,N,A,Y,A,H,A,A,01,S,03,C,,,,,C,Y,N,D,1,0,0,0,22350.0,2,36.81237411499024,-119.88318634033205,4
2019,2019-11-18,1700,11,3,17,1,N,A,Y,A,H,C,A,01,,09,D,,,,,C,Y,N,A,1,0,0,0,21801.0,2,36.79384994506836,-119.81749725341795,4
2019,2019-10-26,623,10,3,6,6,Y,A,Y,A,H,B,A,01,,08,A,,,,,C,Y,N,A,2,0,0,0,22107.0,2,36.78425979614258,-119.6909408569336,4