ACCIDENT_YEAR,COLLISION_DATE,COLLISION_TIME,MONTH,SEASON,24HOURS,DAY_OF_WEEK,INTERSECTION,WEATHER_1,STATE_HWY_IND,ROAD_SURFACE,ROAD_COND_1,LIGHTING,STWD_VEHTYPE_AT_FAULT,CHP_VEHTYPE_AT_FAULT,DIRECTION,PCF_VIOL_CATEGORY,TYPE_OF_COLLISION,PEDESTRIAN_ACCIDENT,BICYCLE_ACCIDENT,MOTORCYCLE_ACCIDENT,TRUCK_ACCIDENT,MVIW,TOW_AWAY,HIT_AND_RUN,CONTROL_DEVICE,NUMBER_INJURED,COUNT_PED_INJURED,COUNT_BICYCLIST_INJURED,COUNT_MC_INJURED,PCF_VIOLATION,PARTY_COUNT,POINT_Y,POINT_X,COLLISION_SEVERITY
2020,2020-02-02,1551,2,4,15,7,N,A,Y,A,H,A,A,01,N,04,C,,,,,C,Y,N,D,2,0,0,0,21703.0,2,36.73061752319336,-119.75481414794922,3
2020,2020-01-18,1600,1,4,16,6,N,B,N,A,H,A,-,- ,E,- ,H,,Y,,,G,N,F,D,1,0,1,0,,2,36.76472091674805,-119.8263702392578,4
2020,2020-02-01,1531,2,4,15,6,N,A,N,A,H,A,B,01,E,08,D,,,,,D,N,N,D,2,0,0,0,22107.0,2,36.75770568847656,-119.7685317993164,3
2020,2020-01-11,1921,1,4,19,6,N,A,N,A,H,C,D,72,N,08,C,Y,,,,C,Y,N,A,2,1,0,0,22107.0,3,36.79433441162109,-119.79062652587892,4
2020,2020-01-27,1420,1,4,14,1,Y,A,N,A,H,A,A,01,,09,D,,,,,C,N,N,A,1,0,0,0,21802.0,2,36.73308181762695,-119.77256011962892,4
2020,2020-01-30,1337,1,4,13,4,N,A,N,A,H,A,A,08,W,10,G,Y,,,,B,N,N,D,1,1,0,0,21952.0,2,36.76863861083984,-119.77569580078124,3
2020,2020-01-31,805,1,4,8,5,Y,A,N,A,H,A,-,99,,12,D,,,,,C,Y,N,A,2,0,0,0,21453.0,3,36.79410171508789,-119.79062652587892,4
2020,2020-01-31,1319,1,4,13,5,Y,A,N,A,H,A,A,01,,03,E,,,,,I,Y,N,D,1,0,0,0,22350.0,2,36.73596954345703,-119.77253723144533,4
2020,2020-02-04,1105,2,4,11,2,Y,A,N,A,H,A,A,01,,12,D,,,,,C,Y,N,A,3,0,0,0,21453.0,2,36.77220153808594,-119.79959106445312,3
2020,2020-01-08,802,1,4,8,3,Y,B,N,A,H,A,A,01,,12,D,,,,,C,N,N,A,1,0,0,0,22450.0,2,36.7415885925293,-119.73860168457033,4
2020,2020-01-30,939,1,4,9,4,Y,A,Y,A,H,A,F,26,,12,D,,,,Y,C,Y,N,A,2,0,0,0,22450.0,2,36.67068099975586,-119.74571990966795,2
2020,2020-02-03,1235,2,4,12,1,Y,A,N,A,H,A,A,01,,12,D,,,,,C,Y,N,A,2,0,0,0,22450.0,2,36.730030059814446,-119.78044128417967,2
2020,2020-02-05,1043,2,4,10,3,Y,A,N,A,H,A,A,01,,21,C,,,,,C,N,N,A,1,0,0,0,22106.0,2,36.80841064453125,-119.8445281982422,4
2019,2019-11-02,1444,11,3,14,6,N,A,Y,A,H,A,L,04,W,05,H,,Y,,,G,N,N,A,1,0,1,0,21650.0,2,36.74149703979492,-119.77933502197266,4
2020,2020-02-06,1427,2,4,14,4,N,A,N,A,H,A,D,22,W,03,C,,,,,C,Y,N,A,1,0,0,0,22350.0,3,36.83843994140625,-119.76331329345705,4
2019,2019-12-14,1455,12,4,14,6,Y,B,N,A,H,A,A,01,,03,C,,,,,C,Y,N,A,2,0,0,0,22350.0,3,36.794109344482415,-119.77687072753906,4
2020,2020-01-18,2057,1,4,20,6,Y,A,N,A,H,C,A,01,,12,D,,,,,C,N,N,A,1,0,0,0,21453.0,2,36.76501083374024,-119.79898834228516,4
2020,2020-02-07,1640,2,4,16,5,N,A,N,A,H,A,A,07,S,03,C,,,,,C,N,N,D,1,0,0,0,22350.0,3,36.84369659423828,-119.8086395263672,4
2020,2020-02-10,1019,2,4,10,1,Y,A,N,A,H,A,A,01,,09,D,,,,,C,Y,N,A,2,0,0,0,21801.0,2,36.769561767578125,-119.79065704345705,4
2020,2020-02-10,1000,2,4,10,1,Y,A,N,A,H,A,A,01,,12,D,,,,,C,Y,N,A,2,0,0,0,21453.0,2,36.736141204833984,-119.6956024169922,4
2020,2020-01-15,1945,1,4,19,3,N,A,N,A,H,C,A,01,N,22,C,,,,,C,Y,N,A,1,0,0,0,23123.0,2,36.73231506347656,-119.7185287475586,4
2019,2019-12-26,1845,12,4,18,4,Y,A,N,A,H,C,A,01,,07,E,,,,,I,N,N,D,1,0,0,0,21658.0,1,36.791124,-119.72843,4
2020,2020-01-05,1807,1,4,18,7,N,A,N,A,H,C,F,27,W,08,B,,,,Y,C,Y,N,D,1,0,0,0,22107.0,2,36.75043869018555,-119.78745269775392,4
2020,2020-01-09,1730,1,4,17,4,N,A,N,B,H,C,N,60,N,11,G,Y,,,,B,Y,N,D,0,0,0,0,21954.0,2,36.76873016357422,-119.7815399169922,1
2020,2020-01-16,1820,1,4,18,4,Y,B,N,B,H,C,A,01,,09,D,,,,,D,Y,N,A,2,0,0,0,21802.0,2,36.72507858276367,-119.77265167236328,4
2020,2020-01-31,2319,1,4,23,5,N,A,N,A,H,C,A,01,S,01,C,,,,,C,Y,N,A,1,0,0,0,23152.0,3,36.808143615722656,-119.84447479248048,3
2020,2020-02-10,738,2,4,7,1,N,A,N,A,H,A,D,22,E,10,G,Y,,,,B,N,F,D,1,1,0,0,21950.0,2,36.80848693847656,-119.77105712890624,2
2019,2019-12-20,2300,12,4,23,5,N,A,N,A,H,C,-,- ,W,00,D,,,,,C,N,N,A,1,0,0,0,,2,36.71097183227539,-119.77276611328124,4
2020,2020-01-04,1724,1,4,17,6,Y,A,N,A,H,C,F,76,,09,D,,,,Y,C,Y,N,A,1,0,0,0,21801.0,2,36.77206039428711,-119.81761169433594,4
2020,2020-01-13,1910,1,4,19,1,Y,A,N,A,H,C,A,01,W,08,A,,,,,C,Y,N,A,2,0,0,0,22107.0,2,36.79384994506836,-119.81749725341795,4
2020,2020-02-01,1533,2,4,15,6,Y,A,N,A,H,A,A,01,,00,D,,,,,C,Y,N,A,1,0,0,0,22453.0,3,36.76480102539063,-119.81761932373048,4
2020,2020-02-13,2316,2,4,23,4,Y,A,Y,A,H,C,-,99,,11,G,Y,,,,B,Y,M,A,1,1,0,0,21453.0,2,36.765018463134766,-119.7815399169922,3
2020,2020-02-12,1225,2,4,12,3,N,A,N,A,H,A,-,99,E,12,C,,,,,C,N,N,D,1,0,0,0,22450.0,2,36.73599624633789,-119.73768615722656,4
2020,2020-02-06,1200,2,4,12,4,N,A,N,A,H,A,L,04,N,05,H,,Y,,,G,N,N,D,1,0,1,0,21650.0,2,36.814697265625,-119.78135681152344,4
2020,2020-02-16,815,2,4,8,7,N,A,Y,A,H,A,F,21,N,08,B,,,,Y,C,Y,N,A,1,0,0,0,22107.0,2,36.74317169189453,-119.74543762207033,4
2019,2019-12-23,1650,12,4,16,1,N,C,N,B,H,B,A,01,E,03,C,,,,,C,Y,N,D,1,0,0,0,22350.0,3,36.808353424072266,-119.7686767578125,4
2020,2020-01-14,1900,1,4,19,2,N,A,N,A,H,D,A,01,,09,D,,,,,C,Y,N,D,1,0,0,0,21801.0,2,36.764678955078125,-119.8297119140625,4
2020,2020-02-11,1629,2,4,16,2,Y,A,N,A,H,A,A,01,,12,D,,,,,C,Y,F,D,1,0,0,0,22450.0,2,36.7791404724121,-119.8560028076172,4
2020,2020-01-20,111,1,4,1,1,Y,A,Y,A,H,C,A,01,,00,D,,,,,C,Y,N,D,1,0,0,0,22450.0,2,36.77188873291016,-119.8533172607422,2
2020,2020-02-06,1140,2,4,11,4,Y,A,N,A,H,A,A,01,,03,C,,,,,C,N,N,A,1,0,0,0,22350.0,2,36.77975845336913,-119.7815399169922,4
2020,2020-02-15,1159,2,4,11,6,N,A,N,A,H,A,D,82,W,03,C,,,,,C,Y,N,A,3,0,0,0,22350.0,3,36.73598861694336,-119.7290267944336,4
2020,2020-02-14,1800,2,4,18,5,Y,A,N,A,H,B,A,01,,09,B,,,,,C,N,N,D,1,0,0,0,21804.0,2,36.76042938232422,-119.78147888183594,4
2020,2020-01-24,1634,1,4,16,5,N,A,N,A,H,A,A,01,S,03,E,,,,,C,Y,N,D,1,0,0,0,22350.0,3,36.778446197509766,-119.82667541503906,4
2020,2020-02-13,1026,2,4,10,4,Y,A,N,A,H,A,J,48,,12,D,,,,,C,Y,N,A,1,0,0,0,22450.0,2,36.72977066040039,-119.80429077148438,4
2020,2020-02-13,2030,2,4,20,4,-,A,N,A,H,C,A,01,,09,D,,,,,C,N,N,A,1,0,0,0,21801.0,2,,,4
2020,2020-02-18,1624,2,4,16,2,N,A,N,A,H,A,A,01,E,03,C,,,,,C,N,N,A,2,0,0,0,22350.0,3,36.80839157104492,-119.84877777099608,4
2020,2020-01-09,510,1,4,5,4,Y,A,N,A,H,C,-,- ,,00,G,Y,,,,B,N,N,D,1,1,0,0,,2,36.728660583496094,-119.72634887695312,3
2020,2020-02-13,1816,2,4,18,4,N,A,N,A,H,C,A,01,E,17,B,,,,,C,N,N,A,1,0,0,0,21658.0,2,36.808380126953125,-119.85340881347656,4
2020,2020-02-21,2200,2,4,22,5,N,A,N,A,H,C,A,01,E,08,D,,,,,C,Y,N,D,1,0,0,0,22107.0,2,36.82072067260742,-119.844482421875,4
2020,2020-02-22,1051,2,4,10,6,N,A,Y,A,H,A,-,99,W,03,C,,,,,C,Y,N,A,2,0,0,0,22350.0,2,,,4
2020,2020-02-22,1541,2,4,15,6,N,B,N,A,H,A,A,01,N,09,A,,,,,C,N,N,A,1,0,0,0,21801.0,2,36.81544876098633,-119.84439086914062,4
2020,2020-02-23,1353,2,4,13,7,Y,A,N,A,H,A,A,01,,03,C,,,,,C,N,N,A,1,0,0,0,22350.0,2,36.836851,-119.910584,4
2020,2020-02-18,1725,2,4,17,2,Y,A,N,A,H,A,A,01,,22,D,,,,,D,N,N,D,1,0,0,0,,2,36.77225875854492,-119.78605651855467,4
2016,2016-08-25,731,8,2,7,4,N,A,N,A,H,A,-,- ,N,18,C,,,,,I,Y,N,A,1,0,0,0,,1,36.82334446,-119.71340352,4
2020,2020-02-07,1052,2,4,10,5,Y,A,N,A,H,A,A,07,,09,D,,,,,C,N,N,A,1,0,0,0,21802.0,2,36.74681854248047,-119.76082611083984,4
2020,2020-02-24,747,2,4,7,1,Y,A,N,A,H,A,L,04,,05,H,,Y,,,G,N,N,A,1,0,1,0,21650.0,2,36.8157615661621,-119.78134918212892,3
2016,2016-08-19,1735,8,2,17,5,Y,A,N,A,H,A,A,07,,08,F,,,,,C,Y,N,A,3,0,0,0,22107.0,2,36.80858003,-119.71365989,3
2016,2016-08-21,158,8,2,1,7,Y,A,N,A,H,C,A,01,,03,E,,,,,I,Y,N,D,1,0,0,0,22350.0,1,36.79403004,-119.72268992,4
2016,2016-08-21,1659,8,2,16,7,Y,A,N,A,G,-,A,01,,04,C,,,,,C,N,N,D,1,0,0,0,21703.0,2,36.80857009,-119.72731998,4
2020,2020-01-26,1030,1,4,10,7,N,A,N,A,H,A,A,01,E,03,C,,,,,C,Y,M,A,1,0,0,0,22350.0,2,36.78641128540039,-119.84986877441406,4
2020,2020-02-14,1251,2,4,12,5,N,A,N,A,H,A,A,01,W,09,G,Y,,,,B,N,N,D,1,1,0,0,21804.0,2,36.815879821777344,-119.75624084472656,3
2020,2020-02-23,258,2,4,2,7,Y,A,N,A,H,C,A,08,,13,C,,,,,E,Y,F,D,1,0,0,0,22515.0,2,36.799140930175774,-119.78157806396484,4
2020,2020-02-27,829,2,4,8,4,Y,A,N,A,H,A,A,01,,12,D,,,,,C,Y,N,A,1,0,0,0,21453.0,2,36.76507186889648,-119.76352691650392,4
2020,2020-02-25,2321,2,4,23,2,N,A,N,A,H,C,A,01,W,07,E,,,,,I,N,N,D,1,0,0,0,21658.0,1,36.86629867553711,-119.77118682861328,4
2020,2020-02-22,1957,2,4,19,6,N,A,N,A,H,C,C,02,N,01,H,,,Y,,A,N,N,D,1,0,0,1,23153.0,1,36.753379821777344,-119.682373046875,2
2020,2020-02-23,26,2,4,0,7,Y,A,N,A,H,C,A,01,,01,C,,,,,C,Y,N,A,1,0,0,0,23152.0,2,36.77933883666992,-119.67318725585938,3
2020,2020-02-25,1708,2,4,17,2,Y,A,N,A,H,A,N,60,,11,G,Y,,,,B,N,N,D,1,1,0,0,21954.0,2,36.74953079223633,-119.77086639404295,2
2020,2020-02-25,2025,2,4,20,2,N,A,N,A,H,C,N,60,W,11,G,Y,,,,B,N,N,A,1,1,0,0,21950.0,2,36.735870361328125,-119.73650360107422,4
2020,2020-02-25,2027,2,4,20,2,N,A,N,A,H,C,N,60,W,11,G,Y,,,,B,N,N,D,1,1,0,0,21954.0,2,36.79417037963867,-119.788330078125,2
2020,2020-03-01,830,3,1,8,7,Y,A,Y,A,H,A,A,01,,09,-,,,,,C,Y,N,A,1,0,0,0,21453.0,2,36.750431060791016,-119.79889678955078,4
2020,2020-02-19,1144,2,4,11,3,N,A,N,A,H,A,A,01,W,09,D,,,Y,,C,Y,N,D,1,0,0,1,21804.0,2,36.739776611328125,-119.79186248779295,2
2020,2020-02-28,838,2,4,8,5,N,A,Y,A,H,A,A,01,S,03,E,,,,,I,Y,N,D,1,0,0,0,22350.0,1,36.797176361083984,-119.77252960205078,4
2020,2020-02-28,1202,2,4,12,5,Y,A,N,A,H,A,A,01,,09,D,,,,,C,Y,N,D,1,0,0,0,21801.0,2,36.83509063720703,-119.91490936279295,4
2020,2020-03-02,931,3,1,9,1,Y,A,N,A,H,A,-,- ,,18,G,Y,,,,B,N,N,D,1,1,0,0,,2,36.7307014465332,-119.78479766845705,4
2020,2020-02-16,1223,2,4,12,7,Y,A,N,A,H,A,A,08,,12,D,,,,,C,Y,N,A,3,0,0,0,22450.0,2,36.728221893310554,-119.79064178466795,4
2020,2020-02-12,133,2,4,1,3,N,A,N,A,H,E,A,01,N,01,E,,,,,I,Y,N,A,1,0,0,0,23152.0,1,36.805709838867195,-119.78154754638672,4
2020,2020-02-15,1208,2,4,12,6,Y,A,N,A,H,A,N,60,,11,G,Y,,,,B,N,N,A,1,1,0,0,21954.0,2,36.80134963989258,-119.75431060791016,4
2020,2020-02-07,453,2,4,4,5,Y,A,Y,A,H,C,A,01,,09,D,,,,,C,Y,N,A,1,0,0,0,21453.0,2,36.75048828125,-119.70030212402344,2
2020,2020-02-24,1402,2,4,14,1,Y,A,N,A,H,A,A,01,,12,D,,,,,C,Y,N,A,1,0,0,0,21453.0,2,36.743160247802734,-119.73648834228516,4
2020,2020-02-25,905,2,4,9,2,Y,A,N,A,H,A,A,01,,12,D,,,,,C,Y,N,A,1,0,0,0,21453.0,2,36.74330139160156,-119.79051971435548,3
2020,2020-02-25,1555,2,4,15,2,N,A,N,A,H,A,-,- ,E,18,H,,,Y,,J,Y,N,A,1,0,0,1,,1,36.808631896972656,-119.78529357910156,4
2020,2020-02-26,826,2,4,8,3,Y,A,N,A,H,A,A,01,,00,D,,,,,C,Y,N,A,1,0,0,0,22453.0,2,36.82653045654297,-119.77245330810548,4
2020,2020-02-27,1816,2,4,18,4,Y,A,N,A,H,C,A,01,,01,G,Y,,,,B,N,F,A,1,1,0,0,23152.0,2,36.786819458007805,-119.78147888183594,2
2020,2020-03-05,828,3,1,8,4,N,A,N,A,H,A,D,22,N,03,E,,,,,I,Y,N,A,1,0,0,0,22350.0,1,36.762977600097656,-119.82675170898438,3
2020,2020-03-05,1429,3,1,14,4,N,A,N,A,H,A,A,01,S,03,C,,,,,C,N,N,A,1,0,0,0,22350.0,2,36.75543594360352,-119.78148651123048,4
2020,2020-03-01,1930,3,1,19,7,N,A,N,A,H,C,N,60,N,11,G,Y,,,,B,N,N,D,1,1,0,0,21954.0,2,36.794883728027344,-119.8533172607422,2
2020,2020-03-01,1956,3,1,19,7,Y,A,N,A,H,C,-,- ,,- ,B,,,,,C,Y,N,A,2,0,0,0,,2,36.7768,-119.79049,3
2020,2020-03-06,804,3,1,8,5,N,A,N,A,H,A,A,01,E,03,C,,,,,C,N,N,A,1,0,0,0,22350.0,2,36.82812881469727,-119.86851501464844,4
2020,2020-03-06,1534,3,1,15,5,N,A,N,A,H,A,A,01,S,03,B,,,,,E,Y,N,D,2,0,0,0,22350.0,2,36.76089096069336,-119.7906494140625,3
2020,2020-01-18,230,1,4,2,6,N,A,N,A,H,C,A,01,W,03,C,,,,,C,N,M,A,1,0,0,0,22350.0,2,36.714149475097656,-119.76377105712892,3
2020,2020-02-01,2227,2,4,22,6,N,A,N,A,H,C,A,01,N,01,E,,,,,I,Y,M,D,1,0,0,0,23152.0,1,36.834102630615234,-119.84466552734376,3
2020,2020-02-02,2133,2,4,21,7,Y,A,N,A,H,C,A,01,,03,C,,,,,D,Y,N,A,1,0,0,0,22350.0,2,36.801319122314446,-119.78138732910156,4
2020,2020-02-03,1505,2,4,15,1,Y,A,N,A,H,A,A,01,,01,D,,,,,C,Y,N,A,1,0,0,0,23152.0,3,36.84614181518555,-119.7908172607422,1
2020,2020-02-08,2311,2,4,23,6,Y,A,N,A,H,C,N,60,,11,G,Y,,,,B,N,N,A,1,1,0,0,21954.0,2,36.750431060791016,-119.79889678955078,4
2020,2020-02-12,239,2,4,2,3,Y,A,N,A,H,C,A,01,,12,D,,,,,C,N,N,A,1,0,0,0,21453.0,2,36.75041961669922,-119.75453186035156,4
2020,2020-02-17,1827,2,4,18,1,Y,A,N,A,H,C,D,22,,01,H,,,,,C,Y,N,A,3,0,0,0,23152.0,4,36.793758392333984,-119.85330963134766,4
2020,2020-02-21,2255,2,4,22,5,Y,A,N,A,H,C,A,01,,01,D,,,,,C,Y,F,A,3,0,0,0,23153.0,2,36.80867004394531,-119.74523162841795,2
2020,2020-02-23,1620,2,4,16,7,Y,A,N,A,H,A,A,01,,09,D,,,,,C,Y,N,D,3,0,0,0,21802.0,2,36.80133819580078,-119.75578308105467,3
2020,2020-02-25,2113,2,4,21,2,N,A,N,A,H,C,N,60,S,11,G,Y,,,,B,Y,N,A,1,1,0,0,21954.0,2,36.78865814208984,-119.7816162109375,3
2020,2020-02-27,2110,2,4,21,4,Y,A,N,A,H,C,A,01,,10,G,Y,,,,B,N,N,A,1,1,0,0,21950.0,2,36.808380126953125,-119.85350036621094,4
2020,2020-02-28,1718,2,4,17,5,Y,A,N,A,H,A,A,01,,12,A,,,,,C,N,N,A,1,0,0,0,21453.0,2,36.77944946289063,-119.66404724121094,3
2020,2020-03-04,1421,3,1,14,3,Y,A,N,A,H,A,D,22,,12,D,,,,,C,Y,N,A,6,0,0,0,21453.0,2,36.7359504699707,-119.76436614990234,4
2020,2020-03-04,1549,3,1,15,3,Y,A,N,A,H,A,D,22,,03,C,,,,,C,N,N,A,1,0,0,0,22350.0,3,36.80860137939453,-119.7926788330078,4
2020,2020-03-08,1930,3,1,19,7,N,A,N,A,H,C,-,- ,N,- ,E,,,,,I,Y,N,D,1,0,0,0,,1,36.7280387878418,-119.80323028564452,4
2020,2020-03-10,1327,3,1,13,2,N,B,N,B,H,A,A,01,S,08,B,,,,,C,Y,N,D,1,0,0,0,22107.0,3,36.820796966552734,-119.869873046875,4
2020,2020-03-11,808,3,1,8,3,N,C,N,B,H,A,L,04,S,05,H,,Y,,,G,N,N,A,1,0,1,0,21650.0,2,36.706817626953125,-119.77618408203124,4
2020,2020-03-11,1235,3,1,12,3,Y,A,Y,A,H,A,A,01,,01,D,,,,,C,Y,M,A,1,0,0,0,23152.0,3,36.75048828125,-119.70030212402344,4
2020,2020-03-12,736,3,1,7,4,Y,B,N,A,H,A,A,01,,10,G,Y,,,,B,N,F,A,1,1,0,0,21950.0,2,36.757720947265625,-119.7589874267578,4
2020,2020-03-12,1353,3,1,13,4,N,A,N,A,H,A,A,01,E,01,C,,,,,E,Y,F,D,2,0,0,0,23153.0,4,36.75054168701172,-119.7604522705078,3
2020,2020-03-12,1436,3,1,14,4,N,A,N,A,H,A,L,04,W,09,H,,Y,,,G,N,N,D,1,0,1,0,21800.0,2,36.7868537902832,-119.7575454711914,3
2020,2020-03-14,1645,3,1,16,6,N,A,N,A,H,A,A,01,S,08,C,,,,,C,N,M,D,1,0,0,0,22107.0,2,36.7649040222168,-119.80107879638672,4
2020,2020-03-14,2023,3,1,20,6,N,A,N,A,H,C,N,60,E,11,G,Y,,,,B,N,N,D,1,1,0,0,21954.0,2,36.765079498291016,-119.77139282226562,3
2020,2020-03-15,1345,3,1,13,7,Y,B,N,A,H,A,A,01,,12,D,,,,,C,Y,N,A,1,0,0,0,21453.0,2,36.76499176025391,-119.80107879638672,4
2020,2020-03-15,1405,3,1,14,7,N,B,N,A,H,A,A,01,W,09,D,,,,,C,Y,N,D,2,0,0,0,21802.0,2,36.79378509521485,-119.87664794921876,3
2020,2020-03-16,1206,3,1,12,1,Y,C,N,B,H,A,A,01,,12,D,,,,,C,Y,N,A,1,0,0,0,21453.0,2,36.77574920654297,-119.6823501586914,4
2020,2020-03-16,1721,3,1,17,1,Y,B,N,B,H,A,A,01,,09,D,,,,,C,Y,N,D,2,0,0,0,21804.0,2,36.781108856201165,-119.82662963867188,2
2020,2020-03-17,923,3,1,9,2,Y,A,N,A,D,A,A,08,,09,D,,,,,C,Y,N,A,1,0,0,0,21453.0,2,36.72866821289063,-119.73654174804688,4
2020,2020-03-09,1250,3,1,12,1,Y,A,N,A,H,A,N,60,,11,G,Y,,,,B,N,N,A,1,1,0,0,21456.0,2,36.874168395996094,-119.72997283935548,3
2020,2020-03-18,1455,3,1,14,3,N,A,N,A,H,A,A,01,N,05,A,,,,,C,Y,N,D,2,0,0,0,21460.0,2,36.790672302246094,-119.86231231689452,4
2016,2016-08-31,1014,8,2,10,3,N,A,N,A,H,A,A,01,E,03,C,,,,,C,N,N,D,1,0,0,0,22350.0,2,36.61144669,-119.45324034,3
2019,2019-10-01,1447,10,3,14,2,Y,A,N,A,H,A,A,01,,12,D,,,,,C,Y,N,A,1,0,0,0,22450.0,2,36.79352951049805,-119.89839935302734,4
2020,2020-01-28,1609,1,4,16,2,Y,A,N,A,H,A,A,01,,22,B,,,,,C,N,N,D,1,0,0,0,,5,36.83845,-119.801874,3
2020,2020-03-08,1114,3,1,11,7,N,A,N,A,H,A,A,01,S,03,-,,,,,C,Y,N,A,1,0,0,0,22350.0,2,36.826446533203125,-119.77245330810548,4
2020,2020-03-13,620,3,1,6,5,N,A,N,A,H,C,-,- ,S,18,E,,,,,I,Y,N,D,1,0,0,0,,1,36.83883666992188,-119.74530792236328,3
2020,2020-03-13,1913,3,1,19,5,Y,A,N,A,H,C,B,07,,12,A,,,,,C,Y,N,A,2,0,0,0,22450.0,3,36.82178115844727,-119.88394927978516,4
2020,2020-03-17,1742,3,1,17,2,Y,A,N,A,H,A,A,01,,09,A,,,Y,,C,Y,N,A,1,0,0,1,21801.0,2,36.78654861450195,-119.82649993896484,2
2020,2020-03-19,1444,3,1,14,4,N,A,N,A,H,A,A,01,S,03,A,,,,,E,Y,N,D,1,0,0,0,22350.0,3,36.8325080871582,-119.7612762451172,4
2020,2020-03-22,1458,3,1,14,7,N,A,N,A,H,A,A,01,W,06,A,,,,Y,E,Y,N,D,1,0,0,0,21755.0,2,36.778263092041016,-119.84651947021484,4
2020,2020-03-22,2143,3,1,21,7,N,C,N,B,H,C,-,- ,W,- ,E,,,,,I,Y,N,D,1,0,0,0,,1,36.7261848449707,-119.80341339111328,3
2020,2020-02-28,1900,2,4,19,5,N,A,N,A,H,C,A,07,E,03,C,,,,,C,Y,N,D,1,0,0,0,22350.0,2,36.83713150024414,-119.80653381347656,4
2020,2020-03-21,1319,3,1,13,6,Y,B,N,A,H,A,A,01,,09,D,,,,,C,Y,N,D,2,0,0,0,21804.0,2,36.7959213256836,-119.79061126708984,4
2019,2019-10-16,1454,10,3,14,3,N,A,N,A,H,A,-,99,N,03,C,,,,,C,N,M,A,1,0,0,0,22350.0,2,36.735984802246094,-119.7454833984375,4
2020,2020-03-24,1639,3,1,16,2,Y,B,N,A,H,A,A,01,,09,A,,,,,C,Y,N,A,4,0,0,0,21801.0,2,36.79415893554688,-119.7316665649414,2
2020,2020-03-23,1815,3,1,18,1,Y,B,N,A,H,B,A,01,,12,D,,,,,E,N,N,A,2,0,0,0,21453.0,4,36.7395896911621,-119.79457855224608,3
2020,2020-03-25,1103,3,1,11,3,Y,A,N,A,H,A,F,55,,09,B,,,,Y,C,Y,N,A,1,0,0,0,21801.0,2,36.80836868286133,-119.85809326171876,4
2020,2020-03-25,310,3,1,3,3,N,A,N,A,H,C,A,01,E,03,A,,,,,I,Y,N,D,1,0,0,0,22350.0,1,36.764747619628906,-119.82235717773438,4
2020,2020-02-08,1508,2,4,15,6,Y,A,N,A,H,A,A,01,,12,D,,,,,C,Y,N,A,1,0,0,0,21453.0,2,36.7651481628418,-119.74949645996094,4
2020,2020-03-11,1140,3,1,11,3,N,A,Y,A,H,A,A,01,E,03,-,,,,,C,N,M,D,2,0,0,0,22350.0,2,36.77188873291016,-119.85321807861328,4
2020,2020-03-16,40,3,1,0,1,Y,C,N,B,H,C,C,02,,01,C,,,Y,,E,Y,N,D,1,0,0,1,23152.0,2,36.822940826416016,-119.77793121337892,4
2020,2020-03-08,1039,3,1,10,7,Y,A,N,A,H,A,A,01,,12,D,,,,,C,Y,N,A,1,0,0,0,22450.0,2,36.714088439941406,-119.80889892578124,4
2020,2020-03-29,822,3,1,8,7,Y,A,N,A,H,A,A,01,,12,D,,,,,C,N,N,A,1,0,0,0,21453.0,2,36.80865097045898,-119.74073791503906,4
2020,2020-03-22,2000,3,1,20,7,N,A,N,A,H,C,-,- ,E,- ,A,Y,,,,B,N,F,D,1,1,0,0,,2,36.73990631103516,-119.69890594482422,3
2020,2020-03-30,756,3,1,7,1,N,A,N,A,H,A,A,01,E,03,G,Y,,,,B,N,N,D,1,1,0,0,22350.0,2,36.798725128173835,-119.82900238037108,4
2020,2020-03-31,1238,3,1,12,2,Y,A,N,A,H,A,A,01,,12,D,,,,,C,Y,N,A,2,0,0,0,21453.0,2,36.70664978027344,-119.76896667480467,3
2020,2020-03-30,1745,3,1,17,1,N,A,N,A,H,A,A,01,E,01,A,,,,,C,Y,F,A,1,0,0,0,23152.0,2,36.8373908996582,-119.80184936523438,3
2020,2020-04-02,1100,4,1,11,4,N,A,N,A,H,A,A,01,S,09,A,,Y,,,G,Y,F,D,1,0,1,0,21804.0,2,36.713157653808594,-119.78853607177734,3