ACCIDENT_YEAR,COLLISION_DATE,COLLISION_TIME,MONTH,SEASON,24HOURS,DAY_OF_WEEK,INTERSECTION,WEATHER_1,STATE_HWY_IND,ROAD_SURFACE,ROAD_COND_1,LIGHTING,STWD_VEHTYPE_AT_FAULT,CHP_VEHTYPE_AT_FAULT,DIRECTION,PCF_VIOL_CATEGORY,TYPE_OF_COLLISION,PEDESTRIAN_ACCIDENT,BICYCLE_ACCIDENT,MOTORCYCLE_ACCIDENT,TRUCK_ACCIDENT,MVIW,TOW_AWAY,HIT_AND_RUN,CONTROL_DEVICE,NUMBER_INJURED,COUNT_PED_INJURED,COUNT_BICYCLIST_INJURED,COUNT_MC_INJURED,PCF_VIOLATION,PARTY_COUNT,POINT_Y,POINT_X,COLLISION_SEVERITY
2018,2018-07-22,1215,7,2,12,7,Y,A,N,A,H,-,A,08,,12,D,,,,,C,Y,N,A,2,0,0,0,21453.0,2,36.808570861816406,-119.70909881591795,3
2018,2018-07-20,1756,7,2,17,5,N,A,N,A,H,A,A,07,W,21,C,,,,,C,N,N,A,1,0,0,0,22106.0,2,36.80855178833008,-119.71861267089844,4
2018,2018-08-01,1711,8,2,17,3,Y,A,N,A,H,A,A,01,,09,D,,,,,C,Y,N,D,2,0,0,0,21802.0,2,36.81578063964844,-119.68560028076172,4
2018,2018-07-29,1712,7,2,17,7,N,A,N,A,H,A,A,07,S,09,D,,,,,C,Y,N,A,1,0,0,0,21804.0,2,36.83626174926758,-119.68404388427734,4
2018,2018-07-31,1233,7,2,12,2,Y,A,N,A,H,A,A,01,,12,D,,,,,C,Y,N,A,3,0,0,0,21453.0,2,36.82304000854492,-119.72901153564452,4
2018,2018-05-30,623,5,1,6,3,Y,A,N,A,H,A,-,,,09,C,,,,,C,N,N,A,4,0,0,0,21802.0,2,36.63447952270508,-119.68682098388672,4
2018,2018-04-11,2158,4,1,21,3,Y,A,N,A,H,C,-,,,01,E,,,,,I,N,N,D,1,0,0,0,23152.0,1,36.60506057739258,-119.55696105957033,3
2018,2018-08-01,449,8,2,4,3,N,A,Y,A,H,C,F,26,S,21,C,,,,Y,C,Y,N,D,1,0,0,0,22106.0,2,36.71541976928711,-120.06040954589844,3
2018,2018-08-06,1949,8,2,19,1,N,A,N,A,H,A,A,01,N,08,B,,,,,E,Y,N,D,1,0,0,0,22107.0,2,36.79449844360352,-119.66742706298828,4
2018,2018-07-01,2002,7,2,20,7,N,A,N,A,H,A,A,01,N,01,C,,,,,C,Y,N,A,2,0,0,0,23152.0,3,36.8454475402832,-119.71109008789062,4
2018,2018-07-16,1650,7,2,16,1,Y,A,N,A,H,A,C,02,,- ,H,,,Y,,A,N,N,A,1,0,0,1,,1,36.80842971801758,-119.6550064086914,3
2018,2018-07-24,1523,7,2,15,2,N,A,N,-,A,A,A,01,N,09,A,,,,,C,Y,N,D,2,0,0,0,21801.0,2,36.81609344482422,-119.71354675292967,4
2018,2018-07-17,1645,7,2,16,2,Y,A,N,A,H,A,A,01,,09,D,,,,,C,Y,N,A,1,0,0,0,21802.0,2,36.797630310058594,-119.72747039794922,3
2018,2018-07-22,854,7,2,8,7,Y,A,N,A,H,A,A,07,,09,D,,,,,C,Y,N,D,1,0,0,0,21802.0,2,36.82295989990234,-119.65109252929688,4
2018,2018-08-26,427,8,2,4,7,N,A,N,A,H,C,D,22,N,01,C,,,,,C,N,F,D,1,0,0,0,23152.0,2,36.612991333007805,-119.44876098632812,4
2018,2018-08-08,821,8,2,8,3,N,A,N,A,H,A,-,,S,08,C,,,Y,,C,N,N,D,1,0,0,1,22107.0,2,36.545234680175774,-119.57515716552734,4
2018,2018-08-03,1948,8,2,19,5,N,A,N,A,H,A,N,60,W,11,G,Y,,,,B,N,N,D,1,1,0,0,21954.0,2,36.72765350341797,-120.06082153320312,3
2018,2018-07-24,821,7,2,8,2,Y,A,N,A,H,A,L,04,,05,D,,Y,,,G,N,M,A,1,0,1,0,21650.0,2,36.80857849121094,-119.70043182373048,3
2018,2018-08-03,1459,8,2,14,5,Y,A,N,A,H,A,A,01,,09,A,,,,,C,Y,N,A,1,0,0,0,21801.0,2,36.79446029663086,-119.70913696289062,4
2018,2018-08-12,2052,8,2,20,7,Y,A,N,A,H,C,A,01,,12,D,,,,,C,Y,N,A,1,0,0,0,21453.0,2,36.793811798095696,-119.64598083496094,4
2018,2018-08-19,2050,8,2,20,7,N,A,N,A,H,C,-,,S,03,C,,,,,C,Y,N,A,1,0,0,0,22350.0,3,36.57607650756836,-119.61069488525392,4
2018,2018-08-10,2236,8,2,22,5,Y,A,N,A,H,C,-,,,09,C,,,,,A,N,N,A,1,0,0,0,21802.0,2,36.59051132202149,-119.6386489868164,4
2018,2018-08-17,0,8,2,0,5,N,A,N,A,G,A,-,,S,10,G,Y,,,,B,N,N,A,1,1,0,0,21950.0,2,,,3
2018,2018-08-08,1701,8,2,17,3,N,A,N,A,H,A,-,- ,E,03,C,,,,,C,Y,N,A,2,0,0,0,22350.0,3,36.86653137207031,-119.70159149169922,4
2018,2018-08-04,1759,8,2,17,6,Y,A,N,A,H,A,A,01,,12,D,,,,,C,Y,N,A,1,0,0,0,22450.0,2,36.80120849609375,-119.70916748046876,4
2018,2018-08-05,20,8,2,0,7,Y,A,N,A,D,A,-,,,17,C,,,,,C,Y,N,A,1,0,0,0,21461.0,2,36.60422897338867,-119.45768737792967,4
2018,2018-08-16,752,8,2,7,4,Y,A,N,A,H,A,-,- ,,00,C,,,,,C,N,N,A,1,0,0,0,,2,36.6114387512207,-119.4487533569336,3
2018,2018-08-21,540,8,2,5,2,Y,A,N,A,H,D,A,01,,10,G,Y,,,,B,N,M,A,1,1,0,0,21950.0,2,36.8089599609375,-119.74970245361328,3
2018,2018-08-14,1055,8,2,10,2,N,A,N,A,H,A,-,,E,10,G,Y,,,,B,N,N,A,1,1,0,0,21950.0,2,36.731311798095696,-120.06022644042967,3
2018,2018-08-15,746,8,2,7,3,N,A,N,A,H,A,-,,S,03,C,,,,,C,N,N,A,2,0,0,0,22350.0,2,36.59664916992188,-119.430908203125,4
2018,2018-08-12,35,8,2,0,7,N,A,N,A,H,C,A,01,N,01,C,,,,,E,N,N,D,1,0,0,0,23152.0,2,36.58068084716797,-119.62368774414062,4
2018,2018-08-15,2007,8,2,20,3,Y,A,N,A,H,C,A,01,,12,D,,,,,C,Y,N,A,3,0,0,0,21453.0,2,36.793941497802734,-119.66410064697266,4
2018,2018-08-16,1710,8,2,17,4,Y,A,N,A,H,A,A,01,,09,D,,,,,C,Y,N,A,1,0,0,0,21453.0,2,36.82304000854492,-119.72901153564452,4
2018,2018-08-21,754,8,2,7,2,Y,A,N,A,H,A,A,01,,01,B,,,,,C,Y,N,A,1,0,0,0,23152.0,2,36.82307815551758,-119.70890045166016,3
2018,2018-08-18,1645,8,2,16,6,Y,A,N,A,-,A,A,07,,12,B,,,,,C,Y,N,A,1,0,0,0,21453.0,2,36.83570861816406,-119.7294692993164,4
2018,2018-08-24,1001,8,2,10,5,N,A,N,A,H,A,A,01,N,09,D,,,,,C,Y,N,D,2,0,0,0,21804.0,2,36.80901336669922,-119.70909881591795,4
2018,2018-08-21,753,8,2,7,2,N,A,N,A,H,A,A,07,E,03,C,,,,,C,Y,N,D,1,0,0,0,22350.0,3,36.866546630859375,-119.70516967773438,4
2018,2018-08-29,1317,8,2,13,3,N,A,N,A,H,A,-,- ,W,18,E,,,,,I,Y,N,A,1,0,0,0,,1,36.83739471435546,-119.68472290039062,4
2018,2018-07-23,1420,7,2,14,1,N,A,N,A,H,A,-,,E,21,H,,,,,C,N,N,D,1,0,0,0,22106.0,2,36.62986373901367,-119.67977905273438,4
2018,2018-07-16,1625,7,2,16,1,N,A,N,A,H,A,-,,W,09,A,,,,,C,Y,N,D,1,0,0,0,21801.0,2,36.60512924194336,-119.65811157226562,4
2018,2018-08-20,747,8,2,7,1,Y,A,N,A,H,A,-,,,09,C,,,,,C,Y,N,A,2,0,0,0,21802.0,4,36.720401763916016,-120.04247283935548,4
2018,2018-08-30,751,8,2,7,4,N,A,N,A,H,A,-,,N,21,C,Y,,,,E,N,N,D,1,1,0,0,22106.0,3,36.72618103027344,-120.05001068115234,3
2018,2018-08-29,1535,8,2,15,3,N,-,N,A,H,A,-,,S,03,C,,,,,C,N,N,D,3,0,0,0,22350.0,3,36.578643798828125,-119.61068725585938,4
2018,2018-07-31,621,7,2,6,2,Y,B,N,A,H,A,-,,,08,A,,,,,C,Y,N,A,1,0,0,0,22107.0,2,36.69218063354492,-119.55412292480467,4
2018,2018-05-25,809,5,1,8,5,Y,A,N,A,H,A,L,04,,09,G,,Y,,,G,N,N,A,1,0,1,0,21804.0,2,36.70783996582031,-119.55622100830078,4
2018,2018-07-05,1330,7,2,13,4,N,A,N,A,H,A,-,,N,03,G,Y,,,,B,N,N,D,1,1,0,0,22350.0,2,36.701438903808594,-119.554931640625,3
2018,2018-07-18,1011,7,2,10,3,N,A,N,A,H,A,-,,E,08,D,,,,,C,Y,N,D,1,0,0,0,22107.0,2,36.705425262451165,-119.55381011962892,4
2018,2018-09-05,918,9,3,9,3,Y,A,N,A,H,A,-,- ,,00,D,,,,,C,Y,N,A,1,0,0,0,,2,36.70227813720703,-119.55785369873048,4
2018,2018-08-03,1637,8,2,16,5,N,A,N,A,H,A,A,01,W,08,B,,,,,C,Y,M,D,1,0,0,0,22107.0,2,36.70669174194336,-119.57554626464844,4
2018,2018-08-13,1735,8,2,17,1,N,A,N,A,H,A,A,01,E,08,D,,,,,C,Y,N,D,3,0,0,0,22103.0,2,36.708599090576165,-119.56481170654295,3
2018,2018-08-13,1039,8,2,10,1,Y,A,N,A,H,A,A,01,,12,B,,Y,,,G,N,N,D,1,0,1,0,22450.0,2,36.70534133911133,-119.54476928710938,3
2018,2018-08-28,745,8,2,7,2,Y,A,N,A,H,A,A,01,,03,C,,,,,C,N,N,D,1,0,0,0,22350.0,3,36.7942008972168,-119.72746276855467,4
2018,2018-08-19,1541,8,2,15,7,Y,A,N,A,H,A,A,01,,12,D,,,,,C,Y,N,A,4,0,0,0,21453.0,3,36.85223007202149,-119.72982788085938,3
2018,2018-08-26,1807,8,2,18,7,Y,A,N,A,H,A,A,01,,03,C,,,,,C,Y,N,A,4,0,0,0,22350.0,3,36.837650299072266,-119.72019958496094,4
2018,2018-08-27,1627,8,2,16,1,Y,A,N,A,H,A,D,22,,12,D,,,,,C,Y,N,A,2,0,0,0,21453.0,2,36.844688415527344,-119.6929168701172,2
2018,2018-09-06,740,9,3,7,4,Y,A,N,A,H,A,D,22,,12,D,,,,,D,N,N,A,1,0,0,0,22450.0,2,36.83026123046875,-119.71803283691406,4
2018,2018-08-31,817,8,2,8,5,N,A,N,A,H,A,-,,S,10,G,Y,,,,B,N,N,A,1,1,0,0,21950.0,2,36.513214111328125,-119.55496978759766,3
2018,2018-08-26,1320,8,2,13,7,Y,A,N,A,H,A,-,- ,,09,D,,,Y,,C,Y,N,D,2,0,0,1,21801.0,2,36.83755874633789,-119.67965698242188,2
2018,2018-09-04,806,9,3,8,2,Y,A,N,A,H,A,A,01,,08,D,,,,,C,Y,N,D,1,0,0,0,21460.0,2,36.83026885986328,-119.72545623779295,4
2018,2018-08-19,28,8,2,0,7,Y,A,N,A,H,-,-,- ,,12,A,,,,,C,Y,N,A,3,0,0,0,21453.0,2,36.808570861816406,-119.70909881591795,4
2018,2018-09-07,1442,9,3,14,5,N,A,N,A,H,A,A,01,W,03,C,,,,,C,Y,N,A,1,0,0,0,22350.0,2,36.80857849121094,-119.72830963134766,4
2018,2018-10-04,1152,10,3,11,4,Y,B,N,A,H,A,D,22,,12,D,,,,,C,N,N,A,1,0,0,0,21453.0,2,36.80865859985352,-119.69081878662108,4
2018,2018-09-21,2333,9,3,23,5,N,A,N,A,H,C,D,22,N,03,C,,,,,C,Y,N,D,1,0,0,0,22350.0,2,36.838623046875,-119.72948455810548,3
2018,2018-07-19,2130,7,2,21,4,Y,A,N,A,H,C,-,,,08,G,,Y,,,B,N,N,A,1,0,1,0,22107.0,2,36.51367950439453,-119.55438995361328,4
2018,2018-09-05,1846,9,3,18,3,N,A,N,A,H,A,D,22,E,21,C,,,,,C,N,N,A,1,0,0,0,22106.0,2,36.80855941772461,-119.66397857666016,4
2018,2018-09-13,1809,9,3,18,4,N,A,N,A,H,A,D,22,E,21,C,,,,,C,N,N,A,1,0,0,0,22106.0,2,36.823951721191406,-119.70184326171876,4
2018,2018-09-03,1602,9,3,16,1,Y,A,N,A,H,-,D,22,,10,G,Y,,,,B,N,N,D,1,1,0,0,21950.0,2,36.81760025024414,-119.69776153564452,4
2018,2018-09-02,1151,9,3,11,7,Y,A,N,A,-,A,A,01,,03,D,,,,,C,Y,N,A,1,0,0,0,22350.0,2,36.8266487121582,-119.70894622802734,4
2018,2018-09-13,947,9,3,9,4,N,A,Y,A,H,A,D,22,E,09,C,,,,,C,N,N,D,2,0,0,0,21804.0,2,36.73494720458984,-120.0557098388672,4
2018,2018-09-12,1604,9,3,16,3,N,A,N,A,H,A,A,01,W,09,C,,,,,C,N,N,D,1,0,0,0,21804.0,2,36.604129791259766,-119.43630981445312,4
2018,2018-09-20,754,9,3,7,4,N,A,N,A,H,A,-,- ,S,03,C,,,,,C,Y,N,A,2,0,0,0,22350.0,3,36.8487548828125,-119.71108245849608,4
2018,2018-09-18,1235,9,3,12,2,Y,A,N,A,H,A,A,01,,09,D,,,,,C,Y,N,A,3,0,0,0,21802.0,2,36.804851531982415,-119.71842956542967,3
2018,2018-09-17,1316,9,3,13,1,Y,A,N,A,H,A,D,22,,01,D,,,,,C,Y,N,A,1,0,0,0,23152.0,2,36.79402923583984,-119.68225860595705,4
2018,2018-09-16,138,9,3,1,7,Y,A,N,A,H,C,-,- ,,12,D,,,,,C,Y,N,A,1,0,0,0,21453.0,3,36.83763885498047,-119.71372222900392,4
2018,2018-09-12,2254,9,3,22,3,Y,A,N,A,H,C,L,04,,12,D,,Y,,,G,N,N,A,1,0,1,0,21453.0,2,36.83742904663086,-119.70008850097656,3
2018,2018-09-06,1517,9,3,15,4,N,A,N,A,H,A,N,60,N,11,G,Y,,,,B,N,N,D,1,1,0,0,21954.0,2,36.81816101074219,-119.67298126220705,3
2018,2018-09-18,1455,9,3,14,2,Y,A,N,A,-,A,A,01,,07,B,,,,,C,Y,N,D,2,0,0,0,21658.0,2,36.85218048095703,-119.72315979003906,3
2018,2018-09-21,734,9,3,7,5,N,A,N,A,H,A,A,01,W,- ,E,,,,,I,N,N,D,2,0,0,0,,1,36.8447380065918,-119.6896514892578,3
2018,2018-09-15,2054,9,3,20,6,N,A,N,A,H,C,N,60,S,11,G,Y,,,,B,N,N,D,1,1,0,0,21954.0,2,36.80817794799805,-119.7273178100586,3
2018,2018-09-13,1826,9,3,18,4,Y,A,N,A,H,A,A,01,,09,D,,,,,C,N,N,A,1,0,0,0,21802.0,2,36.801231384277344,-119.69061279296876,4
2018,2018-09-15,1314,9,3,13,6,N,A,N,A,H,A,-,- ,W,03,C,,,,,C,Y,N,D,2,0,0,0,22350.0,3,36.808570861816406,-119.70628356933594,3
2018,2018-08-28,1231,8,2,12,2,Y,A,N,A,H,A,A,01,,07,F,,,Y,,C,Y,N,D,1,0,0,1,21658.0,2,36.80867004394531,-119.68206024169922,2
2018,2018-09-13,1723,9,3,17,4,Y,A,N,A,H,A,D,22,,12,C,,,,,C,Y,N,A,1,0,0,0,21453.0,3,36.603758,-119.653183,3
2018,2018-09-03,1327,9,3,13,1,N,A,N,A,H,A,-,,N,03,C,,,,,C,Y,N,D,3,0,0,0,22350.0,2,36.59185028076172,-119.44995880126952,4
2018,2018-08-30,2014,8,2,20,4,N,A,N,A,H,D,-,,E,01,C,,,,,C,N,N,A,3,0,0,0,23152.0,3,36.6054916381836,-119.65373992919922,3
2018,2018-09-26,1724,9,3,17,3,Y,A,N,A,H,A,-,- ,,09,D,,,,,C,Y,N,D,1,0,0,0,21801.0,3,36.852081298828125,-119.70609283447266,4
2018,2018-06-18,1313,6,2,13,1,N,A,N,A,H,A,D,72,E,- ,A,,,,,E,Y,N,D,2,0,0,0,,2,36.80865859985352,-119.67985534667967,3
2018,2018-09-18,903,9,3,9,2,Y,A,N,A,H,A,-,- ,,- ,E,,,,,I,Y,N,D,1,0,0,0,,1,36.81578826904297,-119.71114349365234,4
2018,2018-09-11,1336,9,3,13,2,Y,A,N,A,H,A,A,01,,03,C,,,,,C,N,N,A,1,0,0,0,22350.0,3,36.808570861816406,-119.7273178100586,4
2018,2018-09-05,1739,9,3,17,3,N,A,N,A,H,A,C,02,N,03,C,,,Y,,C,N,N,D,1,0,0,1,22350.0,2,36.82331085205078,-119.68205261230467,4
2018,2018-09-13,1608,9,3,16,4,Y,A,N,A,H,A,L,04,,12,B,,Y,,,G,N,N,A,1,0,1,0,22450.0,2,36.78718185424805,-119.69296264648438,3
2018,2018-09-12,1511,9,3,15,3,N,A,N,A,H,A,L,04,E,05,C,,Y,,,G,N,N,A,1,0,1,0,21650.0,2,36.60189056396485,-119.46083831787108,2
2018,2018-09-24,1101,9,3,11,1,N,A,N,A,H,A,A,01,W,21,C,,,,,C,N,N,A,1,0,0,0,22106.0,2,36.837650299072266,-119.72032165527344,4
2018,2018-09-26,828,9,3,8,3,Y,A,N,A,H,A,A,01,,07,C,,,,,C,N,N,A,1,0,0,0,21658.0,2,36.82307052612305,-119.7134017944336,4
2018,2018-09-20,1523,9,3,15,4,Y,A,N,A,H,A,A,01,,21,G,,Y,,,G,N,N,A,1,0,1,0,22106.0,2,,,3
2018,2018-10-03,1325,10,3,13,3,N,B,N,-,A,A,L,04,E,09,C,,Y,,,G,N,N,D,1,0,1,0,21804.0,2,36.56482696533203,-119.61448669433594,2
2018,2018-09-28,1613,9,3,16,5,Y,A,N,A,H,A,A,01,,09,D,,,Y,,C,N,N,D,1,0,0,1,21804.0,2,36.81760025024414,-119.69590759277344,4
2018,2018-09-29,1207,9,3,12,6,Y,A,Y,A,H,A,A,07,,12,D,,,,,C,Y,N,A,2,0,0,0,21453.0,2,36.839599609375,-119.70077514648438,4
2018,2018-09-21,2300,9,3,23,5,N,A,N,A,H,C,A,07,W,03,C,,,,,C,N,M,A,1,0,0,0,22350.0,2,36.80857849121094,-119.71385192871094,4
2018,2018-10-04,749,10,3,7,4,Y,A,N,A,H,A,A,01,,09,C,,,,,C,Y,N,D,2,0,0,0,21802.0,2,36.56885147094727,-119.62316131591795,3
2018,2018-10-01,1114,10,3,11,1,Y,A,N,A,H,A,A,07,,09,D,,,,,C,Y,N,A,2,0,0,0,21802.0,2,36.7939682006836,-119.6906280517578,4
2018,2018-05-24,1522,5,1,15,4,Y,A,N,A,H,A,A,01,,10,G,Y,,,,B,N,N,A,1,1,0,0,21950.0,2,36.70309829711913,-119.57427215576172,4
2018,2018-05-30,1349,5,1,13,3,Y,A,N,A,H,A,A,01,,12,D,,,,,C,N,N,A,2,0,0,0,21453.0,2,36.707481384277344,-119.55890655517578,3
2018,2018-10-12,1206,10,3,12,5,Y,A,N,A,H,A,A,01,,12,D,,,,,C,Y,N,A,2,0,0,0,21453.0,3,36.83742904663086,-119.70008850097656,4
2018,2018-10-15,1807,10,3,18,1,N,A,N,A,H,C,D,22,W,04,C,,,,,C,Y,N,A,2,0,0,0,21703.0,2,36.83763885498047,-119.71536254882812,4
2018,2018-10-10,1314,10,3,13,3,Y,A,N,A,H,A,C,02,,- ,H,,,Y,,A,N,N,D,1,0,0,1,,1,36.81211853027344,-119.70906066894533,4
2018,2018-10-14,339,10,3,3,7,N,A,N,A,H,C,-,,N,08,A,,,,,I,N,N,D,1,0,0,0,22107.0,1,36.58008575439453,-119.61068725585938,4
2018,2018-10-05,1200,10,3,12,5,Y,A,N,A,H,A,A,01,,08,D,,,,,C,Y,N,A,1,0,0,0,22107.0,2,36.7939682006836,-119.6906280517578,4
2018,2018-10-08,1608,10,3,16,1,Y,A,N,A,H,A,A,01,,09,D,,,,,C,Y,N,A,2,0,0,0,21802.0,2,36.799129486083984,-119.71817779541016,4
2018,2018-09-29,1749,9,3,17,6,N,A,N,A,H,A,L,04,E,09,C,,Y,,,G,N,N,D,1,0,1,0,21804.0,2,36.596458435058594,-119.45574188232422,4
2018,2018-10-12,1909,10,3,19,5,N,A,N,A,H,C,-,,S,- ,C,,,,,C,N,N,D,1,0,0,0,,2,,,4
2018,2018-10-09,1805,10,3,18,2,N,A,N,A,H,A,A,01,S,04,C,,,,,C,N,N,A,1,0,0,0,21703.0,3,36.8620719909668,-119.72975158691406,4
2018,2018-10-09,1451,10,3,14,2,Y,A,N,A,H,A,-,,,12,C,,,,,C,N,N,A,2,0,0,0,21453.0,3,36.6049919128418,-119.54782104492188,3
2018,2018-10-24,803,10,3,8,3,Y,A,N,A,H,A,D,22,,12,D,,,,,C,Y,N,A,3,0,0,0,21453.0,4,36.80126190185546,-119.72727966308594,4
2018,2018-10-24,1343,10,3,13,3,N,A,N,A,H,A,A,01,S,09,D,,,,,C,Y,N,D,3,0,0,0,21801.0,2,36.83627700805664,-119.68405151367188,3
2018,2018-10-24,1626,10,3,16,3,Y,A,N,A,H,A,A,01,,09,D,,,,,C,Y,N,A,1,0,0,0,21802.0,2,36.791290283203125,-119.68244171142578,4
2018,2018-10-17,1946,10,3,19,3,Y,A,N,A,H,C,-,,,03,C,,,,,C,N,M,D,1,0,0,0,22350.0,2,36.584571838378906,-119.44647216796876,4
2018,2018-08-05,2257,8,2,22,7,Y,A,N,A,H,C,-,,,09,C,,,,,C,N,N,A,2,0,0,0,21800.0,2,36.6103515625,-119.52764892578124,4
2018,2018-10-16,1737,10,3,17,2,Y,A,N,A,H,A,A,01,,12,D,,,,,C,Y,N,A,1,0,0,0,22450.0,3,36.80487823486328,-119.70053863525392,4
2018,2018-10-21,1243,10,3,12,7,Y,A,N,A,H,A,A,01,,09,C,,,,,C,N,N,D,1,0,0,0,21802.0,2,36.6114501953125,-119.45651245117188,4
2018,2018-09-28,2154,9,3,21,5,Y,A,N,A,H,C,A,08,,03,C,,,,,C,N,N,A,1,0,0,0,22350.0,2,36.60506057739258,-119.55696105957033,4
2018,2018-10-08,1454,10,3,14,1,Y,A,N,A,H,A,-,- ,,05,A,,Y,,,G,N,N,D,1,0,1,0,21650.0,2,36.814231872558594,-119.68195343017578,4
2018,2018-10-18,1717,10,3,17,4,N,A,N,A,H,A,-,- ,W,03,E,,,Y,,I,N,N,D,1,0,0,1,22350.0,2,36.82213592529297,-119.68691253662108,3
2018,2018-10-09,735,10,3,7,2,N,A,N,A,H,A,-,- ,E,03,C,,,Y,,C,N,N,A,1,0,0,0,22350.0,2,36.80862045288086,-119.6720962524414,4
2018,2018-10-11,1930,10,3,19,4,-,A,N,A,H,C,-,- ,,08,B,,,,,E,Y,N,A,1,0,0,0,22107.0,3,36.81298828125,-119.7090301513672,4
2018,2018-09-28,1801,9,3,18,5,Y,A,N,A,H,B,-,,,21,C,,,,,C,Y,N,D,2,0,0,0,22106.0,2,36.5688591003418,-119.62877655029295,3
2018,2018-09-28,925,9,3,9,5,Y,A,Y,A,H,A,C,02,,09,A,,,Y,,C,N,N,D,1,0,0,1,21801.0,2,36.73483276367188,-120.07014465332033,3
2018,2018-10-31,1421,10,3,14,3,N,A,N,A,H,A,L,04,W,05,G,,Y,,,B,N,N,D,1,0,1,0,21650.0,2,36.59602355957031,-119.4513702392578,3
2018,2018-10-25,1457,10,3,14,4,Y,A,N,A,H,A,L,04,,05,C,,Y,,,G,N,N,D,1,0,1,0,21202.0,2,36.576210021972656,-119.60958099365234,4
2018,2018-10-31,1154,10,3,11,3,Y,A,N,A,H,A,D,22,,03,C,,,,,C,Y,N,A,1,0,0,0,22350.0,3,36.837398529052734,-119.66607666015624,4
2018,2018-10-29,1545,10,3,15,1,Y,A,N,A,H,A,-,,,09,C,,,,,C,Y,N,D,2,0,0,0,21802.0,2,36.5688591003418,-119.62877655029295,3
2018,2018-09-14,1650,9,3,16,5,N,A,N,A,H,A,A,01,N,21,D,,,,,C,N,N,D,1,0,0,0,22106.0,2,36.14173889160156,-120.3635025024414,4
2018,2018-09-12,622,9,3,6,3,Y,A,N,A,H,A,A,01,,08,B,,,,,C,Y,N,D,1,0,0,0,22107.0,2,36.14202880859375,-120.36398315429688,4
2018,2018-10-26,2110,10,3,21,5,N,A,N,A,H,C,N,60,W,11,G,Y,,,,B,N,N,D,1,1,0,0,21954.0,2,36.14265823364258,-120.35960388183594,2
2018,2018-10-29,651,10,3,6,1,N,A,N,A,H,C,A,01,E,05,E,,,,,I,Y,N,D,1,0,0,0,21460.0,1,36.84466171264648,-119.67064666748048,4
2018,2018-09-02,1943,9,3,19,7,Y,A,N,A,H,B,-,,,09,B,,,,,C,N,N,A,2,0,0,0,21802.0,2,36.6072998046875,-119.54776000976562,4
2018,2018-10-25,1216,10,3,12,4,Y,A,Y,A,H,A,D,22,,12,D,,,,,C,Y,N,A,2,0,0,0,21453.0,2,36.83501434326172,-119.70471954345705,4
2018,2018-10-21,2325,10,3,23,7,Y,A,N,A,H,C,N,60,,11,G,Y,,,,B,Y,N,A,2,2,0,0,21453.0,3,36.80867004394531,-119.68206024169922,2
2019,2019-01-18,1733,1,4,17,5,Y,A,N,A,H,C,A,01,,03,C,,,,,C,Y,N,D,1,0,0,0,22350.0,2,36.834720611572266,-119.71366119384766,4
2018,2018-08-01,852,8,2,8,3,N,A,N,A,H,A,A,01,S,08,E,,,,,I,Y,N,D,1,0,0,0,22107.0,1,36.13313293457031,-120.36235809326172,4
2018,2018-08-29,1645,8,2,16,3,N,A,N,A,H,A,A,01,W,04,C,,,,,C,N,N,D,1,0,0,0,21703.0,2,36.13655853271485,-120.35150909423828,4
2018,2018-07-16,1440,7,2,14,1,Y,A,N,A,H,A,A,01,,08,C,,,,,D,Y,N,D,1,0,0,0,22107.0,2,36.13657,-120.35276,2
2018,2018-10-14,446,10,3,4,7,Y,A,N,A,H,D,A,01,,08,A,,,,,E,N,M,D,1,0,0,0,22107.0,2,36.140961,-120.352882,4
2018,2018-10-29,655,10,3,6,1,N,A,N,A,H,B,-,- ,N,03,E,,,,,I,Y,N,A,1,0,0,0,22350.0,1,36.84074783325195,-119.66393280029295,4
2018,2018-03-13,1706,3,1,17,2,N,A,N,A,H,A,A,01,W,03,C,,,,,C,N,N,D,1,0,0,0,22350.0,2,36.147491455078125,-120.3557586669922,3
2018,2018-10-25,1313,10,3,13,4,N,A,N,A,H,A,A,01,,09,C,,,,,C,N,N,D,1,0,0,0,21801.0,2,36.5897216796875,-119.456787109375,4
2018,2018-11-05,1410,11,3,14,1,N,A,N,A,H,A,E,22,E,- ,E,,,,,J,Y,N,D,1,0,0,0,,1,,,3