ACCIDENT_YEAR,COLLISION_DATE,COLLISION_TIME,MONTH,SEASON,24HOURS,DAY_OF_WEEK,INTERSECTION,WEATHER_1,STATE_HWY_IND,ROAD_SURFACE,ROAD_COND_1,LIGHTING,STWD_VEHTYPE_AT_FAULT,CHP_VEHTYPE_AT_FAULT,DIRECTION,PCF_VIOL_CATEGORY,TYPE_OF_COLLISION,PEDESTRIAN_ACCIDENT,BICYCLE_ACCIDENT,MOTORCYCLE_ACCIDENT,TRUCK_ACCIDENT,MVIW,TOW_AWAY,HIT_AND_RUN,CONTROL_DEVICE,NUMBER_INJURED,COUNT_PED_INJURED,COUNT_BICYCLIST_INJURED,COUNT_MC_INJURED,PCF_VIOLATION,PARTY_COUNT,POINT_Y,POINT_X,COLLISION_SEVERITY
2019,2019-11-13,1435,11,3,14,3,N,A,N,A,H,A,A,07,E,03,C,,,,,C,Y,N,A,2,0,0,0,22350.0,3,36.85211944580078,-119.71124267578124,3
2019,2019-11-07,553,11,3,5,4,Y,A,N,A,H,B,A,01,,09,B,,,,,C,N,N,D,1,0,0,0,21804.0,2,36.61537170410156,-119.54773712158205,2
2015,2015-08-13,800,8,2,8,4,N,A,Y,A,H,A,D,22,S,05,B,,,,Y,C,Y,N,D,1,0,0,0,21650.0,2,36.80488108,-120.42225538,3
2015,2015-08-10,2040,8,2,20,1,N,A,Y,A,H,D,A,07,S,08,E,,,,,I,Y,N,D,1,0,0,0,22107.0,1,36.661643,-120.63958692,4
2015,2015-08-10,1805,8,2,18,1,N,A,N,A,H,A,-,- ,W,18,F,,,Y,,A,N,N,D,1,0,0,1,,1,36.69137147,-120.02990338,3
2015,2015-08-10,1710,8,2,17,1,Y,A,N,A,H,A,A,01,,12,D,,,,,C,Y,N,A,1,0,0,0,22450.0,2,36.63307003,-119.43076988,4
2015,2015-08-11,920,8,2,9,2,N,A,N,A,H,A,A,01,S,08,E,,,,,I,Y,N,D,1,0,0,0,22107.0,1,36.91179299,-119.71577861,3
2015,2015-08-11,940,8,2,9,2,N,A,Y,A,H,A,A,01,N,08,C,,,,,C,Y,N,D,2,0,0,0,22107.0,3,36.80349586,-119.78542935,4
2015,2015-08-11,1408,8,2,14,2,N,A,Y,A,H,A,F,26,S,07,B,,,,Y,C,Y,N,D,1,0,0,0,21658.0,2,36.80492004,-119.7854287,4
2019,2019-11-24,1817,11,3,18,7,Y,A,N,B,G,C,A,01,,22,E,,,,,I,Y,N,D,1,0,0,0,,1,36.609194,-119.554151,3
2015,2015-08-12,740,8,2,7,3,N,A,N,A,H,A,A,01,S,03,C,,,,,C,Y,N,D,2,0,0,0,22350.0,2,36.46715544,-119.69046256,4
2015,2015-08-12,1720,8,2,17,3,N,A,Y,A,H,A,A,01,N,03,C,,,,,C,Y,N,D,1,0,0,0,22350.0,2,36.69982238,-119.76731917,4
2015,2015-08-12,1806,8,2,18,3,N,A,N,A,H,A,A,01,E,08,E,,,,,I,Y,N,D,1,0,0,0,22107.0,1,36.61124355,-119.40938539,4
2015,2015-08-13,1447,8,2,14,4,N,A,Y,A,H,A,A,01,S,03,C,,,,,C,Y,N,D,2,0,0,0,22350.0,2,36.76274324,-119.77545916,4
2015,2015-08-13,1910,8,2,19,4,N,A,N,A,H,A,A,01,W,08,F,,,,,A,Y,N,D,1,0,0,0,22107.0,1,37.0060272,-119.58493744,3
2015,2015-08-14,1710,8,2,17,5,N,A,N,A,H,A,A,07,E,08,E,,,,,I,Y,N,D,1,0,0,0,22107.0,1,36.58212831,-119.39326357,3
2015,2015-08-13,1438,8,2,14,4,N,A,Y,A,H,A,-,- ,S,07,B,,,,Y,C,Y,N,D,1,0,0,0,21658.0,2,36.71288182,-119.78010115,4
2015,2015-08-11,1230,8,2,12,2,Y,A,N,A,H,A,L,04,,12,B,,Y,,,G,N,N,A,1,0,1,0,22450.0,2,36.71378004,-119.86237996,3
2015,2015-08-12,2245,8,2,22,3,N,A,N,A,H,D,C,02,N,01,F,,,Y,,A,Y,N,D,1,0,0,1,23152.0,1,36.92337185,-119.70982254,3
2015,2015-08-14,2100,8,2,21,5,N,A,Y,A,H,D,A,01,S,03,E,,,,,I,Y,N,D,1,0,0,0,22350.0,1,36.65950884,-119.01556629,4
2015,2015-08-15,1250,8,2,12,6,N,A,Y,A,H,A,D,22,W,09,D,,,Y,,C,Y,N,D,1,0,0,1,21801.0,2,37.13305698,-119.31013717,2
2015,2015-08-14,1314,8,2,13,5,N,A,Y,A,H,A,A,01,S,03,C,,,,,C,Y,N,D,1,0,0,0,22350.0,3,36.76069041,-119.77528668,4
2015,2015-08-11,1450,8,2,14,2,N,A,Y,A,H,A,A,01,N,03,C,,,,Y,C,Y,N,D,1,0,0,0,22350.0,2,36.5484705,-119.78608992,4
2015,2015-08-15,427,8,2,4,6,Y,A,N,A,H,C,A,08,,12,D,,,,,C,Y,N,A,1,0,0,0,22450.0,2,36.79362011,-119.5559499,4
2015,2015-08-14,1051,8,2,10,5,Y,A,N,A,H,D,A,01,,09,D,,,,,C,Y,N,A,1,0,0,0,21802.0,2,36.53265002,-119.84526986,3
2015,2015-08-16,135,8,2,1,7,N,A,N,A,H,D,A,08,E,05,B,,,,Y,C,Y,N,D,6,0,0,0,21650.0,2,36.85110401,-120.47645529,2
2015,2015-08-11,1510,8,2,15,2,Y,A,N,A,H,A,A,01,,08,F,,,,,A,Y,N,D,1,0,0,0,22107.0,1,36.88035008,-120.46332993,3
2015,2015-08-15,827,8,2,8,6,N,A,N,A,H,A,-,- ,E,18,F,,Y,,,A,N,N,D,1,0,1,0,,1,36.88294926,-119.46673196,2
2015,2015-08-15,1222,8,2,12,6,Y,A,N,A,H,A,A,01,,09,D,,,,,C,Y,N,A,2,0,0,0,21802.0,2,36.7911078,-119.70044732,3
2015,2015-08-10,112,8,2,1,1,N,A,Y,A,H,D,A,07,S,01,E,,,,,I,Y,N,D,1,0,0,0,23152.0,1,36.74023,-119.81261,3
2015,2015-08-15,635,8,2,6,6,N,A,Y,A,H,A,A,07,W,21,C,,,,,C,N,N,A,1,0,0,0,22106.0,2,36.73592208,-119.55653523,4
2015,2015-08-16,1829,8,2,18,7,N,A,N,A,H,A,A,07,E,01,E,,,,,I,Y,N,A,1,0,0,0,23152.0,1,36.7228329,-119.70730155,3
2015,2015-08-15,810,8,2,8,6,N,A,N,A,H,A,L,04,W,08,F,,Y,,,A,N,N,D,1,0,1,0,22107.0,1,36.71482795,-119.65318993,3
2015,2015-08-16,2028,8,2,20,7,N,A,N,A,H,D,G,25,W,03,F,,,,Y,A,Y,N,D,1,0,0,0,22350.0,1,36.48678443,-120.03396038,2
2015,2015-08-17,700,8,2,7,1,N,A,Y,A,H,A,G,25,S,03,C,,,,Y,C,N,F,D,1,0,0,0,22350.0,2,36.48315427,-119.79194299,4
2015,2015-08-17,1255,8,2,12,1,N,A,Y,A,H,A,D,22,S,03,C,,,,,C,Y,N,D,1,0,0,0,22350.0,3,36.75250499,-119.77586656,4
2015,2015-08-16,316,8,2,3,7,N,B,N,A,H,D,L,04,E,05,H,,Y,,,G,N,N,D,1,0,1,0,21202.0,2,36.61760142,-119.33871276,2
2015,2015-08-18,748,8,2,7,2,Y,A,N,A,H,A,D,22,,09,D,,,,,C,Y,N,A,1,0,0,0,21802.0,2,36.59017,-119.5211299,4
2015,2015-08-19,1735,8,2,17,3,N,A,Y,A,H,A,A,01,E,03,C,,,,,C,Y,N,A,1,0,0,0,22350.0,2,36.82513,-119.71422,4
2015,2015-08-20,540,8,2,5,4,N,A,Y,A,H,B,A,01,N,03,C,,,,,C,N,N,D,1,0,0,0,22350.0,2,36.66484994,-119.78609525,4
2015,2015-08-20,800,8,2,8,4,N,A,Y,A,H,A,C,02,S,08,F,,,Y,,A,Y,N,D,1,0,0,1,22107.0,1,36.74497125,-119.77684969,3
2015,2015-08-19,845,8,2,8,3,N,A,Y,A,H,A,A,01,S,03,C,,,,,C,N,N,A,2,0,0,0,22350.0,2,36.83673653,-119.7848321,4
2015,2015-08-18,2246,8,2,22,2,N,A,Y,A,H,D,C,02,S,08,E,,,Y,,A,Y,N,D,1,0,0,1,22107.0,1,36.80601,-119.78496,4
2015,2015-08-19,2205,8,2,22,3,N,A,N,A,H,D,A,01,W,08,E,,,,,I,Y,N,D,1,0,0,0,22107.0,1,36.61993002,-119.70201789,4
2015,2015-08-19,1000,8,2,10,3,N,A,N,A,H,A,A,01,W,03,C,,,,,C,Y,N,A,2,0,0,0,22350.0,2,36.80774992,-119.96130169,3
2019,2019-11-22,1529,11,3,15,5,N,A,Y,A,H,A,L,04,W,05,H,,Y,,,G,N,N,A,1,0,1,0,21650.0,2,36.56201934814453,-119.61347198486328,4
2015,2015-08-18,825,8,2,8,2,N,A,N,A,H,A,A,01,W,08,E,,,,,I,Y,N,D,1,0,0,0,22107.0,1,36.89563236,-119.69608295,4
2015,2015-08-20,630,8,2,6,4,N,A,Y,A,H,A,D,22,S,07,E,,,,,I,Y,N,D,1,0,0,0,21658.0,2,36.72768406,-119.79539914,4
2015,2015-08-16,1810,8,2,18,7,N,A,N,A,H,A,A,01,E,08,E,,,,,I,Y,N,D,2,0,0,0,22107.0,1,36.77860408,-120.08371596,3
2015,2015-08-20,630,8,2,6,4,N,A,Y,D,H,A,A,01,W,08,E,,,,,I,Y,N,D,1,0,0,0,22107.0,1,36.73976,-119.81361,3
2015,2015-08-20,1608,8,2,16,4,N,A,Y,A,D,A,A,07,S,08,E,,,,,I,Y,N,D,1,0,0,0,22107.0,1,36.75486869,-119.82831098,3
2015,2015-08-21,1401,8,2,14,5,Y,A,Y,A,H,A,A,08,,09,D,,,,,C,Y,N,A,1,0,0,0,21802.0,3,36.54689,-119.5981,4
2015,2015-08-16,1820,8,2,18,7,N,A,Y,A,H,A,D,22,N,03,C,,,,,C,N,N,D,1,0,0,0,22350.0,2,36.58006364,-120.55290199,4
2015,2015-08-14,248,8,2,2,5,N,A,N,A,H,D,D,22,W,01,E,,,,,I,Y,N,D,1,0,0,0,23152.0,1,36.74954608,-120.04424129,2
2015,2015-08-11,1740,8,2,17,2,Y,A,N,A,H,A,G,25,,09,B,,,,Y,C,Y,N,D,2,0,0,0,21801.0,3,36.65251008,-120.25048994,4
2015,2015-08-15,400,8,2,4,6,N,A,N,A,H,D,A,01,E,08,D,,,,,C,Y,N,A,2,0,0,0,22107.0,2,36.60387047,-120.0432219,4
2015,2015-08-20,1450,8,2,14,4,N,A,Y,A,H,A,A,01,N,07,C,,,,,C,Y,N,D,1,0,0,0,21658.0,2,36.80171127,-119.78513946,4
2015,2015-08-15,1627,8,2,16,6,N,A,Y,A,H,A,A,01,E,08,E,,,,,I,Y,N,A,1,0,0,0,22107.0,1,36.79453,-119.74705,3
2015,2015-08-17,41,8,2,0,1,Y,A,N,A,H,D,A,01,,09,F,,,Y,,A,Y,N,A,1,0,0,1,21802.0,2,36.54720005,-119.70068,3
2015,2015-08-21,545,8,2,5,5,N,A,N,A,H,B,A,01,S,03,C,,,,,C,Y,N,A,1,0,0,0,22350.0,2,36.79235662,-119.70044878,4
2015,2015-08-19,2120,8,2,21,3,N,A,N,A,H,D,A,01,W,03,E,,,,,I,Y,N,D,1,0,0,0,22350.0,1,36.5885515,-119.33857083,4
2015,2015-08-16,1730,8,2,17,7,N,A,N,A,H,A,A,01,S,01,C,,,,,C,Y,F,D,1,0,0,0,23152.0,2,36.69196905,-119.61039111,3
2015,2015-08-22,1744,8,2,17,6,N,A,Y,A,H,A,A,07,S,08,E,,,,,I,Y,N,A,1,0,0,0,22107.0,1,36.76516,-119.7738,3
2015,2015-08-20,805,8,2,8,4,N,A,N,A,H,A,A,01,W,08,D,,,,,C,N,N,D,7,0,0,0,22107.0,2,36.8192239,-119.80912279,4
2015,2015-08-20,255,8,2,2,4,N,A,Y,A,H,D,D,22,S,08,E,,,,,I,Y,N,D,1,0,0,0,22107.0,1,36.16687011,-120.18573271,4
2015,2015-08-21,645,8,2,6,5,N,A,Y,A,H,A,A,01,S,08,F,,,,,A,Y,N,D,3,0,0,0,22107.0,1,,,3
2015,2015-08-21,1906,8,2,19,5,N,A,Y,A,D,A,A,01,S,08,E,,,,,I,Y,N,D,1,0,0,0,22107.0,1,36.519826,-120.47347187,4
2015,2015-08-16,2223,8,2,22,7,N,A,Y,A,H,D,A,01,N,01,A,,,,,C,Y,N,D,2,0,0,0,23152.0,2,,,2
2015,2015-08-20,1900,8,2,19,4,N,A,N,A,H,A,D,22,N,01,E,,,,,I,Y,N,D,2,0,0,0,23152.0,1,36.80877301,-119.51968142,3
2015,2015-08-15,2115,8,2,21,6,N,A,Y,A,H,C,A,01,E,01,C,,,,,C,Y,N,D,2,0,0,0,23152.0,2,36.73470301,-120.13121,4
2015,2015-08-29,1540,8,2,15,6,N,B,N,A,H,A,A,07,S,08,E,,,,,I,Y,N,D,1,0,0,0,22107.0,1,36.87762869,-120.69044735,3
2015,2015-08-22,1015,8,2,10,6,Y,A,N,A,H,A,A,07,,09,A,,,,,C,Y,N,D,2,0,0,0,21801.0,2,36.79390011,-119.80859991,3
2015,2015-08-23,200,8,2,2,7,N,A,N,A,H,D,A,01,E,08,E,,,,,I,Y,N,D,1,0,0,0,22107.0,1,36.64866763,-119.81601583,3
2015,2015-08-23,2022,8,2,20,7,N,A,Y,A,H,D,A,07,N,08,E,,,,,I,Y,N,D,1,0,0,0,22107.0,1,36.72917993,-119.78246918,4
2015,2015-08-22,2325,8,2,23,6,N,A,N,A,H,D,A,01,N,08,E,,,,,I,Y,N,D,1,0,0,0,22107.0,1,36.62012396,-119.45771,3
2015,2015-08-25,1435,8,2,14,2,N,A,Y,A,H,A,A,01,S,03,C,,,,,C,Y,N,D,1,0,0,0,22350.0,2,36.7630452,-119.77556441,4
2015,2015-08-23,2058,8,2,20,7,N,A,Y,A,H,C,D,22,E,07,B,,,,,A,Y,N,D,1,0,0,0,21658.0,3,36.75296298,-119.78644648,3
2015,2015-08-16,2151,8,2,21,7,Y,A,N,A,H,D,A,01,,01,D,,,,,C,Y,N,A,1,0,0,0,23152.0,2,36.6198101,-119.61065985,3
2015,2015-08-25,1450,8,2,14,2,N,A,N,A,H,A,F,55,N,03,C,,,,Y,C,Y,N,D,1,0,0,0,22350.0,2,36.79400342,-119.70045907,3
2015,2015-08-25,1727,8,2,17,2,N,A,Y,A,H,A,A,01,E,07,C,,,Y,,C,N,N,A,1,0,0,1,21658.0,2,,,3
2015,2015-08-18,2216,8,2,22,2,N,A,Y,A,H,D,A,01,S,01,F,,,,,A,Y,N,D,2,0,0,0,23152.0,1,36.37040517,-120.18007703,3
2015,2015-08-25,740,8,2,7,2,N,A,Y,A,H,A,A,07,W,03,C,,,,,C,N,N,D,1,0,0,0,22350.0,4,36.75310372,-119.70621897,4
2015,2015-08-21,1616,8,2,16,5,Y,A,N,A,H,A,A,01,,09,D,,,,,C,Y,N,A,3,0,0,0,21802.0,2,36.62567008,-119.39480993,1
2015,2015-08-25,17,8,2,0,2,N,A,Y,A,H,D,A,07,N,08,E,,,,,I,Y,N,D,1,0,0,0,22107.0,1,36.84619197,-119.78486061,4
2015,2015-08-27,910,8,2,9,4,Y,A,N,A,H,A,A,07,,12,D,,,,,C,Y,N,A,1,0,0,0,22450.0,2,36.75736005,-119.85322995,3
2015,2015-08-26,735,8,2,7,3,N,A,Y,A,H,A,D,22,S,03,C,,,,,C,N,F,D,1,0,0,0,22350.0,3,36.8077097,-119.78542294,4
2015,2015-08-27,1310,8,2,13,4,N,A,N,A,H,A,A,01,S,08,A,,,,,E,Y,N,D,1,0,0,0,22107.0,2,36.75693273,-119.94316514,4
2015,2015-08-28,1823,8,2,18,5,N,A,Y,A,H,A,A,08,E,03,C,,,,,C,N,N,D,1,0,0,0,22350.0,2,36.74512456,-119.80721124,4
2015,2015-08-28,1823,8,2,18,5,N,A,Y,A,H,A,A,01,W,03,C,,,,,C,Y,N,D,1,0,0,0,22350.0,2,36.74784377,-119.80205892,4
2015,2015-08-20,1825,8,2,18,4,N,A,N,A,H,A,A,01,W,08,E,,,,,I,Y,N,D,1,0,0,0,22107.0,1,36.65257285,-119.96303558,4
2015,2015-08-26,750,8,2,7,3,N,A,Y,A,H,A,A,01,S,03,C,,,,,C,Y,N,D,1,0,0,0,22350.0,2,36.76209908,-119.83268967,4
2015,2015-08-27,650,8,2,6,4,N,A,Y,A,H,B,A,01,N,07,F,,,,,A,Y,N,D,1,0,0,0,21658.0,1,36.83340845,-119.78518797,4
2015,2015-08-28,1447,8,2,14,5,Y,A,N,A,H,A,A,01,,09,D,,,,,C,Y,N,A,3,0,0,0,21802.0,2,36.66111005,-119.34057988,4
2015,2015-08-27,1525,8,2,15,4,Y,A,N,A,H,A,A,01,,09,D,,,Y,,C,Y,N,A,1,0,0,1,21802.0,2,36.58265001,-119.48465994,3
2015,2015-08-28,1816,8,2,18,5,Y,A,N,A,H,A,E,22,,12,D,,,,,C,Y,N,A,2,0,0,0,22450.0,2,36.51817006,-119.68295994,2
2015,2015-08-23,1228,8,2,12,7,N,A,N,A,H,A,C,02,E,03,F,,,Y,,A,Y,N,D,1,0,0,1,22350.0,1,36.81497605,-119.96496176,3
2015,2015-08-25,1522,8,2,15,2,N,A,N,A,H,A,A,01,W,03,C,,,,,C,Y,N,D,2,0,0,0,22350.0,4,36.61849283,-119.40412637,4
2015,2015-08-28,950,8,2,9,5,N,A,N,A,H,A,E,22,E,09,D,,,,,C,Y,N,D,1,0,0,0,21804.0,2,36.85173951,-119.53018445,4
2015,2015-08-26,15,8,2,0,3,N,A,N,A,H,D,A,01,S,08,E,,,,,I,Y,N,D,1,0,0,0,22107.0,1,36.82985552,-119.79367228,4
2015,2015-08-16,1843,8,2,18,7,N,A,Y,A,H,A,A,07,E,01,C,,,,,C,Y,N,A,2,0,0,0,23152.0,2,36.73719929,-119.64635,3
2015,2015-08-28,751,8,2,7,5,Y,A,N,A,H,A,A,01,,12,D,,,,,C,Y,N,A,3,0,0,0,22450.0,2,36.77928,-119.63695987,2
2015,2015-08-16,1235,8,2,12,7,Y,A,N,A,H,A,D,22,,12,D,,,,,C,Y,N,A,5,0,0,0,21453.0,2,36.74928007,-120.38953996,2
2015,2015-08-22,800,8,2,8,6,N,A,N,A,H,A,A,01,W,08,E,,,,,I,Y,N,D,1,0,0,0,22107.0,1,36.81565,-119.80071723,4
2015,2015-08-28,1550,8,2,15,5,Y,A,N,A,H,A,A,01,,09,D,,,,,C,Y,N,A,1,0,0,0,21802.0,2,36.56157011,-119.88105994,2
2015,2015-08-28,605,8,2,6,5,Y,A,N,A,H,B,D,22,,12,D,,,,,C,Y,N,A,1,0,0,0,22450.0,2,36.51811011,-119.84538994,4
2015,2015-08-27,1754,8,2,17,4,N,A,Y,A,H,A,A,01,W,01,E,,,,,I,Y,N,D,1,0,0,0,23152.0,1,36.82184,-119.71765,3
2015,2015-08-31,915,8,2,9,1,N,A,Y,A,H,A,A,01,N,00,E,,,,,I,Y,N,D,1,0,0,0,22017.0,1,36.78851462,-120.73165698,3
2015,2015-08-26,1205,8,2,12,3,N,A,Y,A,H,A,C,02,S,08,F,,,Y,,A,Y,N,D,1,0,0,1,22107.0,1,,,2
2015,2015-08-28,2355,8,2,23,5,N,A,Y,A,H,D,-,99,E,03,C,,,,,C,Y,F,D,2,0,0,0,22350.0,2,,,4
2015,2015-08-25,540,8,2,5,2,N,A,Y,A,D,C,A,01,E,03,C,,,,,C,Y,N,A,5,0,0,0,22350.0,4,36.13692178,-120.28166029,4
2015,2015-08-27,1405,8,2,14,4,N,A,Y,A,H,A,A,01,S,08,E,,,,,I,Y,N,D,1,0,0,0,22107.0,1,36.62046356,-119.67749226,2
2015,2015-08-31,1109,8,2,11,1,N,A,Y,A,H,A,A,07,N,07,E,,,,,I,Y,N,D,2,0,0,0,21658.0,1,36.77532452,-119.84128902,2
2015,2015-08-26,2155,8,2,21,3,N,A,N,A,H,D,A,01,S,01,E,,,,,I,Y,N,D,1,0,0,0,23152.0,1,36.68060544,-119.53117,3
2015,2015-08-23,2230,8,2,22,7,N,A,Y,A,H,D,G,25,N,09,D,,,,Y,C,Y,N,D,1,0,0,0,21804.0,2,36.69119039,-120.06070644,3
2015,2015-08-30,915,8,2,9,7,Y,A,N,A,H,A,A,01,,09,A,,,Y,,C,Y,N,A,2,0,0,1,21801.0,2,36.82274002,-119.83537993,2
2015,2015-08-30,203,8,2,2,7,Y,A,N,A,H,D,A,01,,01,C,,,,,C,Y,N,A,1,0,0,0,23152.0,2,36.63413001,-119.55674992,3
2015,2015-08-22,555,8,2,5,6,N,A,Y,A,H,B,A,01,E,01,C,,,,,C,N,M,A,1,0,0,0,23152.0,2,,,3
2015,2015-08-23,2500,8,2,25,7,N,A,N,A,H,D,N,60,W,11,G,Y,,,,B,N,F,D,1,1,0,0,21954.0,2,37.06770644,-119.50563754,2
2015,2015-08-27,740,8,2,7,4,N,A,N,A,H,A,D,22,W,03,B,,,,,C,N,N,D,1,0,0,0,22350.0,4,36.70658,-119.85146523,4
2015,2015-08-28,1950,8,2,19,5,N,A,N,A,H,B,A,01,N,08,E,,,,,I,Y,N,D,2,0,0,0,22107.0,1,36.59675495,-119.41297433,4
2015,2015-08-28,1956,8,2,19,5,N,A,Y,A,H,B,A,01,,03,E,,,,,I,Y,N,D,1,0,0,0,22350.0,1,37.04018638,-119.41004385,2
2015,2015-08-29,1135,8,2,11,6,N,A,Y,A,H,A,C,02,W,03,E,,,Y,,I,N,N,D,1,0,0,1,22350.0,1,37.01501154,-119.52561986,2
2015,2015-08-31,800,8,2,8,1,N,A,Y,A,H,A,A,01,W,03,C,,,,,C,Y,N,D,2,0,0,0,22350.0,5,36.78684,-119.74889,3
2015,2015-08-31,930,8,2,9,1,Y,A,N,A,H,A,A,07,,09,D,,,,,C,Y,N,A,2,0,0,0,21802.0,2,36.72114009,-119.84445996,4
2015,2015-08-31,1605,8,2,16,1,Y,A,N,A,H,A,A,07,,09,D,,,,,C,Y,N,A,2,0,0,0,21802.0,2,36.73591005,-119.70238989,4
2015,2015-09-01,1507,9,3,15,2,N,A,Y,A,H,A,A,01,S,03,C,,,,,C,Y,N,D,2,0,0,0,22350.0,3,36.79929636,-119.78515991,4
2015,2015-09-01,1920,9,3,19,2,N,A,N,A,E,B,D,22,S,08,E,,,,,I,Y,N,D,2,0,0,0,22107.0,1,36.71547511,-119.22262794,4
2015,2015-08-18,544,8,2,5,2,Y,A,N,A,H,B,A,01,,12,D,,,,,C,Y,N,A,2,0,0,0,22450.0,2,36.51829002,-119.79108996,3
2015,2015-09-03,1700,9,3,17,4,N,A,Y,A,H,A,D,22,W,03,C,,,,,C,Y,N,D,2,0,0,0,22350.0,3,36.748801,-119.80026519,4
2015,2015-09-03,1555,9,3,15,4,Y,A,N,A,H,A,A,07,,09,A,,,,,C,Y,N,D,2,0,0,0,21801.0,2,36.83738002,-119.6209899,4
2015,2015-09-04,1555,9,3,15,5,N,A,Y,A,H,A,A,08,S,03,C,,,,,C,Y,N,D,2,0,0,0,22350.0,3,36.79128302,-119.78429046,4
2015,2015-09-02,405,9,3,4,3,N,A,Y,A,H,D,D,22,N,08,E,,,,,I,Y,N,D,2,0,0,0,22107.0,1,36.67484172,-119.7374058,4
2015,2015-09-03,1728,9,3,17,4,N,A,Y,A,H,A,A,07,N,03,C,,,,,C,Y,N,D,1,0,0,0,22350.0,3,36.79471544,-119.78513739,4
2015,2015-08-23,413,8,2,4,7,N,A,Y,A,H,D,A,01,N,01,E,,,,,I,Y,N,D,1,0,0,0,23152.0,1,36.68053246,-119.74437616,4
2015,2015-09-03,1000,9,3,10,4,N,A,N,A,H,A,A,01,E,08,E,,,,,I,Y,N,A,1,0,0,0,22107.0,1,36.80856091,-119.7993476,4
2015,2015-09-04,705,9,3,7,5,N,A,Y,A,H,A,A,01,W,03,C,,,,,C,N,N,D,1,0,0,0,22350.0,2,36.75600655,-119.16626736,4
2015,2015-09-03,2036,9,3,20,4,N,A,N,A,H,D,A,01,N,03,E,,,,,I,Y,N,D,5,0,0,0,22350.0,1,36.40570261,-119.75159185,4
2015,2015-09-02,1446,9,3,14,3,N,A,Y,A,H,A,A,08,S,03,C,,,,,C,N,N,D,2,0,0,0,22350.0,2,36.76229027,-119.77534198,4
2015,2015-09-04,1800,9,3,18,5,N,A,Y,A,H,A,A,01,N,03,C,,,,,C,N,N,D,1,0,0,0,22350.0,2,36.70092097,-119.76837862,4
2015,2015-09-05,1535,9,3,15,6,N,A,N,A,H,A,C,02,W,08,F,,,Y,,A,N,N,D,1,0,0,1,22107.0,1,36.98128114,-119.39574354,3
2015,2015-08-30,1819,8,2,18,7,Y,A,N,A,H,A,C,02,,01,F,,,Y,,A,N,N,D,1,0,0,1,23152.0,1,36.82866008,-119.82115997,2
2015,2015-08-17,535,8,2,5,1,N,A,N,A,H,B,D,22,S,03,A,,,,,C,Y,N,A,2,0,0,0,22350.0,2,36.76390488,-119.51087189,3
2015,2015-09-04,650,9,3,6,5,N,A,N,A,H,A,E,22,N,03,D,,,,,C,Y,N,D,1,0,0,0,22350.0,2,36.53353892,-119.68285,4
2015,2015-09-06,1355,9,3,13,7,N,A,Y,A,H,A,A,01,E,05,A,,,,,C,Y,N,D,3,0,0,0,21650.0,2,36.90854264,-119.51830282,2
2015,2015-09-02,1513,9,3,15,3,N,A,Y,A,H,A,D,22,S,03,C,,,,,C,N,N,D,1,0,0,0,22350.0,2,36.85484672,-119.7889719,4
2015,2015-09-06,500,9,3,5,7,N,A,Y,A,H,D,A,01,N,08,E,,,,,I,Y,N,D,1,0,0,0,22107.0,1,36.68909589,-119.75504551,4
2015,2015-09-07,2008,9,3,20,1,Y,A,N,A,H,D,D,22,,09,D,,,,,C,Y,N,A,2,0,0,0,21802.0,2,36.70754001,-119.66405995,4
2015,2015-09-05,1830,9,3,18,6,Y,A,N,A,H,A,A,01,,12,D,,,,,C,N,N,A,1,0,0,0,22450.0,2,36.77189005,-119.85331988,4
2015,2015-09-04,1404,9,3,14,5,N,A,Y,A,D,A,D,22,N,08,F,,,,,A,Y,N,A,1,0,0,0,22107.0,1,36.68951461,-120.66097701,4
2015,2015-09-04,2234,9,3,22,5,N,A,N,A,H,D,A,01,S,01,E,,,,,I,Y,N,D,1,0,0,0,23152.0,2,36.80792387,-119.51969955,3
2015,2015-09-04,1725,9,3,17,5,Y,A,N,A,H,A,D,22,,09,D,,,,,C,Y,N,A,1,0,0,0,21802.0,3,36.83321001,-119.80825992,4
2015,2015-09-01,1452,9,3,14,2,N,A,Y,A,H,A,A,01,S,01,F,,,,,A,Y,N,D,1,0,0,0,23152.0,1,36.74035331,-119.81293297,3
2015,2015-09-02,1955,9,3,19,3,N,A,N,A,H,C,A,01,E,01,C,,,,,C,Y,N,D,1,0,0,0,23152.0,3,36.54701415,-119.59796,4
2015,2015-09-08,1801,9,3,18,2,Y,A,N,A,H,A,A,07,,12,D,,,,,C,Y,N,A,3,0,0,0,22450.0,2,36.69210005,-119.84453998,4
2015,2015-09-08,1650,9,3,16,2,N,A,Y,A,H,A,A,01,W,07,B,,,,,C,N,N,D,1,0,0,0,21658.0,2,36.75352949,-119.72847803,4
2015,2015-09-08,1720,9,3,17,2,N,A,N,A,H,A,A,01,W,08,E,,,,,I,Y,N,D,1,0,0,0,22107.0,1,36.81555516,-119.81925038,4
2015,2015-08-30,1438,8,2,14,7,Y,A,N,A,H,A,A,07,,12,D,,,,,C,Y,N,A,4,0,0,0,22450.0,2,36.74961003,-119.96989996,2
2015,2015-08-31,759,8,2,7,1,N,A,Y,A,H,A,A,01,S,03,C,,,,,C,Y,N,A,4,0,0,0,22350.0,4,36.79314,-119.7853,3
2015,2015-08-18,640,8,2,6,2,N,F,Y,A,H,A,A,07,W,07,B,,,,,C,Y,N,D,2,0,0,0,21658.0,2,36.74082166,-119.66569941,3
2015,2015-09-12,1733,9,3,17,6,N,A,N,A,H,A,C,02,N,08,E,,,Y,,I,Y,N,D,1,0,0,1,22107.0,1,36.92684834,-119.7073321,4
2015,2015-08-22,748,8,2,7,6,N,A,Y,A,H,A,A,01,S,03,F,,,,,A,Y,N,D,1,0,0,0,22350.0,1,36.29389,-120.26803,4
2015,2015-08-25,2230,8,2,22,2,N,A,Y,A,H,D,D,22,N,01,B,,,,Y,C,Y,N,D,1,0,0,0,23152.0,2,36.37686998,-120.10325229,2