ACCIDENT_YEAR,COLLISION_DATE,COLLISION_TIME,MONTH,SEASON,24HOURS,DAY_OF_WEEK,INTERSECTION,WEATHER_1,STATE_HWY_IND,ROAD_SURFACE,ROAD_COND_1,LIGHTING,STWD_VEHTYPE_AT_FAULT,CHP_VEHTYPE_AT_FAULT,DIRECTION,PCF_VIOL_CATEGORY,TYPE_OF_COLLISION,PEDESTRIAN_ACCIDENT,BICYCLE_ACCIDENT,MOTORCYCLE_ACCIDENT,TRUCK_ACCIDENT,MVIW,TOW_AWAY,HIT_AND_RUN,CONTROL_DEVICE,NUMBER_INJURED,COUNT_PED_INJURED,COUNT_BICYCLIST_INJURED,COUNT_MC_INJURED,PCF_VIOLATION,PARTY_COUNT,POINT_Y,POINT_X,COLLISION_SEVERITY
2016,2016-12-01,2110,12,4,21,4,Y,A,Y,A,H,C,D,22,,09,D,,,,,C,Y,N,A,1,0,0,0,21801.0,2,36.73616935,-119.57403993,3
2016,2016-12-01,1725,12,4,17,4,N,A,N,A,H,D,D,22,N,03,C,,,,,C,Y,N,D,1,0,0,0,22350.0,2,36.77501745,-119.74535,4
2016,2016-12-01,2118,12,4,21,4,Y,A,N,A,H,D,A,01,,09,D,,,,,C,Y,N,A,2,0,0,0,21802.0,2,36.71485001,-119.67305997,3
2016,2016-12-02,1037,12,4,10,5,N,B,N,A,H,A,A,07,S,03,C,,,,,C,Y,N,A,1,0,0,0,22350.0,2,36.56870255,-119.57503019,4
2016,2016-12-02,1721,12,4,17,5,N,A,N,A,H,D,A,01,W,03,C,,,,,C,Y,N,D,1,0,0,0,22350.0,2,36.794,-119.7999013,4
2016,2016-12-02,1745,12,4,17,5,N,B,Y,A,H,C,A,01,E,03,C,,,,,C,Y,N,D,1,0,0,0,22350.0,3,36.76391,-119.74909,4
2019,2019-11-21,1935,11,3,19,4,Y,A,N,A,H,C,A,01,,03,G,Y,,,,B,N,N,B,1,1,0,0,22350.0,2,36.59637069702149,-119.4508819580078,4
2016,2016-12-02,1250,12,4,12,5,N,A,Y,A,H,A,A,01,E,07,B,,,,,C,Y,N,D,1,0,0,0,21658.0,2,36.79465156,-119.74663347,4
2016,2016-12-02,1115,12,4,11,5,N,A,N,A,H,A,A,08,E,21,D,,,,,C,Y,M,D,1,0,0,0,22106.0,2,36.60521547,-119.80723684,3
2016,2016-11-23,1925,11,3,19,3,N,A,Y,A,H,D,D,22,N,07,B,,,,Y,C,Y,N,D,3,0,0,0,21658.0,2,36.8382634,-120.76586701,3
2016,2016-12-02,1715,12,4,17,5,N,A,Y,A,H,B,A,01,E,07,B,,,,,C,Y,N,D,1,0,0,0,21658.0,2,36.75359565,-119.78082944,2
2016,2016-12-02,1810,12,4,18,5,N,A,Y,A,H,D,A,01,W,03,C,,,,,C,N,N,D,1,0,0,0,22350.0,2,36.74716045,-119.80336494,4
2016,2016-12-03,230,12,4,2,6,N,A,N,A,H,D,A,01,S,08,E,,,,,I,Y,N,D,1,0,0,0,22107.0,1,36.65421295,-119.45756647,4
2016,2016-12-12,100,12,4,1,1,N,A,Y,A,H,D,-,- ,N,18,E,,,,,H,Y,N,D,1,0,0,0,,1,36.89201522,-120.50572211,4
2016,2016-12-03,1555,12,4,15,6,N,B,Y,A,H,A,A,01,N,07,B,,,,,C,Y,N,D,1,0,0,0,21658.0,2,36.75042034,-119.82494894,4
2016,2016-12-04,755,12,4,7,7,N,A,Y,A,H,A,A,07,E,07,B,,,,,C,Y,N,A,1,0,0,0,21658.0,3,36.74184869,-119.8133163,4
2016,2016-12-05,1635,12,4,16,1,Y,A,N,A,H,B,A,08,,09,D,,,,Y,C,Y,N,D,2,0,0,0,21802.0,2,36.69245004,-119.74564994,4
2016,2016-12-05,1720,12,4,17,1,N,A,Y,A,H,D,A,07,E,03,C,,,,,C,Y,N,D,2,0,0,0,22350.0,3,36.75358477,-119.78091321,4
2016,2016-12-05,1440,12,4,14,1,N,B,Y,A,H,A,D,22,S,03,C,,,,,C,N,N,A,1,0,0,0,22350.0,2,36.80791,-119.78482,4
2016,2016-12-05,1719,12,4,17,1,N,B,Y,A,H,C,A,01,W,03,C,,,,,C,Y,N,D,1,0,0,0,22350.0,2,36.75362327,-119.78061653,4
2016,2016-12-05,845,12,4,8,1,N,B,N,A,H,A,A,01,N,12,D,,,,,C,Y,N,A,1,0,0,0,22450.0,2,36.64144976,-119.70006116,4
2016,2016-11-30,1435,11,3,14,3,N,A,N,A,H,A,D,22,S,03,C,,,,,C,Y,N,A,1,0,0,0,22350.0,3,36.87924428,-119.72997759,3
2016,2016-12-07,1205,12,4,12,3,Y,A,N,A,H,A,A,01,,03,C,,,,,C,Y,N,D,1,0,0,0,22350.0,2,36.72798011,-119.88065999,4
2016,2016-12-07,740,12,4,7,3,N,B,N,A,H,A,D,22,S,03,C,,,,,C,Y,N,A,1,0,0,0,22350.0,2,36.56157884,-119.68242136,3
2016,2016-12-07,1428,12,4,14,3,N,A,N,A,H,A,-,99,W,06,A,,,,,C,Y,M,D,3,0,0,0,21751.0,3,36.60396959,-119.40034132,4
2016,2016-12-07,830,12,4,8,3,N,E,Y,A,H,A,A,01,S,03,C,,,,,C,Y,N,D,1,0,0,0,22350.0,3,36.78621976,-119.7842264,4
2016,2016-12-07,605,12,4,6,3,N,E,Y,A,H,D,-,- ,E,18,E,,,,,I,Y,N,D,1,0,0,0,,1,,,4
2016,2016-12-06,747,12,4,7,2,Y,B,N,A,H,A,O,05,,06,D,,,Y,Y,G,N,N,D,1,0,0,1,21755.0,2,36.79304003,-119.79954992,2
2016,2016-12-06,1725,12,4,17,2,N,A,Y,A,H,D,A,07,N,03,C,,,,,C,Y,N,D,1,0,0,0,22350.0,3,36.61646219,-119.67344328,4
2019,2019-11-04,1425,11,3,14,1,Y,A,Y,-,A,A,A,01,,09,B,,,,,C,N,N,A,1,0,0,0,21802.0,2,36.13766479492188,-120.36226654052734,4
2019,2019-11-19,1616,11,3,16,2,Y,A,Y,A,H,A,A,01,,09,D,,,,,C,Y,N,A,2,0,0,0,21802.0,2,36.15680313110352,-120.35449981689452,2
2019,2019-11-02,1100,11,3,11,6,Y,A,N,A,H,A,A,01,,12,D,,,,,D,N,N,A,1,0,0,0,21453.0,2,36.59709167480469,-119.44985198974608,4
2016,2016-12-07,730,12,4,7,3,N,E,N,B,H,B,A,01,W,03,C,,,,Y,C,Y,N,D,1,0,0,0,22350.0,2,36.5468405,-119.54831974,3
2016,2016-12-08,1225,12,4,12,4,Y,B,N,B,H,A,D,22,,09,D,,,,,C,Y,N,A,1,0,0,0,21802.0,2,36.56873005,-119.57502997,3
2016,2016-12-07,2045,12,4,20,3,Y,B,N,A,H,D,D,22,,09,D,,,,,C,Y,N,D,1,0,0,0,21802.0,2,36.56138008,-119.55652985,3
2016,2016-12-06,450,12,4,4,2,N,E,Y,A,H,D,A,01,S,08,F,,,,,A,Y,N,D,1,0,0,0,22107.0,1,36.42965,-120.10307,3
2016,2016-12-10,1220,12,4,12,6,Y,B,N,A,H,A,A,01,,08,E,,,,,I,Y,N,D,4,0,0,0,22107.0,1,36.8219101,-120.62027986,3
2016,2016-11-30,1731,11,3,17,3,N,A,Y,A,H,D,A,07,S,03,C,,,,,C,N,N,D,1,0,0,0,22350.0,2,36.74091357,-119.77749996,4
2016,2016-11-25,1552,11,3,15,5,N,A,Y,A,H,A,C,02,S,08,F,,,Y,,A,Y,N,D,1,0,0,1,22107.0,1,36.45726959,-120.39318883,3
2016,2016-11-19,1705,11,3,17,6,N,B,N,A,H,D,N,60,W,11,G,Y,,,,B,Y,N,D,0,0,0,0,21954.0,2,36.83724472,-119.58202365,1
2016,2016-12-09,1139,12,4,11,5,N,A,Y,A,H,A,A,01,S,03,C,,,,,C,N,N,D,1,0,0,0,22350.0,2,36.80069006,-119.78514512,4
2016,2016-12-06,2112,12,4,21,2,N,A,Y,A,H,C,A,01,S,08,E,,,,,I,Y,N,D,1,0,0,0,22107.0,1,36.7531,-119.77535,4
2016,2016-12-06,452,12,4,4,2,Y,E,N,A,H,C,A,01,,03,D,,,,Y,C,Y,N,D,1,0,0,0,22350.0,3,36.70754001,-119.66405995,2
2016,2016-12-07,1555,12,4,15,3,N,A,Y,A,H,A,A,07,S,03,C,,,,,C,Y,N,A,3,0,0,0,22350.0,2,36.76457,-119.83336,4
2016,2016-12-07,940,12,4,9,3,N,E,N,A,H,A,G,25,E,09,B,,,,Y,C,Y,N,A,1,0,0,0,21804.0,2,36.67000912,-119.51117032,3
2016,2016-11-20,1800,11,3,18,7,N,B,N,B,H,C,D,22,N,03,C,,Y,,,G,N,F,D,0,0,0,0,22350.0,2,36.79426396,-120.02453124,1
2016,2016-11-20,1840,11,3,18,7,N,B,Y,B,H,D,A,01,N,08,E,,,,,I,Y,N,D,2,0,0,0,22107.0,2,36.7196138,-119.78660369,1
2016,2016-12-08,1606,12,4,16,4,N,B,Y,B,H,A,A,01,N,08,E,,,,,I,Y,N,D,1,0,0,0,22107.0,2,36.6423757,-119.70155869,4
2016,2016-12-06,1329,12,4,13,2,N,B,N,A,H,A,A,01,S,08,E,,,,,J,Y,N,D,4,0,0,0,22107.0,1,36.691691,-119.80882038,3
2016,2016-12-12,810,12,4,8,1,Y,B,N,A,H,A,D,22,,12,D,,,,,C,Y,N,A,2,0,0,0,22450.0,2,36.69212,-119.61038988,3
2016,2016-12-13,1145,12,4,11,2,N,A,Y,A,H,A,A,01,S,03,C,,,,,C,N,N,D,2,0,0,0,22350.0,2,36.80393017,-119.7851159,4
2016,2016-12-08,1240,12,4,12,4,N,C,Y,B,H,A,A,01,S,03,C,,,,,C,Y,N,D,1,0,0,0,22350.0,3,36.82006965,-119.78517044,4
2016,2016-12-08,550,12,4,5,4,N,B,Y,B,H,B,A,07,,01,C,,,,Y,C,Y,N,D,1,0,0,0,23152.0,2,,,3
2016,2016-12-08,0,12,4,0,4,N,B,Y,B,H,D,A,01,S,03,C,,,,,C,N,N,D,1,0,0,0,22350.0,2,36.80673956,-119.78542571,4
2016,2016-12-08,1535,12,4,15,4,N,B,Y,B,H,A,A,07,W,03,E,,,,,I,Y,N,D,1,0,0,0,22350.0,1,36.75316,-119.70209,3
2016,2016-11-12,1123,11,3,11,6,N,A,Y,A,H,A,C,02,E,03,F,,,Y,,A,Y,N,D,1,0,0,1,22350.0,2,36.09768826,-120.46116838,4
2016,2016-12-08,1815,12,4,18,4,N,A,N,A,H,C,A,01,N,03,C,,,,,C,N,N,A,1,0,0,0,22350.0,3,36.73646008,-119.70018366,4
2016,2016-05-07,2055,5,1,20,6,N,B,Y,A,H,D,A,01,N,08,H,,,,,A,Y,N,D,1,0,0,0,22107.0,1,36.39304001,-120.10321202,1
2016,2016-12-08,1300,12,4,13,4,N,C,N,B,H,A,A,01,E,03,F,,,,,A,Y,N,D,2,0,0,0,22350.0,1,36.77871007,-119.96734985,3
2016,2016-12-09,1220,12,4,12,5,N,B,Y,A,H,A,A,08,S,03,C,,,,,C,N,N,D,1,0,0,0,22350.0,2,36.76094346,-119.77526873,4
2016,2016-12-09,1700,12,4,17,5,Y,A,N,A,H,D,D,22,,03,E,,,,,I,Y,N,D,3,0,0,0,22350.0,1,36.61924003,-119.51135992,2
2016,2016-12-09,1625,12,4,16,5,Y,A,N,A,H,A,D,22,,09,D,,,,,C,Y,N,D,3,0,0,0,21802.0,2,36.64838005,-119.88053992,3
2016,2016-12-11,2137,12,4,21,7,N,A,N,A,H,D,-,- ,N,18,E,,,,,H,Y,N,D,1,0,0,0,,1,36.65733219,-119.57453919,4
2016,2016-12-10,1318,12,4,13,6,N,B,N,A,H,A,A,08,W,03,C,,,,,C,Y,N,D,6,0,0,0,22350.0,2,36.1377832,-120.15277813,3
2016,2016-12-09,754,12,4,7,5,Y,B,Y,A,H,A,A,01,,09,B,,,,,C,Y,N,A,3,0,0,0,21802.0,2,36.76461001,-119.85328995,4
2016,2016-12-09,430,12,4,4,5,N,B,N,A,H,D,A,01,W,01,E,,,,,J,Y,N,D,1,0,0,0,23152.0,1,36.64836014,-119.88413743,4
2016,2016-12-09,1750,12,4,17,5,N,B,N,A,H,D,A,07,W,01,B,,,,,C,Y,N,D,1,0,0,0,23152.0,2,36.76466065,-119.84748342,3
2016,2016-12-09,1705,12,4,17,5,N,A,N,A,H,D,F,26,S,09,F,,,,Y,A,Y,N,A,1,0,0,0,21802.0,2,36.66314625,-119.71832625,4
2016,2016-12-02,1650,12,4,16,5,N,A,N,A,H,A,A,01,N,03,C,,,,,C,N,F,A,1,0,0,0,22350.0,2,36.80869722,-119.79944677,4
2016,2016-12-10,800,12,4,8,6,N,B,N,B,H,A,A,07,E,03,F,,,,,A,Y,N,D,1,0,0,0,22350.0,1,36.96220115,-119.44955969,3
2016,2016-12-11,1725,12,4,17,7,N,A,Y,A,H,D,A,01,E,01,B,,,,,C,Y,N,D,5,0,0,0,23152.0,3,36.73322404,-119.49316056,2
2016,2016-12-11,1750,12,4,17,7,N,A,Y,A,H,D,A,01,S,03,C,,,,,C,Y,N,D,1,0,0,0,22350.0,2,36.62962944,-120.61503464,4
2016,2016-12-12,1339,12,4,13,1,N,A,Y,A,H,A,A,01,S,07,B,,,,,C,Y,N,D,1,0,0,0,21658.0,2,36.74840644,-119.77644797,3
2016,2016-12-04,150,12,4,1,7,N,A,Y,A,H,D,A,01,E,01,E,,,,,I,Y,N,D,1,0,0,0,23152.0,1,36.73460158,-120.19925001,3
2016,2016-12-13,1730,12,4,17,2,N,A,Y,A,H,D,A,01,S,03,C,,,,,C,Y,N,D,1,0,0,0,22350.0,3,36.71646,-119.78309,4
2016,2016-12-15,1930,12,4,19,4,N,C,N,B,H,C,A,01,W,03,E,,,,,I,Y,N,D,1,0,0,0,22350.0,1,36.82273,-119.84178096,4
2016,2016-12-13,1555,12,4,15,2,N,A,N,A,H,A,A,01,N,08,E,,,,,I,Y,N,D,2,0,0,0,22107.0,1,37.0349166,-119.52435042,4
2016,2016-12-13,2124,12,4,21,2,N,A,Y,A,H,D,A,01,E,03,C,,,,,C,N,N,D,1,0,0,0,22350.0,2,36.73857468,-119.66235989,4
2016,2016-12-14,1945,12,4,19,3,N,A,N,A,H,D,A,01,N,01,B,,,,,C,Y,N,D,3,0,0,0,23152.0,3,36.67940144,-119.17998632,3
2016,2016-12-14,1428,12,4,14,3,Y,B,N,A,H,A,A,07,,05,D,,,,,C,Y,N,D,2,0,0,0,21752.0,2,36.60530007,-119.77288988,4
2016,2016-12-10,1150,12,4,11,6,Y,A,N,A,H,A,A,01,,09,D,,,,,C,Y,N,A,1,0,0,0,21802.0,2,36.14910008,-120.36556996,4
2016,2016-11-13,131,11,3,1,7,N,A,Y,A,H,C,N,60,N,11,G,Y,,,,B,Y,N,D,0,0,0,0,21954.0,2,36.75050355,-119.77596918,1
2016,2016-11-08,2110,11,3,21,2,Y,A,N,A,H,D,D,22,,12,D,,,,,C,Y,N,A,2,0,0,0,22450.0,2,36.76409005,-120.02436997,1
2016,2016-12-14,810,12,4,8,3,N,A,Y,A,H,A,D,22,N,03,C,,,,,C,N,N,D,1,0,0,0,22350.0,3,36.75218,-119.77656,4
2016,2016-12-14,1210,12,4,12,3,N,A,Y,A,H,A,A,07,S,07,B,,,,,C,Y,N,D,2,0,0,0,21658.0,2,36.7930565,-119.7004581,4
2016,2016-12-15,1740,12,4,17,4,N,C,N,B,H,D,A,01,N,03,C,,,,,C,Y,N,D,2,0,0,0,22350.0,4,36.57785794,-119.39506,4
2016,2016-12-15,1410,12,4,14,4,Y,C,N,B,H,A,A,01,,09,D,,,,,C,Y,N,A,1,0,0,0,21802.0,2,36.77499006,-119.74534994,4
2016,2016-12-15,2045,12,4,20,4,N,C,N,B,H,C,A,07,N,03,E,,,,,I,Y,N,A,1,0,0,0,22350.0,1,36.75337752,-119.68236454,4
2016,2016-12-19,110,12,4,1,1,N,A,Y,A,H,D,A,01,S,08,H,,,,,A,N,N,D,1,0,0,0,22107.0,1,36.41099112,-120.37177598,4
2016,2016-12-02,1243,12,4,12,5,Y,A,N,A,H,A,E,22,,12,D,,,,Y,C,Y,N,A,6,0,0,0,22450.0,2,36.76476003,-119.64598991,3
2016,2016-12-14,620,12,4,6,3,N,A,N,A,H,B,D,22,E,03,C,,,,,C,Y,N,D,1,0,0,0,22350.0,2,36.7066544,-119.83729977,4
2016,2016-12-15,600,12,4,6,4,N,B,N,A,H,D,C,02,N,08,F,,,Y,,A,Y,N,D,1,0,0,1,22107.0,1,36.95606101,-119.7262621,4
2016,2016-12-16,1350,12,4,13,5,N,A,N,A,H,A,A,07,E,09,D,,,,,C,Y,N,D,1,0,0,0,21804.0,2,36.69228643,-119.79044924,4
2016,2016-12-16,1627,12,4,16,5,N,A,N,A,H,B,A,07,E,03,C,,,,,C,Y,N,D,5,0,0,0,22350.0,2,36.7644001,-119.90720588,3
2016,2016-12-16,1727,12,4,17,5,N,A,Y,A,H,D,G,25,N,08,E,,,,Y,I,Y,N,D,1,0,0,0,22107.0,1,36.74098682,-119.8153242,4
2016,2016-12-17,1509,12,4,15,6,N,A,Y,A,H,A,A,01,S,03,C,,,,,C,N,N,D,1,0,0,0,22350.0,4,36.79835009,-119.78515044,4
2016,2016-12-16,1730,12,4,17,5,Y,A,N,A,H,C,A,07,,09,A,,,,,C,Y,N,A,3,0,0,0,21801.0,3,36.77956,-119.73638999,4
2016,2016-11-17,1457,11,3,14,4,N,A,Y,A,H,A,A,01,N,03,E,,,,,I,Y,N,A,0,0,0,0,22350.0,1,,,1
2016,2016-12-15,2235,12,4,22,4,N,B,Y,B,H,D,A,01,S,03,F,,,,,A,Y,N,D,1,0,0,0,22350.0,1,36.52906943,-119.57506935,4
2016,2016-12-10,2125,12,4,21,6,Y,B,N,B,H,D,A,07,,01,D,,,,,C,Y,N,A,3,0,0,0,23152.0,2,36.76461001,-119.85328995,4
2016,2016-12-17,1730,12,4,17,6,Y,A,N,A,H,C,-,- ,,00,D,,,,,C,N,N,A,1,0,0,0,,2,36.8085601,-119.79944992,4
2016,2016-12-18,1359,12,4,13,7,N,A,Y,A,H,A,A,01,S,03,C,,,,,C,Y,N,D,2,0,0,0,22350.0,3,36.80305048,-119.78512524,4
2016,2016-12-19,2135,12,4,21,1,N,A,Y,A,H,C,-,99,N,09,F,,,,,A,Y,N,D,1,0,0,0,21804.0,2,36.07174359,-120.10285531,3
2016,2016-12-15,655,12,4,6,4,N,C,Y,B,H,C,D,22,S,03,F,,,,,I,Y,N,A,1,0,0,0,22350.0,1,,,3
2016,2016-12-17,1535,12,4,15,6,Y,A,N,A,H,A,A,01,,09,D,,,Y,,C,Y,N,A,2,0,0,2,21802.0,2,36.61959003,-119.55686998,2
2016,2016-12-17,540,12,4,5,6,N,A,Y,B,H,D,A,01,W,08,B,,,,,C,Y,N,D,1,0,0,0,22107.0,2,36.80505179,-119.73649332,2
2016,2016-12-18,935,12,4,9,7,N,A,Y,C,H,A,D,22,E,03,F,,,,,A,Y,N,D,2,0,0,0,22350.0,1,37.15751822,-119.22200573,4
2016,2016-12-18,1315,12,4,13,7,N,B,Y,A,H,A,A,01,S,03,C,,,,,C,Y,N,D,2,0,0,0,22350.0,2,36.80057024,-119.78514539,4
2016,2016-12-18,1610,12,4,16,7,N,A,Y,A,H,A,C,02,W,03,F,,,Y,,A,Y,N,D,1,0,0,1,22350.0,1,37.00909049,-119.52877957,3
2016,2016-12-19,1654,12,4,16,1,Y,A,N,A,H,B,D,22,,09,D,,,,,C,Y,N,D,1,0,0,0,21801.0,3,36.15167006,-120.28323994,4
2016,2016-12-26,1545,12,4,15,1,N,A,Y,A,H,A,A,01,S,03,C,,,,,C,Y,N,D,2,0,0,0,22350.0,3,36.19765812,-120.20808123,4
2016,2016-12-08,1217,12,4,12,4,N,B,Y,B,H,A,A,01,S,03,C,,,,,C,Y,N,D,1,0,0,0,22350.0,3,36.82201,-119.78757,3
2016,2016-12-19,555,12,4,5,1,N,E,N,A,H,D,-,- ,E,18,E,,,,,H,Y,N,D,1,0,0,0,,2,36.67793056,-119.64451592,4
2016,2016-12-20,1730,12,4,17,2,N,B,N,A,H,D,A,01,S,03,C,,,,,C,N,N,D,1,0,0,0,22350.0,2,36.72575558,-119.55635041,4
2016,2016-12-20,542,12,4,5,2,N,E,N,B,H,D,A,08,E,08,D,,,,,C,Y,N,D,1,0,0,0,22107.0,2,36.54679538,-119.51390185,4
2016,2016-12-20,1155,12,4,11,2,Y,A,N,A,H,A,A,01,,12,D,,,,,C,Y,N,A,2,0,0,0,21453.0,2,36.77956,-119.73638999,4
2016,2016-12-20,752,12,4,7,2,N,A,Y,A,H,A,A,07,S,03,C,,,,,C,Y,N,A,2,0,0,0,22350.0,2,36.82172,-119.78573,4
2016,2016-12-20,1715,12,4,17,2,N,A,N,A,H,D,A,07,N,03,C,,,,,C,N,F,D,2,0,0,0,22350.0,2,36.61763372,-119.34050961,4
2016,2016-12-21,1140,12,4,11,3,N,A,Y,A,H,A,A,01,S,03,C,,,,,C,Y,N,D,2,0,0,0,22350.0,3,36.76129,-119.77523,2
2016,2016-12-21,1530,12,4,15,3,N,A,Y,A,H,A,A,01,S,03,C,,,,,C,Y,N,D,1,0,0,0,22350.0,2,36.76411938,-119.83371668,4
2016,2016-12-21,1945,12,4,19,3,N,A,Y,A,H,D,A,08,W,01,E,,,,,I,Y,N,D,1,0,0,0,23152.0,1,36.73440096,-120.27428007,4
2016,2016-12-22,818,12,4,8,4,Y,E,N,A,H,A,F,26,,09,D,,,,Y,C,Y,N,A,1,0,0,0,21802.0,2,36.50369003,-119.68299992,4
2016,2016-12-25,2205,12,4,22,7,N,A,Y,A,H,D,A,01,N,01,E,,,,,I,Y,N,D,1,0,0,0,23152.0,1,,,4
2016,2016-12-14,1025,12,4,10,3,N,B,N,A,H,A,A,01,W,06,D,,,,,C,Y,N,D,1,0,0,0,21750.0,2,36.98505989,-119.67722762,4
2016,2016-12-16,1420,12,4,14,5,N,A,Y,A,H,A,A,01,N,08,F,,,,,A,Y,N,D,1,0,0,0,22107.0,1,36.40812136,-120.12974472,3
2016,2016-12-22,1340,12,4,13,4,N,A,Y,A,H,A,A,01,S,03,C,,,,,C,N,N,D,1,0,0,0,22350.0,2,36.77932,-119.78339,4
2016,2016-12-22,1853,12,4,18,4,N,B,Y,A,H,D,A,01,N,03,C,,,,,C,Y,N,D,1,0,0,0,22350.0,2,36.79938038,-119.7851481,4
2016,2016-12-16,1135,12,4,11,5,N,B,Y,A,H,A,A,07,E,03,C,,,,,C,N,N,A,2,0,0,0,22350.0,2,36.84183,-119.6831,3
2016,2016-12-27,1650,12,4,16,2,N,A,N,A,H,B,A,01,E,09,C,,,,,C,Y,N,A,1,0,0,0,21802.0,2,36.5467901,-119.52126258,4
2016,2016-12-22,1540,12,4,15,4,Y,B,N,A,H,A,D,22,,03,D,,,,,C,Y,N,A,1,0,0,0,22350.0,2,36.8810401,-119.68395992,3
2016,2016-12-22,1333,12,4,13,4,N,A,Y,A,H,A,A,07,N,08,F,,,,,A,Y,N,D,4,0,0,0,22107.0,1,36.69509496,-120.66527053,3
2016,2016-12-26,300,12,4,3,1,N,A,Y,A,H,D,A,01,S,08,F,,,,,A,Y,N,D,1,0,0,0,22107.0,1,36.95094601,-120.62615375,3
2016,2016-12-21,1335,12,4,13,3,Y,B,Y,A,H,A,A,07,,03,C,,,,,C,Y,N,D,1,0,0,0,22350.0,2,36.86774343,-119.56488918,4
2016,2016-12-22,1900,12,4,19,4,N,A,Y,A,H,C,A,01,N,08,F,,,,,J,Y,N,D,2,0,0,0,22107.0,1,36.80899556,-119.73350899,2
2016,2016-12-23,1940,12,4,19,5,N,B,Y,B,H,D,A,08,W,09,D,,,,,C,N,N,A,3,0,0,0,21802.0,2,36.25426178,-120.24997955,4
2016,2016-12-15,1450,12,4,14,4,N,C,Y,B,H,A,A,01,S,03,C,,,,,C,Y,N,D,1,0,0,0,22350.0,2,36.81548019,-119.7854949,4
2016,2016-12-22,1405,12,4,14,4,N,A,Y,A,H,A,A,01,S,03,C,,,,,C,Y,N,D,1,0,0,0,22350.0,2,36.79331557,-119.78460253,2
2016,2016-12-22,2155,12,4,21,4,N,B,N,A,H,D,A,07,N,01,E,,,,,J,Y,N,D,1,0,0,0,23152.0,1,37.06850841,-119.49010564,3
2016,2016-12-23,1335,12,4,13,5,N,C,Y,B,H,A,A,01,N,03,C,,,,,C,Y,N,D,1,0,0,0,22350.0,2,36.75159359,-119.8261083,4
2016,2016-12-23,1900,12,4,19,5,Y,C,N,B,H,D,D,22,,03,C,,,,,C,Y,N,D,2,0,0,0,22350.0,2,36.62718007,-119.70016989,4
2016,2016-12-23,1705,12,4,17,5,N,C,Y,B,H,C,A,01,N,03,C,,,,,C,Y,N,D,1,0,0,0,22350.0,2,36.76045309,-119.77530352,4
2016,2016-12-23,1840,12,4,18,5,N,C,Y,B,H,D,A,01,N,03,B,,,,,C,Y,N,D,3,0,0,0,22350.0,2,36.72936538,-119.7818567,4
2016,2016-12-29,420,12,4,4,4,N,A,N,A,H,D,-,- ,S,18,H,,,,,A,Y,N,D,1,0,0,0,,1,36.67772828,-119.70888887,3
2016,2016-12-26,1635,12,4,16,1,N,A,Y,C,H,A,A,01,W,08,E,,,,,J,N,N,D,2,0,0,0,22107.0,1,36.7473316,-119.0633933,4
2016,2016-12-25,1210,12,4,12,7,Y,A,N,A,H,A,D,22,,09,D,,,,,C,Y,F,A,1,0,0,0,21802.0,2,36.74963011,-119.96081995,4
2016,2016-12-27,845,12,4,8,2,N,A,N,A,H,A,D,22,W,06,F,,,,,A,Y,N,D,2,0,0,0,21750.0,1,36.60405546,-120.009242,3
2016,2016-12-31,805,12,4,8,6,Y,B,N,B,H,A,A,01,,12,D,,,,,C,Y,N,A,3,0,0,0,22450.0,2,36.67800009,-119.65485987,3
2016,2016-12-26,1925,12,4,19,1,N,A,Y,A,H,D,A,07,N,03,C,,,,,C,N,N,D,1,0,0,0,22350.0,2,36.15719717,-120.17642832,4
2016,2016-12-25,1812,12,4,18,7,N,A,Y,A,H,C,D,22,S,01,C,,,,,C,Y,N,D,2,0,0,0,23152.0,3,36.67771982,-119.78574104,2
2016,2016-12-26,1842,12,4,18,1,N,A,N,A,H,D,-,- ,E,00,C,,,Y,,C,N,N,D,1,0,0,1,,2,36.79384392,-119.61522491,3
2016,2016-12-22,1047,12,4,10,4,N,A,Y,A,H,A,A,08,W,09,D,,,,,C,Y,N,D,3,0,0,0,21802.0,2,36.73436842,-120.32119051,3
2016,2016-12-26,2353,12,4,23,1,N,A,Y,A,H,D,-,99,E,03,C,,,,,C,Y,F,D,1,0,0,0,22350.0,3,36.74822059,-119.67265395,4
2016,2016-12-26,1456,12,4,14,1,Y,A,Y,A,H,A,A,07,,09,D,,,,,C,Y,N,A,6,0,0,0,21802.0,2,36.89578005,-119.71568989,4
2016,2016-12-27,1035,12,4,10,2,Y,A,N,A,H,A,D,22,,09,D,,,,,C,Y,N,D,1,0,0,0,21802.0,2,36.67794009,-119.79076994,4
2016,2016-12-27,1039,12,4,10,2,Y,A,Y,A,H,A,A,01,,12,D,,,,Y,C,Y,N,A,1,0,0,0,21453.0,2,36.43109269,-119.80116816,2
2016,2016-12-23,2000,12,4,20,5,N,C,N,B,H,D,A,01,E,01,E,,,,,I,Y,N,D,1,0,0,0,23152.0,1,37.07391606,-119.48665108,2
2016,2016-12-29,1754,12,4,17,4,N,A,Y,A,H,D,A,07,S,07,B,,,,,C,Y,N,D,1,0,0,0,21658.0,2,36.76944912,-119.74950554,3
2016,2016-11-11,230,11,3,2,5,Y,A,N,A,H,D,A,01,,12,D,,,,Y,C,Y,N,A,1,0,0,0,22450.0,2,36.60517003,-119.82685994,1
2016,2016-11-27,1800,11,3,18,7,N,B,Y,A,H,D,C,02,W,03,E,,,Y,,I,Y,N,D,0,0,0,0,22350.0,1,36.75559,-119.77337,1
2016,2016-12-29,2050,12,4,20,4,N,B,N,A,H,D,-,99,N,03,C,,,,,C,N,F,D,1,0,0,0,22350.0,2,36.74271489,-119.86226866,4