ACCIDENT_YEAR,COLLISION_DATE,COLLISION_TIME,MONTH,SEASON,24HOURS,DAY_OF_WEEK,INTERSECTION,WEATHER_1,STATE_HWY_IND,ROAD_SURFACE,ROAD_COND_1,LIGHTING,STWD_VEHTYPE_AT_FAULT,CHP_VEHTYPE_AT_FAULT,DIRECTION,PCF_VIOL_CATEGORY,TYPE_OF_COLLISION,PEDESTRIAN_ACCIDENT,BICYCLE_ACCIDENT,MOTORCYCLE_ACCIDENT,TRUCK_ACCIDENT,MVIW,TOW_AWAY,HIT_AND_RUN,CONTROL_DEVICE,NUMBER_INJURED,COUNT_PED_INJURED,COUNT_BICYCLIST_INJURED,COUNT_MC_INJURED,PCF_VIOLATION,PARTY_COUNT,POINT_Y,POINT_X,COLLISION_SEVERITY
2017,2017-04-22,848,4,1,8,6,N,A,N,A,H,A,L,04,N,22,E,,Y,,,J,N,N,D,2,0,2,0,,2,36.95546998,-119.65096842,3
2017,2017-04-25,1720,4,1,17,2,Y,A,N,A,H,A,A,01,,09,D,,,,,C,Y,N,A,1,0,0,0,21802.0,3,36.54687005,-119.55660986,4
2017,2017-04-21,1435,4,1,14,5,N,A,Y,A,H,A,A,07,N,03,C,,,,,C,Y,N,D,2,0,0,0,22350.0,2,36.67553937,-119.73826815,4
2017,2017-04-22,1413,4,1,14,6,Y,A,N,A,H,A,A,01,,09,D,,,,,C,Y,N,A,1,0,0,0,21802.0,2,36.13777074,-120.1563853,4
2017,2017-04-21,1620,4,1,16,5,N,A,N,A,H,A,-,- ,W,18,F,,,Y,,A,Y,N,D,1,0,0,1,,1,36.29237,-120.68104,3
2017,2017-04-23,630,4,1,6,7,N,A,N,A,H,A,-,- ,W,18,E,,,,,I,Y,N,D,1,0,0,0,,1,37.01394,-119.57760874,4
2017,2017-04-10,215,4,1,2,1,N,B,Y,A,H,D,A,01,S,08,E,,,,,I,Y,N,D,1,0,0,0,22107.0,1,36.64097,-119.69935,2
2017,2017-04-21,1440,4,1,14,5,N,A,Y,A,H,A,A,01,E,03,C,,,,,C,Y,N,D,2,0,0,0,22350.0,3,36.74275183,-119.81163575,4
2017,2017-04-21,1655,4,1,16,5,N,A,Y,A,H,A,A,01,S,01,E,,,,,I,Y,N,D,1,0,0,0,23152.0,1,36.79363,-119.74559,2
2017,2017-04-18,1008,4,1,10,2,N,B,Y,B,H,A,A,01,E,08,F,,,,,A,Y,N,D,3,0,0,0,22107.0,1,36.79593112,-119.74593791,3
2017,2017-04-26,1920,4,1,19,3,N,A,Y,A,H,B,A,08,W,08,E,,,,,I,Y,N,D,1,0,0,0,22107.0,1,37.07461087,-119.34382282,4
2017,2017-04-23,315,4,1,3,7,N,A,N,A,H,C,A,01,E,08,E,,,,,I,Y,N,D,1,0,0,0,22107.0,1,36.70660841,-119.61013458,4
2017,2017-04-22,145,4,1,1,6,N,A,Y,A,H,C,A,01,N,01,C,,,,,C,Y,M,D,1,0,0,0,23152.0,2,36.54293168,-119.59154635,3
2017,2017-04-15,505,4,1,5,6,N,A,N,A,H,D,A,07,N,08,B,,,,,C,Y,M,D,1,0,0,0,22107.0,2,36.53554915,-119.62883963,4
2017,2017-04-21,1610,4,1,16,5,Y,A,N,A,H,A,F,26,,09,D,,,,Y,C,Y,N,A,3,0,0,0,21802.0,2,36.63989005,-119.37620996,4
2017,2017-04-22,1110,4,1,11,6,N,A,Y,A,H,A,-,- ,E,18,H,,,,,A,Y,N,D,2,0,0,0,,1,36.74986563,-119.0921193,3
2017,2017-04-26,1500,4,1,15,3,N,A,Y,A,H,A,O,05,W,08,B,,,Y,Y,C,N,N,D,0,0,0,0,22107.0,2,36.73232188,-119.48385435,1
2017,2017-04-23,1717,4,1,17,7,N,A,N,A,H,A,D,22,N,03,C,,,,,C,Y,N,D,2,0,0,0,22350.0,2,36.64873494,-119.43074541,4
2017,2017-04-22,1735,4,1,17,6,N,A,N,A,H,A,D,22,W,08,F,,,,,A,Y,N,D,1,0,0,0,22107.0,1,36.10059437,-120.29310021,4
2017,2017-04-21,1610,4,1,16,5,N,A,N,A,H,A,A,01,W,01,E,,,,,I,Y,N,D,1,0,0,0,23152.0,1,36.76472646,-119.61374229,3
2017,2017-04-24,1519,4,1,15,1,Y,B,N,A,H,A,A,01,,09,D,,,,,C,Y,N,A,1,0,0,0,21802.0,2,36.706599,-119.592072,4
2017,2017-04-22,2123,4,1,21,6,N,A,Y,A,D,D,A,01,E,03,C,,,,,C,Y,N,D,1,0,0,0,22350.0,3,36.74546827,-119.80649301,4
2017,2017-04-22,1950,4,1,19,6,Y,A,N,A,H,D,A,01,,09,D,,,,,C,Y,N,D,1,0,0,0,21801.0,2,36.77550006,-119.85332996,4
2017,2017-04-24,1212,4,1,12,1,Y,B,N,A,H,A,A,07,,09,D,,,,,C,Y,N,C,2,0,0,0,21802.0,2,36.59061009,-119.57488986,4
2017,2017-04-28,850,4,1,8,5,N,A,N,A,H,A,A,01,W,10,G,Y,,,,B,N,F,A,1,1,0,0,21950.0,2,36.77224016,-119.73642706,4
2020,2020-01-14,1200,1,4,12,2,Y,B,Y,A,H,A,-,- ,,12,A,,,,,C,Y,N,A,1,0,0,0,21453.0,3,36.85487365722656,-119.64298248291016,4
2017,2017-04-28,1625,4,1,16,5,N,A,N,A,H,A,C,02,N,08,E,,,Y,,I,N,N,D,1,0,0,1,22107.0,1,36.75941374,-119.23745527,4
2017,2017-05-01,1125,5,1,11,1,N,A,N,A,H,A,A,01,E,03,C,,,,,C,N,N,D,1,0,0,0,22350.0,2,36.56871689,-119.56964039,4
2017,2017-04-27,720,4,1,7,4,N,A,Y,A,H,A,A,07,W,03,C,,,,,C,N,N,A,1,0,0,0,22350.0,3,36.75376,-119.72116,4
2019,2019-10-16,1623,10,3,16,3,Y,B,N,A,H,A,A,01,,17,B,,,,,C,Y,N,A,1,0,0,0,21451.0,2,36.706809997558594,-119.5652084350586,4
2017,2017-05-01,800,5,1,8,1,N,A,Y,A,H,A,D,22,W,03,C,,,,,C,N,N,A,1,0,0,0,22350.0,2,36.7555,-119.73912,4
2017,2017-04-29,530,4,1,5,6,Y,B,N,A,H,B,A,07,,12,D,,,,,C,Y,N,A,2,0,0,0,22450.0,2,36.69215002,-119.59219995,4
2017,2017-04-29,10,4,1,0,6,N,B,N,A,H,D,A,01,W,08,E,,,,,I,Y,N,D,2,0,0,0,22107.0,1,36.60439946,-119.48551111,3
2017,2017-04-19,1423,4,1,14,3,N,A,Y,A,H,A,A,01,S,03,C,,,,,C,Y,N,A,2,0,0,0,22350.0,2,36.35402647,-120.32085021,4
2017,2017-05-02,1120,5,1,11,2,N,A,Y,A,H,A,D,22,S,17,H,,,,,C,Y,N,D,1,0,0,0,23114.0,2,36.83081765,-119.91589598,3
2017,2017-04-22,612,4,1,6,6,N,A,Y,A,H,A,A,01,S,01,E,,,,,I,Y,N,D,1,0,0,0,23152.0,1,36.82007126,-119.9019767,3
2017,2017-04-28,1345,4,1,13,5,N,A,Y,A,H,A,-,- ,E,18,E,,,,,I,Y,N,D,1,0,0,0,,1,36.73847884,-119.83824578,4
2017,2017-04-22,1746,4,1,17,6,N,B,Y,A,H,A,A,01,N,01,C,,,,,C,N,M,A,1,0,0,0,23152.0,2,36.75768,-119.83035,3
2017,2017-04-22,1755,4,1,17,6,N,B,Y,A,H,A,A,01,S,01,E,,,,,I,Y,M,A,1,0,0,0,23152.0,1,,,3
2017,2017-04-27,215,4,1,2,4,N,A,N,A,H,D,D,22,E,01,E,,,,,I,Y,N,D,1,0,0,0,23152.0,1,36.69948075,-119.53730243,3
2017,2017-05-02,1455,5,1,14,2,Y,A,N,A,H,A,D,22,,09,D,,Y,,,G,N,F,D,1,0,1,0,21801.0,2,36.79318006,-119.69939988,4
2017,2017-04-28,1535,4,1,15,5,N,A,Y,A,H,A,A,07,S,08,D,,,,,C,Y,N,A,2,0,0,0,22107.0,3,36.73589948,-119.61007377,4
2017,2017-04-24,1120,4,1,11,1,N,B,N,A,H,A,A,07,N,01,B,,,,,C,Y,N,D,1,0,0,0,23152.0,2,36.76494234,-119.66407037,3
2017,2017-04-30,2015,4,1,20,7,N,A,N,A,H,D,A,01,S,05,A,,,,,C,Y,N,D,7,0,0,0,21460.0,2,36.60250518,-119.30485214,3
2017,2017-04-24,525,4,1,5,1,N,B,N,A,H,C,A,01,W,01,C,,,,,E,Y,N,D,1,0,0,0,23152.0,2,36.77952216,-119.75174904,3
2017,2017-04-29,1520,4,1,15,6,N,A,Y,A,H,A,A,07,E,03,C,,,,,C,Y,N,D,3,0,0,0,22350.0,2,36.76901996,-119.74922291,4
2017,2017-04-29,150,4,1,1,6,N,A,N,A,H,D,A,01,E,08,E,,,,,I,Y,N,D,1,0,0,0,22107.0,1,36.67814591,-119.70860044,4
2017,2017-05-01,46,5,1,0,1,N,A,N,A,H,D,D,22,E,01,E,,,,,I,Y,N,D,1,0,0,0,23152.0,1,36.51800691,-119.87769861,3
2017,2017-05-03,2250,5,1,22,3,Y,A,N,A,H,D,A,01,,03,E,,,,,I,Y,N,A,1,0,0,0,22350.0,1,36.77891001,-119.51063995,4
2017,2017-04-23,1625,4,1,16,7,N,A,N,A,H,A,A,01,N,01,C,,,,,C,Y,N,A,3,0,0,0,23152.0,2,36.54705399,-119.59102392,2
2017,2017-04-26,1852,4,1,18,3,N,A,N,A,H,A,D,22,E,01,E,,,,,I,Y,N,D,2,0,0,0,23152.0,1,36.69102118,-119.1295733,3
2019,2019-02-05,803,2,4,8,2,Y,B,Y,B,H,A,-,,,09,C,,,,,C,Y,N,-,3,0,0,0,21802.0,2,36.865333557128906,-120.46534729003906,4
2019,2019-08-26,1125,8,2,11,1,Y,A,N,A,H,A,A,01,,03,E,,,,,I,N,N,D,1,0,0,0,22350.0,1,36.880348205566406,-120.4633331298828,3
2019,2019-11-09,1941,11,3,19,6,N,A,Y,A,H,D,A,01,S,05,A,,,,,C,Y,N,D,5,0,0,0,21650.0,2,36.84439849853516,-120.44969177246094,3
2017,2017-04-30,140,4,1,1,7,N,A,N,A,H,D,A,01,W,01,E,,,,,I,Y,N,D,1,0,0,0,23152.0,1,36.72480887,-119.85483921,4
2017,2017-04-23,250,4,1,2,7,N,A,N,A,H,D,D,22,W,08,E,,,,,I,Y,M,D,1,0,0,0,22107.0,1,36.5472995,-119.72029072,3
2017,2017-04-29,1837,4,1,18,6,N,A,N,A,H,A,A,07,W,09,D,,,,,C,Y,N,D,2,0,0,0,21804.0,2,36.98504669,-119.67632629,3
2017,2017-04-28,1847,4,1,18,5,N,A,N,A,H,A,A,08,N,01,E,,,,,I,Y,N,D,1,0,0,0,23152.0,1,36.88172617,-119.6839556,3
2017,2017-04-30,1410,4,1,14,7,N,A,N,A,H,A,A,01,N,05,E,,,,,I,Y,N,D,1,0,0,0,21460.0,1,36.93791001,-119.69465733,2
2017,2017-04-29,1430,4,1,14,6,N,A,N,A,H,A,L,04,E,08,D,,Y,,,G,N,N,D,1,0,1,0,22107.0,2,36.42375396,-119.84981569,4
2017,2017-04-30,1240,4,1,12,7,N,A,Y,A,H,A,A,01,E,08,E,,,,,I,Y,N,D,2,0,0,0,22107.0,1,36.81661045,-118.91106138,3
2017,2017-04-27,705,4,1,7,4,N,A,N,A,H,A,A,01,E,08,D,,,,,C,Y,N,D,3,0,0,0,22107.0,2,36.64780132,-119.9781239,4
2017,2017-05-03,1720,5,1,17,3,N,A,N,A,H,A,A,01,W,03,C,,,,,C,Y,N,D,1,0,0,0,22350.0,2,36.13744896,-120.21066233,4
2017,2017-04-27,1740,4,1,17,4,N,A,N,A,H,A,A,01,N,03,E,,,,,I,Y,N,D,3,0,0,0,22350.0,2,37.00360102,-119.63653045,3
2017,2017-04-16,2115,4,1,21,7,N,C,N,B,H,D,A,01,E,01,A,,,,,C,Y,N,D,0,0,0,0,23152.0,2,36.60257804,-120.25208459,1
2017,2017-03-29,750,3,1,7,3,Y,A,N,A,H,A,A,01,,09,D,,,,Y,C,Y,N,A,0,0,0,0,21802.0,2,36.60517003,-119.82685994,1
2017,2017-05-01,1126,5,1,11,1,N,A,Y,A,H,A,A,01,N,07,B,,,,,C,Y,N,D,1,0,0,0,21658.0,2,36.75905,-119.77597,3
2017,2017-05-01,2230,5,1,22,1,Y,A,N,A,H,D,D,22,,00,E,,,,,I,Y,N,A,3,0,0,0,21152.0,1,36.72954003,-119.67295993,3
2017,2017-05-03,1550,5,1,15,3,Y,A,N,A,H,A,A,01,,09,D,,,,Y,C,Y,N,A,2,0,0,0,21802.0,2,36.66341,-119.75474999,3
2017,2017-05-02,1753,5,1,17,2,Y,A,N,A,H,A,A,01,,09,D,,,,,C,Y,N,A,1,0,0,0,21802.0,2,36.56179009,-119.80886992,4
2017,2017-05-02,1626,5,1,16,2,N,A,Y,A,H,A,A,07,E,03,C,,,,,C,Y,F,D,1,0,0,0,22350.0,3,36.73359546,-119.49846986,4
2017,2017-05-02,1521,5,1,15,2,N,A,N,A,H,A,-,- ,E,18,E,,,,,I,N,N,D,1,0,0,0,,1,36.53966651,-119.57075032,4
2017,2017-05-03,1729,5,1,17,3,Y,A,N,A,H,A,D,22,,12,D,,,,,C,Y,N,A,2,0,0,0,22450.0,2,36.61965001,-119.57480993,4
2017,2017-05-03,1750,5,1,17,3,N,A,N,A,H,A,E,22,S,09,D,,,,,C,Y,N,D,3,0,0,0,21801.0,2,36.68851117,-119.79079382,3
2017,2017-05-02,1700,5,1,17,2,Y,A,N,A,H,A,A,07,,09,D,,,,,C,Y,N,A,2,0,0,0,21802.0,2,36.61855007,-119.4129699,3
2017,2017-05-01,2205,5,1,22,1,N,A,Y,A,D,E,C,02,S,08,F,,,Y,,A,Y,N,D,2,0,0,2,22107.0,1,36.78172965,-119.8486051,2
2017,2017-05-07,1025,5,1,10,7,N,A,Y,A,H,A,A,07,S,03,C,,,,,C,N,N,A,1,0,0,0,22350.0,2,36.72505724,-119.79249724,4
2017,2017-05-05,1145,5,1,11,5,N,B,Y,A,H,A,A,01,N,17,B,,,,Y,C,Y,N,D,1,0,0,0,21658.0,2,36.72208667,-119.78521746,3
2017,2017-05-04,2210,5,1,22,4,N,A,Y,A,C,C,D,22,E,08,E,,,,,I,Y,N,D,1,0,0,0,22107.0,1,36.75491898,-119.77203327,4
2017,2017-05-04,40,5,1,0,4,Y,A,N,A,H,D,A,01,,09,D,,,,,C,Y,N,D,1,0,0,0,21802.0,2,36.75560002,-119.70923993,4
2017,2017-05-11,755,5,1,7,4,N,A,Y,A,H,A,A,01,E,03,C,,,,,C,Y,N,D,2,0,0,0,22350.0,2,36.75321102,-119.71015997,4
2017,2017-05-04,1635,5,1,16,4,N,A,N,A,H,A,A,01,N,03,C,,,,,C,Y,N,D,1,0,0,0,22350.0,2,36.63342289,-119.45769907,3
2017,2017-05-06,1240,5,1,12,6,N,A,N,A,H,A,A,01,E,06,E,,,,,I,N,N,D,1,0,0,0,21751.0,1,36.60543092,-119.70867952,4
2017,2017-04-28,1215,4,1,12,5,N,A,Y,A,H,A,A,08,N,08,D,,,,,C,Y,N,A,2,0,0,0,22107.0,2,36.40957434,-119.80554112,4
2017,2017-05-06,1430,5,1,14,6,N,A,Y,A,H,A,A,01,W,08,E,,,,,I,Y,N,D,0,0,0,0,22107.0,1,36.73464981,-120.17256994,1
2017,2017-05-05,1350,5,1,13,5,N,A,N,A,H,A,C,02,W,03,F,,,Y,,A,N,N,D,1,0,0,1,22350.0,1,36.80076695,-119.40021862,3
2017,2017-05-05,1625,5,1,16,5,N,A,N,A,H,A,D,22,N,08,F,,,,,A,Y,N,D,1,0,0,0,22107.0,1,36.49068253,-119.62913275,2
2017,2017-05-08,752,5,1,7,1,Y,A,N,A,H,A,A,01,,09,D,,,,,C,Y,N,A,5,0,0,0,21802.0,3,36.56873005,-119.57502997,3
2017,2017-05-07,410,5,1,4,7,N,C,Y,B,H,C,D,22,E,08,E,,,,,I,Y,N,D,1,0,0,0,22107.0,1,,,3
2017,2017-05-07,2230,5,1,22,7,N,A,N,A,H,C,-,99,E,03,C,,,,,C,N,F,D,4,0,0,0,22350.0,2,36.74961402,-119.96809879,4
2017,2017-05-08,1023,5,1,10,1,Y,A,N,A,H,A,A,01,,09,D,,,,,C,Y,N,A,1,0,0,0,21453.0,2,36.6039401,-119.3949499,4
2017,2017-05-08,1040,5,1,10,1,N,A,Y,A,H,A,A,01,N,03,C,,,,,C,N,N,D,1,0,0,0,22350.0,2,36.7265,-119.79374,4
2017,2017-05-07,1518,5,1,15,7,N,A,N,A,H,A,A,01,W,09,A,,,Y,,C,Y,N,D,2,0,0,2,21801.0,2,36.72804,-119.9126186,3
2017,2017-05-08,1730,5,1,17,1,N,A,Y,A,H,A,A,01,N,03,C,,,,,C,Y,N,D,1,0,0,0,22350.0,2,36.75495,-119.7758,4
2017,2017-05-08,1235,5,1,12,1,N,A,N,A,H,A,D,22,S,08,E,,,,,I,Y,N,A,5,0,0,0,22107.0,2,36.61120278,-119.43083064,2
2017,2017-04-30,827,4,1,8,7,N,A,Y,A,H,A,A,01,N,08,E,,,,,I,Y,N,D,1,0,0,0,22107.0,1,36.77252138,-119.78499516,2
2017,2017-05-10,1628,5,1,16,3,N,A,Y,A,H,A,A,01,E,03,C,,,,,C,Y,N,A,1,0,0,0,22350.0,2,36.73618612,-119.55630065,4
2017,2017-05-08,1510,5,1,15,1,N,A,Y,A,H,A,A,01,W,03,C,,,,,C,N,N,D,3,0,0,0,22350.0,2,36.73573059,-119.61019,4
2017,2017-05-10,1820,5,1,18,3,N,B,Y,A,H,A,A,01,S,07,D,,,,,C,Y,N,D,1,0,0,0,21658.0,2,36.77739959,-119.78504444,4
2017,2017-05-09,2034,5,1,20,2,N,A,Y,A,H,D,A,07,S,01,F,,,,,A,Y,N,D,1,0,0,0,23152.0,1,36.76912055,-120.06017461,3
2017,2017-05-10,820,5,1,8,3,Y,A,N,A,H,A,A,07,,09,D,,,,,A,Y,N,A,1,0,0,0,21802.0,2,36.61965001,-119.57480993,4
2020,2020-01-28,1542,1,4,15,2,N,A,N,A,H,A,-,- ,E,03,C,,,,,C,Y,N,A,1,0,0,0,22350.0,3,36.801223754882805,-119.68427276611328,4
2017,2017-05-05,1213,5,1,12,5,N,A,Y,A,H,A,A,08,S,03,C,,,,Y,C,Y,N,D,3,0,0,0,22350.0,4,36.71409166,-119.78100902,3
2017,2017-05-05,2053,5,1,20,5,Y,A,Y,A,H,D,D,22,,01,D,,,,Y,C,Y,N,A,2,0,0,0,23152.0,2,36.50151666,-120.38907928,2
2017,2017-05-10,1510,5,1,15,3,N,A,Y,A,H,A,D,22,N,03,C,,,,,C,Y,N,D,1,0,0,0,22350.0,2,36.75666,-119.77523,4
2017,2017-05-11,753,5,1,7,4,N,A,Y,A,H,A,A,01,N,03,C,,,,,C,Y,N,D,1,0,0,0,22350.0,4,36.75858674,-119.83056257,4
2017,2017-05-08,1439,5,1,14,1,N,A,N,A,H,A,A,01,N,01,C,,,,,C,Y,N,D,1,0,0,0,23152.0,2,36.65624934,-119.55661714,3
2017,2017-05-13,1950,5,1,19,6,N,A,Y,A,H,B,-,- ,W,00,B,,,,,C,N,N,D,1,0,0,0,,2,36.75370507,-119.78206788,4
2017,2017-05-08,1942,5,1,19,1,N,A,Y,A,D,A,A,01,N,01,C,,,,Y,C,Y,N,D,1,0,0,0,23152.0,2,36.77266896,-119.83912149,4
2017,2017-05-09,745,5,1,7,2,N,A,Y,A,H,A,A,07,N,03,C,,,,,C,Y,N,D,3,0,0,0,22350.0,2,36.75195957,-119.7758899,3
2017,2017-05-10,1255,5,1,12,3,N,A,N,A,H,A,A,01,W,09,D,,,,,C,Y,N,D,2,0,0,0,21804.0,2,36.79318,-119.70076715,4
2017,2017-05-12,825,5,1,8,5,N,A,N,A,B,A,D,22,W,03,E,,,,,I,Y,N,D,1,0,0,0,22350.0,1,36.67017903,-119.52569918,4
2017,2017-05-13,1625,5,1,16,6,N,A,N,A,H,A,A,01,W,07,B,,,,,C,Y,N,A,1,0,0,0,21658.0,3,36.80855864,-119.79965481,4
2017,2017-05-17,1446,5,1,14,3,N,B,N,A,H,A,C,02,E,03,F,,,Y,,A,Y,N,D,1,0,0,1,22350.0,1,37.02730557,-119.52321321,3
2017,2017-05-16,1010,5,1,10,2,Y,A,N,A,H,A,L,04,,08,C,,Y,,,G,N,N,D,1,0,1,0,22107.0,2,36.82932008,-119.79553994,3
2017,2017-05-10,1620,5,1,16,3,Y,A,N,A,H,A,A,01,,09,D,,,,,C,Y,N,D,1,0,0,0,21802.0,2,36.44498002,-119.93217997,3
2017,2017-05-12,2256,5,1,22,5,Y,A,N,A,H,D,A,07,,09,D,,,,,C,Y,N,A,1,0,0,0,21802.0,2,36.60443227,-119.475528,3
2017,2017-05-12,2225,5,1,22,5,N,A,N,A,H,D,A,01,S,01,C,,,,,C,Y,N,D,2,0,0,0,23152.0,2,36.63410255,-119.55675008,2
2017,2017-05-03,1257,5,1,12,3,Y,A,N,A,H,A,-,- ,,18,H,,,,,A,N,N,D,1,0,0,0,,1,36.63269002,-119.37634993,3
2017,2017-05-04,707,5,1,7,4,N,A,Y,A,H,A,A,01,N,08,D,,,,,C,Y,N,A,2,0,0,0,22107.0,2,,,3
2017,2017-05-13,555,5,1,5,6,N,A,Y,A,H,A,-,- ,W,00,C,,,,,C,N,N,D,1,0,0,0,,2,36.73499648,-119.97861996,4
2017,2017-05-13,1110,5,1,11,6,N,A,Y,A,H,A,A,01,S,08,E,,,,,I,Y,N,D,2,0,0,0,22107.0,1,36.80492162,-119.88196197,3
2017,2017-05-11,545,5,1,5,4,N,A,Y,A,H,B,A,01,S,03,C,,,,,C,Y,N,D,1,0,0,0,22350.0,3,36.25279974,-120.1035895,4
2020,2020-02-09,2120,2,4,21,7,N,A,N,A,H,C,A,01,S,21,C,,,,,E,Y,N,D,1,0,0,0,22106.0,3,36.6013069152832,-119.43531799316406,4
2017,2017-05-11,1635,5,1,16,4,N,A,Y,A,H,A,A,07,N,03,C,,,,,C,Y,N,D,2,0,0,0,22350.0,3,36.72583661,-119.79334749,4
2020,2020-01-22,1722,1,4,17,3,N,A,N,A,H,C,A,01,E,08,B,,,,,C,Y,N,D,1,0,0,0,22100.0,2,36.823055267333984,-119.68871307373048,4
2019,2019-11-19,725,11,3,7,2,N,A,N,A,H,A,A,01,S,08,B,,,,,C,Y,N,D,1,0,0,0,22103.0,2,36.69793319702149,-119.5600128173828,3
2019,2019-11-22,738,11,3,7,5,N,A,N,A,H,A,A,01,E,03,C,,,,,C,N,N,D,2,0,0,0,22350.0,3,36.692249298095696,-119.56084442138672,4
2017,2017-05-15,535,5,1,5,1,N,A,Y,A,H,B,A,01,S,08,E,,,,,J,Y,N,D,1,0,0,0,22107.0,1,36.79579692,-119.86884207,4
2017,2017-05-12,1953,5,1,19,5,N,A,N,A,H,B,D,22,S,01,F,,,,,A,Y,N,D,1,0,0,0,23152.0,1,36.97788313,-119.72012758,3
2017,2017-05-15,807,5,1,8,1,N,B,N,A,H,A,A,01,S,08,D,,,,,E,Y,N,D,2,0,0,0,22107.0,3,36.65827657,-119.69992662,3
2017,2017-05-15,1035,5,1,10,1,Y,A,N,A,H,A,G,25,,09,D,,,,Y,C,Y,M,A,1,0,0,0,21802.0,2,36.66338003,-119.77274997,4
2017,2017-05-15,1620,5,1,16,1,N,A,N,A,H,A,A,07,S,08,F,,,,,A,Y,N,A,1,0,0,0,22107.0,1,36.69273021,-119.69996,3
2017,2017-05-17,2200,5,1,22,3,Y,A,N,A,H,D,A,01,,08,E,,,,,I,Y,N,D,1,0,0,0,22107.0,1,36.92480278,-120.65429807,4
2017,2017-05-17,1305,5,1,13,3,Y,A,N,A,H,A,C,06,,09,B,,,Y,,C,Y,N,D,2,0,0,0,21804.0,2,36.75187282,-120.6576401,4
2017,2017-05-18,510,5,1,5,4,Y,A,N,A,H,B,A,01,,09,D,,,,,C,Y,N,A,3,0,0,0,21802.0,2,36.74913011,-120.56752989,3
2017,2017-05-15,1230,5,1,12,1,Y,B,N,A,H,A,A,01,,09,D,,,,,C,Y,N,A,2,0,0,0,21802.0,2,36.69215002,-119.59219995,3
2017,2017-05-15,1613,5,1,16,1,N,A,Y,A,H,A,A,01,S,03,C,,,,,C,N,F,D,1,0,0,0,22350.0,2,36.74478135,-119.82031624,4
2017,2017-05-16,932,5,1,9,2,N,A,N,A,H,A,D,22,W,08,E,,,,,I,Y,N,D,1,0,0,0,22107.0,1,36.67664,-119.43512,4
2017,2017-05-17,1146,5,1,11,3,Y,A,N,A,H,A,A,01,,12,D,,,,,C,Y,N,A,2,0,0,0,22450.0,2,36.61872005,-119.44869994,2
2017,2017-05-18,1510,5,1,15,4,N,A,N,A,H,A,A,07,N,09,D,,,,,C,N,N,D,2,0,0,0,21804.0,3,36.60955396,-119.48436747,4
2017,2017-05-16,1615,5,1,16,2,N,A,N,A,H,A,A,07,E,09,D,,,,,C,N,N,D,1,0,0,0,21804.0,2,36.7646029,-119.56745803,4
2020,2020-01-23,1751,1,4,17,4,N,A,N,A,H,C,L,04,E,07,D,,Y,,,G,N,N,D,1,0,1,0,21658.0,2,36.80850982666016,-119.67668151855467,4
2020,2020-01-24,1650,1,4,16,5,N,A,N,A,H,A,A,01,N,09,D,,,,,C,N,N,D,3,0,0,0,21801.0,2,36.83298110961913,-119.69097137451172,3
2020,2020-01-27,726,1,4,7,1,Y,A,N,A,H,A,A,07,,09,D,,,,,A,Y,N,A,1,0,0,0,21802.0,2,36.823020935058594,-119.7033920288086,4
2017,2017-05-16,1250,5,1,12,2,Y,B,N,A,H,A,D,22,,09,D,,,,,C,Y,N,A,4,0,0,0,21802.0,2,36.59061009,-119.57488986,3
2017,2017-05-17,740,5,1,7,3,N,A,Y,A,H,A,A,01,W,03,C,,,,,C,Y,N,D,1,0,0,0,22350.0,2,36.77806994,-119.74937642,3
2017,2017-05-18,1547,5,1,15,4,Y,A,N,A,H,A,A,01,,09,D,,,,,C,Y,N,A,2,0,0,0,21802.0,2,36.56138008,-119.55652985,4
2017,2017-05-19,2255,5,1,22,5,N,A,Y,A,D,D,A,01,S,03,C,,,,,C,N,N,D,1,0,0,0,22350.0,2,36.79284892,-119.86443804,4
2017,2017-05-19,1540,5,1,15,5,Y,A,N,A,H,A,D,22,,12,D,,,,,C,Y,N,A,4,0,0,0,22450.0,2,36.6880701,-119.74563994,4
2017,2017-05-18,700,5,1,7,4,N,A,Y,A,H,A,C,02,N,03,C,,,Y,,C,Y,N,D,1,0,0,1,22350.0,2,36.79743669,-119.78512966,3
2017,2017-05-13,1520,5,1,15,6,N,A,Y,A,H,A,A,01,W,03,C,,,,,C,Y,N,D,1,0,0,0,22350.0,2,36.74703301,-119.80360571,2
2017,2017-05-05,1028,5,1,10,5,N,A,Y,A,A,A,-,- ,S,18,F,,,,,A,Y,N,D,2,0,0,0,,1,36.73037,-119.79784,3
2017,2017-05-17,812,5,1,8,3,N,B,Y,A,H,A,A,01,E,03,C,,,,,C,Y,N,D,1,0,0,0,22350.0,6,36.73598305,-119.60723063,4
2017,2017-05-20,1730,5,1,17,6,N,A,Y,A,H,A,A,01,W,03,C,,,,,C,Y,N,D,1,0,0,0,22350.0,3,36.75418691,-119.7760719,4
2017,2017-05-20,1415,5,1,14,6,Y,A,Y,A,H,A,A,07,,09,D,,,,,C,Y,N,D,5,0,0,0,21802.0,2,36.57624918,-119.78605517,3
2017,2017-05-20,2030,5,1,20,6,N,A,Y,A,H,C,A,01,S,07,E,,,,,I,Y,N,D,3,0,0,0,21658.0,1,36.72358772,-119.79091163,4
2017,2017-05-20,845,5,1,8,6,N,A,N,A,H,A,A,01,S,03,B,,,,,C,Y,N,D,1,0,0,0,22350.0,2,36.5732117,-119.57501101,4
2017,2017-05-20,1045,5,1,10,6,N,A,Y,A,H,A,A,01,W,03,C,,,,,C,Y,N,D,1,0,0,0,22350.0,2,36.75483001,-119.75580391,4
2017,2017-05-15,205,5,1,2,1,N,A,N,A,H,D,N,60,N,11,G,Y,,,,B,Y,F,D,1,1,0,0,21956.0,2,36.63403981,-119.8986981,3
2017,2017-05-18,1126,5,1,11,4,Y,A,Y,A,H,A,D,22,,09,D,,,,,C,Y,N,D,1,0,0,0,21802.0,2,36.53249,-119.57972,4