ACCIDENT_YEAR,COLLISION_DATE,COLLISION_TIME,MONTH,SEASON,24HOURS,DAY_OF_WEEK,INTERSECTION,WEATHER_1,STATE_HWY_IND,ROAD_SURFACE,ROAD_COND_1,LIGHTING,STWD_VEHTYPE_AT_FAULT,CHP_VEHTYPE_AT_FAULT,DIRECTION,PCF_VIOL_CATEGORY,TYPE_OF_COLLISION,PEDESTRIAN_ACCIDENT,BICYCLE_ACCIDENT,MOTORCYCLE_ACCIDENT,TRUCK_ACCIDENT,MVIW,TOW_AWAY,HIT_AND_RUN,CONTROL_DEVICE,NUMBER_INJURED,COUNT_PED_INJURED,COUNT_BICYCLIST_INJURED,COUNT_MC_INJURED,PCF_VIOLATION,PARTY_COUNT,POINT_Y,POINT_X,COLLISION_SEVERITY
2017,2017-05-16,805,5,1,8,2,N,A,Y,A,H,A,A,07,W,03,C,,,,,C,Y,N,D,3,0,0,0,22350.0,3,36.80589,-119.73636,3
2017,2017-05-19,2130,5,1,21,5,N,A,N,A,H,D,N,60,S,11,G,Y,,,,B,Y,N,D,1,1,0,0,21956.0,2,36.58362413,-119.39505392,2
2017,2017-05-20,2240,5,1,22,6,N,A,Y,A,H,C,A,01,S,03,C,,,,,C,Y,N,D,2,0,0,0,22350.0,2,36.7522034,-119.77587947,4
2017,2017-05-21,240,5,1,2,7,N,A,N,A,H,D,A,07,E,08,E,,,,,I,Y,N,D,1,0,0,0,22107.0,1,36.60383445,-119.38776268,3
2017,2017-05-20,1655,5,1,16,6,N,A,Y,A,H,A,A,01,E,07,C,,,,,C,Y,N,D,2,0,0,0,21658.0,2,36.75485311,-119.76829001,3
2017,2017-05-20,1810,5,1,18,6,N,A,Y,A,H,A,A,01,W,03,C,,,,,C,Y,N,D,2,0,0,0,22350.0,3,36.75318494,-119.78376784,4
2017,2017-05-14,1322,5,1,13,7,N,A,Y,A,H,A,F,26,S,03,C,,,,Y,C,Y,N,D,2,0,0,0,22350.0,2,36.80039015,-119.7851458,3
2017,2017-05-17,750,5,1,7,3,N,A,N,A,H,A,D,22,W,08,F,,,,,I,Y,N,D,1,0,0,0,22107.0,1,36.74952609,-120.0996827,2
2017,2017-05-19,900,5,1,9,5,N,A,Y,A,H,A,A,01,W,08,F,,,,,A,Y,N,A,1,0,0,0,22107.0,1,36.75567,-119.74566,4
2017,2017-05-19,2216,5,1,22,5,N,A,Y,A,H,D,A,07,N,01,F,,,,,A,Y,N,D,1,0,0,0,23152.0,1,36.80281417,-120.74149013,2
2017,2017-05-21,1610,5,1,16,7,N,A,Y,A,H,A,A,01,S,03,C,,,,,C,Y,N,D,1,0,0,0,22350.0,2,36.41808134,-120.37813411,4
2017,2017-05-18,1845,5,1,18,4,N,A,N,A,H,A,A,01,W,09,D,,,,,C,N,N,D,2,0,0,0,21804.0,2,36.79318,-119.7008866,4
2017,2017-05-19,1845,5,1,18,5,N,A,N,A,H,A,A,01,S,03,C,,,,,C,Y,N,D,2,0,0,0,22350.0,2,36.83691673,-119.55571218,4
2017,2017-05-17,640,5,1,6,3,Y,A,N,A,H,B,A,01,,09,D,,,,,C,Y,N,A,2,0,0,0,21802.0,2,36.56144002,-119.57507987,4
2017,2017-05-16,1505,5,1,15,2,Y,B,N,A,H,A,A,07,,09,D,,,,,C,Y,N,A,2,0,0,0,21802.0,2,36.56166008,-119.70053,3
2017,2017-05-19,515,5,1,5,5,N,A,N,A,H,B,A,01,N,06,A,,,,,C,Y,N,D,2,0,0,0,21751.0,2,36.47425728,-120.39307079,2
2017,2017-05-20,827,5,1,8,6,Y,A,N,A,H,A,A,01,,12,D,,,,,C,Y,N,A,2,0,0,0,21453.0,3,36.8085601,-119.79944992,4
2017,2017-05-20,1025,5,1,10,6,N,A,Y,A,H,A,A,01,N,01,C,,,,,C,Y,N,D,1,0,0,0,23152.0,3,36.79466077,-119.8671428,4
2017,2017-05-21,1625,5,1,16,7,N,A,Y,A,H,A,A,07,N,07,B,,,,,C,Y,F,D,1,0,0,0,21658.0,3,36.78340979,-119.85046306,4
2017,2017-05-21,2125,5,1,21,7,N,A,Y,A,H,D,A,01,E,08,E,,,,,I,Y,N,D,1,0,0,0,22107.0,1,36.73555641,-119.52490425,3
2017,2017-05-21,1608,5,1,16,7,N,A,N,A,H,A,C,02,W,03,F,,,Y,,A,Y,N,D,1,0,0,1,22350.0,1,36.87341133,-119.33436551,3
2017,2017-05-21,2145,5,1,21,7,N,A,N,A,H,D,A,01,E,08,G,Y,,,,B,N,F,D,1,1,0,0,22107.0,2,36.79395803,-119.80371884,4
2017,2017-05-21,240,5,1,2,7,N,A,Y,A,H,D,A,01,S,01,E,,,,,I,N,N,D,1,0,0,0,23152.0,1,36.6020794,-119.65737165,4
2017,2017-05-21,900,5,1,9,7,N,A,N,A,H,D,A,01,E,08,E,,,,,I,Y,N,D,1,0,0,0,22107.0,1,36.6618683,-120.10624766,3
2017,2017-05-21,1050,5,1,10,7,N,A,N,A,H,A,A,01,W,08,E,,,,,I,Y,N,D,1,0,0,0,22107.0,1,36.86682075,-119.59312984,3
2017,2017-05-22,544,5,1,5,1,N,A,N,A,H,A,D,22,W,03,C,,,,Y,C,Y,N,D,1,0,0,0,22350.0,2,36.74937939,-120.14552324,4
2017,2017-05-22,1650,5,1,16,1,N,A,N,A,H,A,N,60,S,11,G,Y,,,,B,N,N,D,1,1,0,0,21954.0,2,36.6549416,-119.59421,4
2017,2017-05-22,730,5,1,7,1,Y,A,N,A,H,A,A,01,,03,C,,,,,C,Y,N,D,1,0,0,0,22350.0,2,36.79572008,-119.80860986,4
2017,2017-05-19,1820,5,1,18,5,Y,A,N,A,H,A,A,07,,09,D,,,,,C,Y,N,A,1,0,0,0,21802.0,2,36.54720005,-119.70068,4
2017,2017-05-24,515,5,1,5,3,N,A,Y,A,H,A,A,01,S,08,F,,,,,A,Y,N,D,1,0,0,0,22107.0,1,36.7919522,-119.86271568,3
2017,2017-05-22,809,5,1,8,1,N,A,Y,A,H,A,A,01,N,07,B,,,Y,,C,Y,F,D,1,0,0,1,21658.0,2,36.77600726,-119.78480944,2
2017,2017-05-23,1700,5,1,17,2,N,A,N,A,H,A,C,02,S,03,F,,,Y,,A,Y,N,D,1,0,0,1,22350.0,1,36.64637099,-119.70008065,2
2017,2017-05-23,2238,5,1,22,2,N,A,N,A,H,C,A,01,W,01,C,,,,,C,Y,F,D,1,0,0,0,23152.0,2,36.79318,-119.70092072,4
2017,2017-05-23,850,5,1,8,2,N,A,N,A,H,A,A,01,E,09,D,,,,,C,N,N,D,1,0,0,0,21804.0,2,36.77231914,-119.75179177,4
2017,2017-05-24,645,5,1,6,3,N,A,Y,A,H,A,A,08,W,03,C,,,,,C,Y,N,D,2,0,0,0,22350.0,3,36.74177874,-119.81344646,4
2017,2017-05-25,700,5,1,7,4,Y,A,N,A,H,A,A,01,,09,D,,,,,C,Y,N,A,1,0,0,0,21802.0,2,36.75001001,-119.87115993,4
2017,2017-05-25,2130,5,1,21,4,N,A,Y,A,H,D,A,01,S,08,E,,,,,I,N,N,D,2,0,0,0,22107.0,1,36.13693774,-120.27933957,4
2017,2017-05-29,1550,5,1,15,1,N,A,Y,A,H,A,A,01,E,03,C,,,,,C,N,N,D,1,0,0,0,22350.0,3,36.25537774,-120.0856313,4
2017,2017-05-25,910,5,1,9,4,N,A,Y,A,H,A,A,01,N,17,B,,,,,C,N,N,D,1,0,0,0,21658.0,2,36.77176975,-119.83831881,4
2017,2017-05-25,1650,5,1,16,4,Y,A,N,A,H,A,A,07,,09,D,,,,,C,Y,N,A,2,0,0,0,21802.0,2,36.71388008,-119.84448985,4
2017,2017-05-26,1545,5,1,15,5,N,A,N,A,H,A,A,01,W,05,E,,,,,J,Y,F,D,1,0,0,0,21650.0,2,36.76415428,-119.94561008,3
2017,2017-05-25,1800,5,1,18,4,N,A,N,A,H,A,A,01,E,08,E,,,,,I,N,N,A,1,0,0,0,22107.0,1,36.77927845,-119.6362776,4
2017,2017-05-19,1640,5,1,16,5,N,A,Y,A,H,A,C,02,N,08,F,,,Y,,A,N,N,D,1,0,0,1,22107.0,1,36.78364113,-119.7843839,3
2017,2017-05-25,835,5,1,8,4,N,A,Y,A,H,A,A,07,N,03,C,,,,,C,N,N,A,2,0,0,0,22350.0,2,36.74389,-119.7763,4
2017,2017-05-26,1810,5,1,18,5,N,A,N,A,H,A,A,01,E,03,E,,,,,I,Y,N,D,1,0,0,0,22350.0,1,36.73025803,-119.10240621,4
2017,2017-05-27,330,5,1,3,6,N,A,N,A,H,D,A,01,S,08,F,,,,,A,Y,N,D,1,0,0,0,22107.0,1,36.55214504,-119.88110012,4
2017,2017-04-30,2149,4,1,21,7,N,A,Y,A,H,D,A,01,W,05,A,,,,,C,Y,N,D,1,0,0,0,21460.0,2,36.86674591,-119.57060027,1
2017,2017-05-26,1527,5,1,15,5,N,A,N,A,H,A,D,22,S,08,E,,,,,I,Y,N,D,1,0,0,0,22107.0,1,36.53017191,-119.82689221,2
2017,2017-05-26,1035,5,1,10,5,Y,B,N,A,H,A,D,22,,09,D,,,,,C,Y,N,A,1,0,0,0,21802.0,2,36.72785009,-119.95186994,4
2017,2017-05-29,10,5,1,0,1,N,A,Y,A,H,C,D,22,N,01,E,,,,,I,Y,N,D,1,0,0,0,23152.0,1,36.71117114,-119.78431032,2
2017,2017-05-24,1115,5,1,11,3,Y,A,N,A,H,A,A,01,,00,D,,,,,C,Y,N,A,4,0,0,0,21453.0,3,36.75039002,-119.72731992,2
2017,2017-05-27,2150,5,1,21,6,Y,A,N,A,H,C,A,01,,09,D,,,,,C,Y,N,D,1,0,0,0,21801.0,2,36.81558007,-119.81738988,4
2017,2017-05-28,555,5,1,5,7,N,A,Y,A,H,B,A,01,N,08,E,,,,,I,Y,N,D,1,0,0,0,22107.0,1,36.69804691,-119.76523672,4
2017,2017-05-29,1300,5,1,13,1,N,A,N,A,H,A,C,02,W,08,E,,,Y,,I,Y,N,D,1,0,0,1,22107.0,1,37.00547,-119.40625,4
2017,2017-06-02,1910,6,2,19,5,N,A,Y,A,H,A,A,01,E,01,A,,,,,C,Y,N,D,4,0,0,0,23152.0,2,36.73226015,-120.3611563,2
2017,2017-05-25,1120,5,1,11,4,N,A,Y,A,H,A,F,25,N,08,E,,,,Y,I,Y,N,D,1,0,0,0,22107.0,1,36.76121398,-120.71248544,2
2017,2017-05-26,1403,5,1,14,5,N,B,Y,A,H,A,J,49,W,03,E,,,,,I,Y,N,D,1,0,0,0,22350.0,1,37.07961215,-119.33451615,4
2017,2017-05-25,1440,5,1,14,4,Y,A,N,A,H,A,A,01,,09,D,,,,,C,Y,N,A,2,0,0,0,21802.0,2,36.80774002,-119.97033987,3
2017,2017-05-26,1007,5,1,10,5,Y,A,N,A,H,A,A,01,,12,D,,,,,C,Y,N,A,2,0,0,0,22450.0,2,36.77907006,-119.87130997,4
2017,2017-05-28,858,5,1,8,7,N,A,N,A,H,A,A,01,W,08,E,,,,,I,Y,M,D,1,0,0,0,22107.0,1,36.77189483,-119.85349392,3
2017,2017-05-26,2358,5,1,23,5,N,A,Y,A,H,C,A,01,W,01,F,,,,,A,Y,N,D,1,0,0,0,23152.0,1,36.75308,-119.7018,3
2017,2017-05-27,1101,5,1,11,6,N,A,N,A,H,A,D,22,E,08,F,,,,,A,Y,N,D,1,0,0,0,22107.0,3,36.60550753,-119.6451683,4
2017,2017-05-27,1210,5,1,12,6,N,A,Y,A,H,A,A,08,N,07,B,,,,,C,N,N,D,1,0,0,0,21658.0,2,36.55162446,-119.60148915,4
2017,2017-05-17,114,5,1,1,3,N,A,Y,A,D,C,A,07,S,01,C,,,,,C,Y,N,A,1,0,0,0,23152.0,2,36.79355,-119.86555,3
2017,2017-04-14,2258,4,1,22,5,Y,A,N,A,H,C,C,02,,03,E,,,Y,,I,Y,N,A,0,0,0,0,22350.0,1,36.61131008,-119.52095996,1
2017,2017-05-28,2058,5,1,20,7,N,A,N,A,H,D,D,22,E,01,E,,,,,I,Y,N,D,2,0,0,0,23152.0,1,36.66986835,-119.49309131,2
2017,2017-05-30,530,5,1,5,2,N,A,N,A,H,B,M,46,N,09,D,,,,,C,Y,N,D,1,0,0,0,21804.0,2,36.45132739,-119.76250062,2
2017,2017-05-30,1655,5,1,16,2,N,A,Y,A,H,A,A,01,N,03,C,,,,,C,Y,N,D,1,0,0,0,22350.0,2,36.79793085,-119.78546198,4
2017,2017-05-26,1510,5,1,15,5,Y,A,N,A,H,A,H,13,,09,D,,Y,,,G,N,N,A,1,0,1,0,21801.0,2,36.78661009,-119.81750997,3
2017,2017-05-25,1715,5,1,17,4,N,A,Y,A,H,A,D,22,W,08,E,,,,,I,Y,N,D,2,0,0,0,22107.0,1,36.81393886,-119.72805204,4
2017,2017-06-04,1205,6,2,12,7,N,A,Y,A,H,A,C,02,S,03,F,,,Y,,A,Y,N,D,1,0,0,1,22350.0,1,36.13542,-120.15621,4
2017,2017-05-28,938,5,1,9,7,Y,A,N,A,H,A,A,07,,12,D,,,,,C,Y,N,A,4,0,0,0,22450.0,2,36.76468005,-119.59178988,3
2017,2017-05-30,725,5,1,7,2,Y,A,N,A,H,A,A,01,,12,D,,,,,C,Y,N,A,3,0,0,0,22450.0,2,36.59074008,-119.61065988,3
2019,2019-11-28,2351,11,3,23,4,N,A,N,A,H,C,A,01,E,06,C,,,,,E,N,N,D,1,0,0,0,21755.0,2,36.86492156982422,-120.45831298828124,4
2019,2019-06-09,531,6,2,5,7,Y,A,Y,A,H,A,A,01,,04,C,,,,,D,N,N,A,1,0,0,0,21703.0,3,36.857280731201165,-120.4565200805664,3
2017,2017-05-22,6,5,1,0,1,N,A,N,A,H,D,C,02,S,03,E,,,Y,,I,Y,N,D,0,0,0,0,22350.0,1,36.96367097,-119.72862536,1
2017,2017-05-29,1415,5,1,14,1,N,A,Y,A,D,A,A,01,W,03,C,,,,,C,Y,N,D,2,0,0,0,22350.0,2,36.74731974,-119.80306398,4
2017,2017-05-26,1125,5,1,11,5,N,A,Y,A,H,A,A,01,S,03,C,,,,,C,N,N,D,2,0,0,0,22350.0,2,36.80249054,-119.78513118,4
2017,2017-05-31,757,5,1,7,3,N,C,Y,B,H,A,A,07,S,08,F,,,,,A,Y,N,D,1,0,0,0,22107.0,1,36.42101689,-120.38121938,3
2017,2017-06-01,1520,6,2,15,4,N,A,N,A,H,A,A,01,N,03,C,,,,Y,C,Y,N,D,1,0,0,0,22350.0,2,36.66383542,-119.71905558,4
2017,2017-06-01,545,6,2,5,4,N,A,N,A,H,A,A,01,N,03,C,,,,,C,Y,N,D,1,0,0,0,22350.0,2,36.71018704,-119.45741356,4
2017,2017-06-01,1510,6,2,15,4,N,A,Y,A,H,A,A,01,S,03,C,,,,,C,Y,M,D,2,0,0,0,22350.0,4,36.51474022,-119.6289648,4
2017,2017-05-19,1230,5,1,12,5,N,A,Y,A,H,A,D,22,E,08,E,,,,,I,N,N,D,1,0,0,0,22107.0,1,36.76391,-119.74909,4
2017,2017-05-31,1450,5,1,14,3,Y,A,N,A,H,A,A,01,,09,D,,,,,C,Y,N,A,1,0,0,0,21802.0,2,36.72792009,-119.93433985,4
2017,2017-05-30,1640,5,1,16,2,N,A,Y,A,H,A,D,22,S,03,C,,,,,C,Y,N,D,1,0,0,0,22350.0,2,36.80385018,-119.78511675,4
2017,2017-05-30,1735,5,1,17,2,N,B,Y,A,H,A,A,07,W,03,C,,,,,C,N,N,D,1,0,0,0,22350.0,2,36.82274,-119.71571,4
2017,2017-05-31,1430,5,1,14,3,N,A,Y,A,H,A,C,02,N,03,F,,,Y,,I,Y,N,D,1,0,0,1,22350.0,1,36.75917,-119.77689,3
2017,2017-05-31,1552,5,1,15,3,N,A,N,A,H,A,D,22,W,21,H,,,,,C,N,N,D,1,0,0,0,22106.0,2,36.77496301,-119.74116118,4
2017,2017-06-08,2314,6,2,23,4,Y,A,N,A,H,D,A,01,,01,D,,,,,C,Y,N,A,1,0,0,0,23152.0,2,36.77907006,-119.87130997,4
2017,2017-06-04,208,6,2,2,7,N,A,Y,A,H,C,A,01,N,01,C,,,,,C,Y,N,A,1,0,0,0,23152.0,2,36.67812013,-119.78605737,3
2017,2017-06-03,1420,6,2,14,6,Y,A,N,A,H,A,A,08,,09,D,,,,,C,Y,N,A,2,0,0,0,21802.0,2,36.80774002,-119.97033987,2
2017,2017-06-01,1830,6,2,18,4,N,A,Y,A,H,A,A,01,W,07,B,,,,,C,Y,N,D,1,0,0,0,21658.0,2,36.74881904,-119.79965536,3
2017,2017-06-03,740,6,2,7,6,Y,A,N,A,H,A,A,01,,09,D,,,,,C,Y,N,A,1,0,0,0,21802.0,2,36.61965001,-119.57480993,4
2017,2017-06-03,825,6,2,8,6,N,A,N,A,H,A,C,02,S,03,C,,,Y,,C,Y,N,D,1,0,0,1,22350.0,2,36.68994149,-119.69996001,4
2017,2017-06-06,1635,6,2,16,2,N,A,Y,A,H,A,A,01,E,08,B,,,,,C,Y,N,D,1,0,0,0,22107.0,2,36.25522306,-120.15041078,4
2017,2017-06-01,1515,6,2,15,4,N,A,Y,A,H,A,D,22,E,08,H,,,,,I,Y,N,D,1,0,0,0,22107.0,1,36.76032701,-119.12387436,3
2017,2017-06-03,1219,6,2,12,6,N,A,Y,A,D,A,C,02,N,03,C,,,Y,,C,N,N,A,1,0,0,1,22350.0,2,36.7655499,-119.83456397,4
2017,2017-06-02,1205,6,2,12,5,N,A,Y,A,H,A,A,07,S,03,C,,,,,C,N,N,D,2,0,0,0,22350.0,3,36.78479076,-119.78432141,4
2017,2017-06-02,1010,6,2,10,5,N,A,N,A,H,A,F,27,W,03,B,,,,Y,E,Y,N,D,2,0,0,0,22350.0,3,36.69259876,-119.15390948,3
2017,2017-06-03,1357,6,2,13,6,N,A,Y,A,H,A,D,22,E,03,C,,,,,C,N,N,D,2,0,0,0,22350.0,2,36.73352129,-119.49737826,4
2017,2017-06-02,845,6,2,8,5,N,A,Y,A,H,A,D,22,E,03,C,,,,,C,Y,N,D,1,0,0,0,22350.0,3,36.73506699,-119.96086998,4
2017,2017-06-03,1800,6,2,18,6,Y,A,N,A,H,A,A,07,,09,D,,,,,C,N,N,A,1,0,0,0,21802.0,2,36.72475007,-119.86241996,4
2017,2017-05-26,1553,5,1,15,5,Y,A,N,A,H,A,D,22,,09,D,,,,,C,Y,N,A,2,0,0,0,21802.0,2,36.61965001,-119.57480993,4
2017,2017-05-26,2013,5,1,20,5,Y,A,N,A,H,B,D,22,,01,D,,,,,C,Y,N,A,1,0,0,0,23152.0,2,36.65596007,-119.57455994,4
2017,2017-05-06,2500,5,1,25,6,N,A,Y,A,H,A,-,- ,N,00,F,,,Y,,A,N,N,D,2,0,0,2,,1,36.83727687,-119.92400062,4
2017,2017-06-05,540,6,2,5,1,N,A,Y,A,H,B,A,08,N,08,E,,,,,I,Y,N,A,1,0,0,0,22107.0,1,36.63835486,-119.69108536,2
2017,2017-06-02,1615,6,2,16,5,Y,A,N,A,H,A,C,02,,08,F,,,Y,,A,N,N,D,1,0,0,1,22107.0,1,36.90327316,-119.50444758,3
2017,2017-06-04,1109,6,2,11,7,Y,A,N,A,H,A,D,22,,05,D,,,,,C,Y,N,A,1,0,0,0,21752.0,2,36.8885501,-119.72022993,3
2017,2017-06-05,1542,6,2,15,1,N,A,Y,A,H,A,A,01,N,03,C,,,,,C,Y,N,D,1,0,0,0,22350.0,2,36.57987681,-119.63310657,4
2017,2017-06-05,1350,6,2,13,1,Y,A,N,A,H,A,A,07,,09,D,,,,,C,Y,N,A,3,0,0,0,21802.0,2,36.76407002,-120.04249993,4
2017,2017-06-06,525,6,2,5,2,N,A,Y,A,H,A,A,01,S,03,C,,,,,C,Y,N,D,1,0,0,0,22350.0,2,36.75504691,-119.82845032,4
2017,2017-06-06,242,6,2,2,2,Y,A,N,A,H,D,A,01,,03,C,,,,,C,Y,N,A,2,0,0,0,22350.0,2,36.54687005,-119.55660986,4
2017,2017-06-06,1712,6,2,17,2,Y,A,N,A,H,A,A,07,,03,C,,,,,C,Y,N,D,2,0,0,0,22350.0,2,36.73202003,-119.66410992,3
2017,2017-04-23,450,4,1,4,7,N,B,N,A,H,D,A,01,W,01,F,,,,,A,Y,N,D,1,0,0,0,23152.0,1,36.59359148,-119.5929631,1
2017,2017-06-06,1858,6,2,18,2,Y,A,N,A,H,A,D,22,,12,D,,,,,C,Y,N,A,3,0,0,0,22450.0,2,36.65856002,-119.45754994,2
2017,2017-06-06,1515,6,2,15,2,Y,A,N,A,H,A,A,01,,03,B,,,,,C,Y,N,D,2,0,0,0,22350.0,2,36.60992011,-119.30484989,3
2017,2017-06-09,1127,6,2,11,5,N,B,Y,A,H,A,A,01,S,08,C,,,,,C,Y,N,D,2,0,0,0,22107.0,3,36.41596234,-120.37669565,4
2017,2017-06-06,1650,6,2,16,2,N,A,Y,A,H,A,A,01,S,03,C,,,,,C,N,N,A,1,0,0,0,22350.0,2,36.78008417,-119.78489636,4
2017,2017-06-09,250,6,2,2,5,N,B,Y,A,H,D,A,01,N,07,C,,,,Y,C,Y,N,D,1,0,0,0,21658.0,2,36.47283333,-120.42847403,4
2017,2017-05-20,1120,5,1,11,6,N,A,N,A,H,A,A,01,N,03,E,,,,,I,Y,N,D,2,0,0,0,22350.0,1,36.74265845,-119.88941431,4
2017,2017-06-06,1225,6,2,12,2,N,A,N,A,H,A,A,01,E,08,B,,Y,,,G,N,N,D,1,0,1,0,22107.0,2,36.43092834,-119.84759341,3
2017,2017-06-02,1653,6,2,16,5,N,A,N,A,H,A,C,02,N,08,F,,,Y,,A,Y,N,D,1,0,0,1,22107.0,1,36.76074526,-119.24103776,2
2020,2020-02-14,1808,2,4,18,5,N,A,N,A,H,C,A,01,N,08,D,,,,,C,N,N,B,1,0,0,0,22107.0,2,36.57073974609375,-119.62877655029295,4
2020,2020-02-15,1330,2,4,13,6,Y,A,N,A,H,A,A,01,,08,D,,,,,C,N,N,D,1,0,0,0,22107.0,2,36.59051132202149,-119.6386489868164,4
2017,2017-06-06,1505,6,2,15,2,N,A,Y,A,H,A,A,01,S,03,C,,,,,C,Y,N,D,1,0,0,0,22350.0,2,36.74595374,-119.82149184,3
2017,2017-06-07,2020,6,2,20,3,Y,A,N,A,H,D,A,01,,09,D,,,,,C,Y,N,D,2,0,0,0,21801.0,2,36.60519001,-119.57483996,2
2017,2017-06-07,1500,6,2,15,3,N,A,Y,A,H,A,A,01,E,03,C,,,,,C,Y,N,D,2,0,0,0,22350.0,4,36.75266023,-119.78790797,4
2017,2017-06-05,700,6,2,7,1,Y,A,N,A,D,A,A,01,,03,D,,,,,C,Y,N,A,3,0,0,0,22350.0,3,36.80866007,-119.69081995,3
2017,2017-06-08,1615,6,2,16,4,N,A,N,A,H,A,A,01,S,04,F,,,,,A,Y,N,D,1,0,0,0,21703.0,1,,,3
2017,2017-06-06,1128,6,2,11,2,N,A,N,A,H,A,A,01,E,06,C,,,,,C,Y,F,D,1,0,0,0,21750.0,2,36.72051009,-119.96550845,3
2017,2017-06-09,1312,6,2,13,5,N,A,Y,A,H,A,A,07,N,07,C,,,,Y,C,Y,N,A,3,0,0,0,21658.0,2,36.54740928,-119.78609346,4
2017,2017-06-04,1350,6,2,13,7,N,A,N,A,H,A,A,01,W,03,E,,,,,I,Y,N,D,1,0,0,0,22350.0,1,36.60459985,-119.91704024,4
2017,2017-06-09,900,6,2,9,5,N,A,N,A,H,A,A,07,W,03,C,,,,,C,N,N,A,2,0,0,0,22350.0,2,36.63423899,-119.78620514,4
2017,2017-06-10,20,6,2,0,6,N,A,Y,A,H,C,A,01,E,01,C,,,,,C,Y,N,D,1,0,0,0,23152.0,2,36.75196,-119.78862,3
2017,2017-06-07,745,6,2,7,3,N,A,Y,A,H,A,A,01,E,03,C,,,,,C,N,N,D,2,0,0,0,22350.0,2,36.75872,-119.74958,4
2017,2017-06-14,2301,6,2,23,3,N,A,Y,A,H,C,A,07,N,08,C,,,,,C,Y,N,D,2,0,0,0,22107.0,2,36.78732248,-119.85479065,2
2017,2017-06-11,320,6,2,3,7,N,A,N,A,H,C,A,07,W,01,F,,,,,A,Y,N,D,1,0,0,0,23152.0,1,36.71414,-119.80154474,3
2017,2017-06-08,2200,6,2,22,4,N,A,N,A,H,D,A,01,N,01,E,,,,,I,Y,N,D,1,0,0,0,23152.0,1,36.7612194,-119.88026071,4
2017,2017-06-10,1430,6,2,14,6,Y,A,N,A,H,A,A,01,,03,D,,,,,C,Y,N,A,1,0,0,0,22350.0,2,36.58990007,-119.48461996,4
2017,2017-06-09,40,6,2,0,5,N,A,Y,A,H,D,A,07,W,01,E,,,,,I,Y,N,D,1,0,0,0,23152.0,1,,,3
2017,2017-06-11,507,6,2,5,7,N,A,Y,A,H,B,A,01,W,08,E,,,,,I,Y,N,D,1,0,0,0,22107.0,1,36.79037569,-119.74861402,4
2017,2017-06-11,548,6,2,5,7,N,A,N,A,H,B,A,01,E,08,F,,,,,I,Y,N,D,1,0,0,0,22107.0,1,36.60457068,-119.50963286,4
2017,2017-06-12,1405,6,2,14,1,N,A,N,A,H,A,D,22,E,08,E,,,,,I,Y,N,D,1,0,0,0,22107.0,1,36.97967658,-119.63215291,4
2017,2017-06-12,1550,6,2,15,1,N,A,Y,A,H,A,A,01,E,03,E,,,,,I,Y,N,D,4,0,0,0,22350.0,1,37.15795484,-119.23631,3
2017,2017-04-14,209,4,1,2,5,N,A,Y,A,H,D,C,02,W,08,E,,,Y,,I,Y,N,D,0,0,0,0,22107.0,1,36.74137,-119.81827,1
2017,2017-06-12,1824,6,2,18,1,N,A,N,A,H,A,A,01,N,08,F,,,,,A,Y,N,D,1,0,0,0,22107.0,1,36.82658263,-119.61012019,3
2017,2017-06-11,1430,6,2,14,7,N,A,N,A,H,A,A,08,E,08,E,,,,,I,Y,N,D,1,0,0,0,22107.0,1,36.71417654,-119.77067749,4
2017,2017-05-20,1825,5,1,18,6,N,A,Y,A,H,A,A,01,W,01,A,,,,,C,Y,N,D,2,0,0,0,23152.0,2,36.73463837,-120.17757983,1
2017,2017-05-28,1200,5,1,12,7,N,A,Y,A,H,A,A,07,W,09,D,,,Y,,C,Y,N,D,1,0,0,0,21804.0,2,36.74036906,-119.24723429,1
2017,2017-06-12,100,6,2,1,1,N,A,N,A,H,D,A,01,E,01,F,,,,,A,Y,N,D,1,0,0,0,23152.0,1,36.72344866,-120.37917841,3
2017,2017-06-02,1615,6,2,16,5,N,A,N,A,H,A,A,01,S,09,B,,,Y,,C,Y,N,D,1,0,0,1,21804.0,2,36.70691595,-119.70011536,3
2017,2017-06-12,1208,6,2,12,1,N,A,Y,A,H,A,D,22,S,03,C,,,,Y,C,Y,N,D,4,0,0,0,22350.0,2,36.6357899,-120.61974411,3
2017,2017-06-06,1445,6,2,14,2,N,A,N,A,H,A,D,22,S,03,C,,,,,C,Y,N,D,1,0,0,0,22350.0,2,36.76090858,-119.91622136,4
2017,2017-06-08,1940,6,2,19,4,Y,A,N,A,H,A,A,01,,09,D,,,Y,,C,Y,N,A,1,0,0,1,21802.0,2,36.72798011,-119.88065999,3
2017,2017-06-02,1650,6,2,16,5,N,A,N,A,H,A,A,01,W,01,E,,,,,I,Y,N,D,1,0,0,0,23152.0,1,36.69136562,-120.00837944,1
2017,2017-06-08,1615,6,2,16,4,N,A,Y,A,H,A,D,22,E,03,C,Y,,,,C,Y,N,D,2,1,0,0,22350.0,4,36.73590493,-119.85830222,4
2017,2017-06-10,1125,6,2,11,6,N,A,N,A,H,A,D,22,W,08,F,,,,,A,Y,N,D,1,0,0,0,22107.0,1,36.6768092,-119.40775803,3
2017,2017-06-12,1315,6,2,13,1,N,A,Y,A,H,A,A,01,N,08,F,,,,,I,Y,N,D,1,0,0,0,22107.0,1,36.7668,-119.7503,3
2017,2017-06-09,750,6,2,7,5,Y,A,Y,A,H,A,A,07,,12,D,,,,,C,Y,N,A,3,0,0,0,21453.0,2,36.64650002,-119.7000799,2
2017,2017-06-12,2317,6,2,23,1,N,A,N,A,H,D,A,01,N,01,E,,,,,I,Y,N,D,1,0,0,0,23152.0,1,36.73713124,-119.4749699,2