ACCIDENT_YEAR,COLLISION_DATE,COLLISION_TIME,MONTH,SEASON,24HOURS,DAY_OF_WEEK,INTERSECTION,WEATHER_1,STATE_HWY_IND,ROAD_SURFACE,ROAD_COND_1,LIGHTING,STWD_VEHTYPE_AT_FAULT,CHP_VEHTYPE_AT_FAULT,DIRECTION,PCF_VIOL_CATEGORY,TYPE_OF_COLLISION,PEDESTRIAN_ACCIDENT,BICYCLE_ACCIDENT,MOTORCYCLE_ACCIDENT,TRUCK_ACCIDENT,MVIW,TOW_AWAY,HIT_AND_RUN,CONTROL_DEVICE,NUMBER_INJURED,COUNT_PED_INJURED,COUNT_BICYCLIST_INJURED,COUNT_MC_INJURED,PCF_VIOLATION,PARTY_COUNT,POINT_Y,POINT_X,COLLISION_SEVERITY
2018,2018-05-19,450,5,1,4,6,N,A,Y,A,H,B,A,01,S,01,C,,,,Y,C,Y,N,D,1,0,0,0,23152.0,2,36.53936767578125,-119.78614807128906,4
2018,2018-05-20,1700,5,1,17,7,N,A,N,A,H,A,A,01,E,08,E,,,,,I,Y,N,D,1,0,0,0,22107.0,1,36.99312973022461,-119.70635986328124,3
2018,2018-05-20,2109,5,1,21,7,N,A,Y,A,H,C,A,01,N,08,E,,,,,I,Y,N,A,1,0,0,0,22107.0,1,36.582077026367195,-119.63590240478516,4
2018,2018-05-21,1920,5,1,19,1,N,A,Y,A,H,A,A,01,S,08,E,,,,,I,Y,N,D,1,0,0,0,22107.0,1,36.77178192138672,-119.78478240966795,3
2018,2018-05-21,1245,5,1,12,1,N,A,Y,A,H,A,G,27,E,07,B,,,,Y,C,Y,N,D,1,0,0,0,21658.0,2,36.745559692382805,-119.8057861328125,4
2018,2018-05-21,1746,5,1,17,1,Y,A,N,A,H,A,A,07,,09,D,,,,,C,Y,N,A,1,0,0,0,21802.0,2,36.56137847900391,-119.55652618408205,4
2018,2018-05-21,1943,5,1,19,1,N,A,Y,A,H,B,A,01,W,03,C,,,,,C,N,N,A,2,0,0,0,22350.0,2,36.751991271972656,-119.70052337646484,4
2018,2018-05-22,745,5,1,7,2,N,A,Y,A,H,A,A,07,S,07,B,,,Y,,C,Y,N,D,1,0,0,1,21658.0,2,36.80749130249024,-119.7854232788086,4
2018,2018-05-24,1540,5,1,15,4,N,A,Y,A,H,A,A,01,S,03,C,,,,,C,Y,N,D,1,0,0,0,22350.0,2,36.73299026489258,-119.80117797851562,4
2018,2018-05-20,1030,5,1,10,7,Y,A,Y,A,H,A,A,01,,12,D,,,,,C,N,N,A,5,0,0,0,22450.0,2,36.73250579833984,-120.36143493652344,3
2018,2018-05-05,1539,5,1,15,6,N,A,Y,A,H,A,A,01,S,08,B,,,,,C,Y,N,D,2,0,0,0,22107.0,2,36.479049682617195,-120.4338607788086,1
2018,2018-05-17,755,5,1,7,4,Y,A,N,A,H,A,A,07,,09,D,,,,,C,Y,N,A,2,0,0,0,21802.0,2,36.764678955078125,-119.59178924560548,2
2018,2018-05-23,1535,5,1,15,3,Y,A,N,A,H,A,A,01,,09,D,,,,,C,Y,N,A,4,0,0,0,21802.0,2,36.77894973754882,-119.89829254150392,3
2018,2018-05-22,1100,5,1,11,2,N,A,N,A,H,A,A,01,W,01,E,,,,,I,Y,N,D,1,0,0,0,23152.0,1,36.431018829345696,-119.75997924804688,3
2018,2018-05-25,1745,5,1,17,5,N,A,N,A,H,A,-,- ,W,18,H,,,,,A,N,N,D,1,0,0,0,,1,36.771869659423835,-119.85625457763672,4
2018,2018-05-28,1420,5,1,14,1,Y,A,N,A,H,A,A,01,,09,D,,,,,C,Y,N,A,1,0,0,0,21801.0,2,36.137741088867195,-120.16448211669922,4
2018,2018-05-25,250,5,1,2,5,N,A,N,A,H,D,A,01,N,08,E,,,,,I,Y,N,D,1,0,0,0,22107.0,1,36.947975158691406,-119.661376953125,4
2018,2018-05-26,2358,5,1,23,6,Y,A,N,A,H,D,-,99,,12,D,,,,,C,Y,F,A,1,0,0,0,22450.0,2,36.14910125732422,-120.36557006835938,4
2018,2018-05-28,1650,5,1,16,1,Y,A,Y,A,H,A,A,01,,09,D,,,,,C,Y,N,A,2,0,0,0,21804.0,2,36.072879791259766,-120.10239410400392,4
2018,2018-05-22,1455,5,1,14,2,N,A,N,A,H,A,C,02,W,03,F,,,Y,,A,N,N,D,1,0,0,1,22350.0,1,36.6635856628418,-119.71996307373048,2
2018,2018-05-23,1427,5,1,14,3,N,A,N,A,H,A,A,07,N,08,F,,,,,A,Y,N,D,1,0,0,0,22107.0,1,36.69623565673828,-119.44841766357422,3
2018,2018-05-27,1658,5,1,16,7,N,A,Y,A,H,A,A,07,N,03,E,,,,,J,Y,N,D,3,0,0,0,22350.0,1,36.803321838378906,-120.74183654785156,3
2018,2018-05-20,1302,5,1,13,7,N,A,Y,A,H,A,A,01,N,08,E,,,,,I,Y,N,D,2,0,0,0,22107.0,1,36.75531005859375,-119.77571105957033,4
2018,2018-05-20,2250,5,1,22,7,N,A,N,A,H,D,A,01,W,17,E,,,,,I,Y,N,A,1,0,0,0,23109.0,1,36.79351043701172,-119.91648864746094,3
2018,2018-05-26,635,5,1,6,6,N,A,Y,A,H,A,D,22,N,03,C,,,,Y,C,Y,N,D,1,0,0,0,22350.0,2,36.548641204833984,-119.59833526611328,4
2018,2018-05-29,1645,5,1,16,2,N,A,Y,A,H,A,A,01,S,03,C,,,,,C,Y,N,D,2,0,0,0,22350.0,2,36.81396865844727,-119.78547668457033,4
2018,2018-05-30,1335,5,1,13,3,N,A,N,A,H,A,D,22,N,09,D,,,,,C,Y,N,D,1,0,0,0,21801.0,2,36.64300537109375,-120.25152587890624,4
2018,2018-05-27,10,5,1,0,7,Y,A,N,A,H,D,A,01,,09,D,,,,,C,Y,N,A,2,0,0,0,21802.0,2,36.70656967163086,-119.85340881347656,4
2018,2018-05-27,1100,5,1,11,7,Y,A,Y,A,H,A,A,01,,09,D,,,,,C,Y,N,A,2,0,0,0,21802.0,2,,,2
2018,2018-05-28,1108,5,1,11,1,N,A,N,A,H,A,F,26,N,09,E,,,,Y,I,Y,N,A,1,0,0,0,21802.0,2,36.574798583984375,-119.3769989013672,4
2018,2018-05-26,1650,5,1,16,6,N,A,N,A,H,A,D,22,E,01,E,,,,,I,Y,N,D,1,0,0,0,23152.0,1,36.6052360534668,-119.80162811279295,3
2018,2018-05-31,48,5,1,0,4,N,A,N,A,H,D,N,60,W,11,G,Y,,,,B,N,N,D,1,1,0,0,21956.0,2,36.70709609985352,-119.63723754882812,2
2018,2018-05-28,1855,5,1,18,1,N,A,N,A,H,A,A,01,N,08,E,,,,,I,Y,N,D,2,0,0,0,22107.0,1,36.68205642700195,-119.5743408203125,4
2018,2018-05-26,1340,5,1,13,6,Y,A,N,A,H,A,D,22,,12,D,,,,,C,Y,N,A,2,0,0,0,22450.0,2,36.67794036865234,-119.790771484375,4
2018,2018-05-27,223,5,1,2,7,N,A,Y,A,H,D,A,01,N,01,C,,,,,C,Y,N,D,2,0,0,0,23152.0,2,36.6084098815918,-119.78598785400392,3
2018,2018-05-23,1929,5,1,19,3,Y,A,N,A,H,A,A,01,,09,A,,,,,C,Y,N,A,1,0,0,0,21801.0,2,36.793899536132805,-119.80860137939452,4
2018,2018-05-28,1615,5,1,16,1,N,A,Y,A,H,A,A,08,S,08,E,,,,,I,Y,N,D,1,0,0,0,22107.0,1,36.72670364379882,-119.78432464599608,4
2018,2018-05-31,1610,5,1,16,4,N,A,N,A,H,A,A,07,E,08,F,,,,,I,Y,N,D,1,0,0,0,22107.0,1,36.6922607421875,-119.62600708007812,2
2018,2018-05-26,1525,5,1,15,6,N,A,N,A,H,A,C,06,S,22,H,,,Y,,A,N,N,D,1,0,0,1,,1,37.244495391845696,-121.07798004150392,2
2018,2018-03-02,1712,3,1,17,5,N,B,N,A,H,A,A,01,E,08,A,,,,,C,Y,N,D,0,0,0,0,22107.0,2,36.60512924194336,-119.58219909667967,1
2018,2018-05-22,1643,5,1,16,2,N,A,N,A,H,A,D,22,E,09,D,,,,,C,Y,N,D,2,0,0,0,21804.0,2,36.706642150878906,-119.84064483642578,3
2018,2018-05-25,1850,5,1,18,5,N,A,N,A,H,A,A,01,W,03,E,,,,,I,Y,N,A,1,0,0,0,22350.0,1,36.81521987915039,-120.01561737060548,4
2018,2018-05-26,1710,5,1,17,6,Y,A,N,A,H,A,D,22,,09,D,,,,,C,Y,N,A,1,0,0,0,21802.0,2,36.73506927490234,-119.9604721069336,4
2018,2018-05-20,1330,5,1,13,7,Y,A,N,A,H,A,A,01,,12,D,,,,,C,Y,N,A,3,0,0,0,21453.0,2,36.546871185302734,-119.55661010742188,2
2018,2018-05-23,2200,5,1,22,3,N,A,Y,A,D,D,D,22,S,03,C,,,,Y,C,Y,N,A,1,0,0,0,22350.0,2,36.27464294433594,-120.25698852539062,3
2018,2018-06-02,1935,6,2,19,6,Y,A,N,A,H,A,A,07,,09,D,,,,,C,Y,N,A,2,0,0,0,21802.0,2,36.43087005615234,-119.85118103027344,3
2018,2018-05-25,1820,5,1,18,5,N,A,Y,A,H,A,D,22,S,03,E,,,,,I,N,N,D,1,0,0,0,22350.0,1,,,4
2018,2018-05-25,2032,5,1,20,5,N,A,Y,A,H,C,C,02,S,08,E,,,Y,,I,Y,N,A,1,0,0,1,22107.0,1,,,4
2018,2018-06-03,1245,6,2,12,7,Y,A,N,A,H,A,N,60,,11,G,Y,,,,B,N,N,D,1,1,0,0,21954.0,2,36.983108520507805,-119.71611785888672,3
2018,2018-06-01,750,6,2,7,5,N,A,N,A,H,A,A,01,W,03,C,,,,,C,Y,N,D,2,0,0,0,22350.0,2,36.60539245605469,-119.61105346679688,4
2018,2018-06-02,725,6,2,7,6,N,A,Y,A,H,A,-,- ,N,00,B,,,,,C,Y,N,D,2,0,0,0,,3,36.63555145263672,-119.6943817138672,4
2018,2018-05-12,108,5,1,1,6,N,A,N,A,H,D,A,01,W,01,E,,,,,I,Y,N,D,0,0,0,0,23152.0,1,36.54679870605469,-119.5272216796875,1
2018,2018-04-04,1126,4,1,11,3,N,A,Y,A,H,A,A,01,E,08,A,,,,,C,Y,N,D,2,0,0,0,22107.0,2,36.7327995300293,-119.48870849609376,1
2018,2018-05-27,2007,5,1,20,7,N,A,N,A,H,A,C,03,S,08,F,,,Y,,A,N,N,D,1,0,0,1,22107.0,1,36.68211364746094,-119.84449005126952,2
2018,2018-05-23,1645,5,1,16,3,N,A,N,A,H,A,D,22,E,03,C,,,,,C,Y,N,D,2,0,0,0,22350.0,3,36.67790603637695,-119.73609924316406,4
2018,2018-06-02,1750,6,2,17,6,Y,A,N,A,H,A,A,01,,01,D,,,,,C,Y,N,A,1,0,0,0,23152.0,2,36.74903106689453,-120.4413604736328,4
2020,2020-03-13,1639,3,1,16,5,Y,A,N,A,H,A,A,01,,09,D,,,,,C,Y,N,D,1,0,0,0,21802.0,2,36.70132827758789,-119.5549087524414,4
2018,2018-06-02,845,6,2,8,6,N,A,Y,A,C,A,F,26,N,03,C,,,,Y,C,Y,N,D,2,0,0,0,22350.0,2,36.758785247802734,-119.83068084716795,4
2020,2020-03-17,1056,3,1,10,2,N,B,N,A,H,A,-,,N,10,G,Y,,,,B,N,N,A,1,1,0,0,21950.0,2,36.709178924560554,-119.55649566650392,4
2018,2018-06-02,1244,6,2,12,6,N,A,N,A,H,A,A,01,W,01,B,,,,,C,Y,N,D,2,0,0,0,23152.0,2,37.07965850830078,-119.33486938476562,4
2018,2018-05-24,2130,5,1,21,4,Y,A,N,A,H,A,A,01,,12,D,,,,,C,Y,F,A,1,0,0,0,22450.0,2,36.618549346923835,-119.41297149658205,3
2018,2018-06-01,1755,6,2,17,5,N,A,Y,A,H,A,A,01,N,01,C,,,,,C,Y,N,D,2,0,0,0,23152.0,3,36.79693603515625,-119.78540802001952,3
2018,2018-05-29,1745,5,1,17,2,N,A,Y,A,H,A,A,07,S,03,E,,,,,I,Y,N,D,1,0,0,0,22350.0,1,36.75635147094727,-119.75061798095705,3
2018,2018-06-06,2224,6,2,22,3,N,A,Y,A,D,C,A,01,N,01,C,,,,,C,Y,N,D,2,0,0,0,23152.0,2,36.75173568725586,-119.82599639892578,4
2018,2018-05-26,1605,5,1,16,6,N,A,N,A,H,A,A,01,S,01,E,,,,,I,Y,N,D,1,0,0,0,23152.0,1,36.77953720092773,-119.73638916015624,2
2018,2018-05-29,1437,5,1,14,2,N,A,N,A,H,A,A,01,S,03,E,,,,,I,Y,N,D,1,0,0,0,22350.0,1,36.75503921508789,-119.7129364013672,3
2018,2018-06-06,1200,6,2,12,3,N,A,Y,A,H,A,A,01,N,08,D,,,,Y,C,Y,N,D,2,0,0,0,22107.0,2,36.73863983154297,-119.80850219726562,4
2018,2018-06-06,956,6,2,9,3,Y,A,N,A,H,A,A,07,,05,B,,,,,C,Y,N,D,1,0,0,0,21752.0,2,36.57545852661133,-119.48471069335938,4
2018,2018-05-26,2145,5,1,21,6,N,A,Y,A,H,D,A,01,N,01,B,,,,,C,Y,N,D,4,0,0,0,23152.0,2,36.538063049316406,-119.58576202392578,3
2018,2018-05-28,830,5,1,8,1,N,A,Y,A,H,A,A,01,N,07,D,,,,Y,C,Y,N,D,2,0,0,0,21658.0,2,36.74311447143555,-119.7771453857422,3
2018,2018-05-31,1215,5,1,12,4,N,A,N,A,H,A,A,07,N,08,E,,,,,I,Y,N,A,1,0,0,0,22107.0,1,36.5615463256836,-119.55653381347656,4
2018,2018-06-02,145,6,2,1,6,N,A,Y,A,H,C,A,07,N,01,E,,,,,I,Y,N,D,1,0,0,0,23152.0,1,36.76625061035156,-119.77922821044922,3
2018,2018-05-29,1713,5,1,17,2,Y,A,N,A,H,A,-,- ,,09,D,,,,,C,Y,N,D,2,0,0,0,21800.0,2,36.43286895751953,-119.86530303955078,4
2018,2018-05-29,745,5,1,7,2,N,A,Y,A,D,A,A,01,N,03,C,,,,,C,Y,N,A,2,0,0,0,22350.0,2,36.74309158325195,-119.77742004394533,4
2018,2018-06-05,1620,6,2,16,2,Y,A,N,A,H,A,A,01,,09,D,,,,,C,Y,N,A,1,0,0,0,21802.0,2,36.7209587097168,-119.88053131103516,4
2018,2018-06-07,1900,6,2,19,4,N,A,Y,A,H,A,A,01,N,08,E,,,,,I,Y,N,D,4,0,0,0,22107.0,1,36.804023742675774,-119.78511810302734,4
2018,2018-06-08,745,6,2,7,5,Y,A,N,A,H,A,A,01,,09,A,,,,,C,Y,N,D,1,0,0,0,21801.0,2,36.69937896728516,-119.59211730957033,3
2018,2018-06-06,1805,6,2,18,3,N,A,Y,A,H,A,D,22,S,08,E,,,,,I,Y,N,D,1,0,0,0,22107.0,1,36.24446487426758,-120.23756408691406,4
2018,2018-06-03,755,6,2,7,7,N,A,Y,A,H,A,A,01,S,08,E,,,,,I,Y,N,D,2,0,0,0,22107.0,1,36.07537460327149,-120.23094940185548,3
2018,2018-05-27,245,5,1,2,7,N,A,N,A,H,D,A,01,W,01,E,,,,,I,Y,N,D,2,0,0,0,23152.0,1,36.67780685424805,-119.5585479736328,4
2018,2018-05-31,1515,5,1,15,4,N,A,N,A,H,A,D,22,E,05,A,,,,,C,Y,N,D,1,0,0,0,21460.0,2,36.76443862915039,-119.51081848144533,3
2018,2018-06-02,1235,6,2,12,6,N,A,Y,A,H,A,A,01,W,03,C,,,,,C,N,N,A,1,0,0,0,22350.0,2,36.747650146484375,-119.80043029785156,4
2018,2018-06-03,230,6,2,2,7,N,A,Y,A,H,D,D,22,N,03,C,,,,,C,Y,N,D,1,0,0,0,22350.0,2,36.6840705871582,-119.7489776611328,4
2018,2018-06-04,1435,6,2,14,1,N,A,N,A,H,A,A,07,E,08,E,,,,,I,Y,N,D,2,0,0,0,22107.0,1,36.51818084716797,-119.67362213134766,4
2018,2018-06-04,2150,6,2,21,1,Y,A,N,A,H,D,E,22,,09,D,,,,,C,Y,N,A,4,0,0,0,21802.0,2,36.61862182617188,-119.43083953857422,3
2018,2018-06-05,620,6,2,6,2,N,A,N,A,H,A,D,22,W,03,C,,,,,C,Y,N,D,2,0,0,0,22350.0,2,36.753433227539055,-119.46466827392578,4
2018,2018-06-05,1425,6,2,14,2,Y,A,N,A,H,A,-,99,,09,D,,,Y,,C,N,F,A,2,0,0,2,21802.0,2,36.67794036865234,-119.790771484375,3
2018,2018-06-05,1345,6,2,13,2,Y,A,Y,A,H,A,A,01,,09,D,,,,,C,Y,N,D,2,0,0,0,21804.0,2,37.04557037353516,-119.4838409423828,3
2018,2018-06-06,1455,6,2,14,3,N,A,N,A,H,A,-,- ,E,00,D,,,,,C,Y,N,D,4,0,0,0,,2,36.66969680786133,-119.46636199951172,2
2018,2018-06-04,950,6,2,9,1,N,A,Y,A,H,A,A,01,S,08,E,,,,,I,Y,N,D,2,0,0,0,22107.0,1,36.472076416015625,-120.4277572631836,4
2018,2018-06-09,1400,6,2,14,6,Y,A,N,A,H,A,A,01,,09,D,,,,,C,Y,N,A,1,0,0,0,21802.0,2,36.6196517944336,-119.57480621337892,4
2018,2018-06-09,1800,6,2,18,6,Y,A,N,A,H,A,A,07,,09,D,,,,,C,Y,N,D,1,0,0,0,21801.0,2,36.70746994018555,-119.64599609375,4
2018,2018-06-06,1700,6,2,17,3,N,A,Y,A,H,A,A,01,E,03,B,,,Y,,C,Y,N,D,1,0,0,1,22350.0,2,36.75444793701172,-119.73400115966795,3
2018,2018-06-09,1700,6,2,17,6,Y,A,N,A,H,A,A,01,,09,D,,,,,C,Y,N,A,3,0,0,0,21802.0,2,36.69282913208008,-119.66397094726562,3
2018,2018-05-31,1741,5,1,17,4,N,A,Y,A,H,A,A,01,S,03,C,,,,,C,Y,F,D,2,0,0,0,22350.0,2,36.754581451416016,-119.7761001586914,4
2018,2018-06-05,2245,6,2,22,2,N,A,Y,A,H,D,G,25,N,03,C,,,,Y,C,Y,N,B,2,0,0,0,22350.0,3,36.64274978637695,-120.62506866455078,3
2018,2018-06-09,530,6,2,5,6,N,A,N,A,H,B,A,01,W,03,C,,,,,C,Y,N,D,2,0,0,0,22350.0,2,36.546783447265625,-119.50872802734376,3
2018,2018-05-31,1055,5,1,10,4,N,A,Y,A,H,A,A,01,E,03,E,,,,,I,Y,N,D,1,0,0,0,22350.0,1,36.75453186035156,-119.75231170654295,3
2018,2018-06-04,720,6,2,7,1,N,A,Y,A,H,A,-,99,E,07,E,,,,,I,Y,F,D,1,0,0,0,21658.0,3,36.7551383972168,-119.75328063964844,4
2018,2018-06-12,550,6,2,5,2,N,A,Y,A,H,A,D,22,N,07,B,,,,,C,N,N,D,1,0,0,0,21658.0,2,36.72917175292969,-119.7972412109375,4
2018,2018-06-08,557,6,2,5,5,N,A,N,A,H,B,A,01,E,03,C,,,,,C,Y,N,D,2,0,0,0,22350.0,2,36.82277297973633,-119.82310485839844,4
2018,2018-06-05,1910,6,2,19,2,Y,A,N,A,H,A,A,01,,03,C,,,,,C,N,N,D,3,0,0,0,22350.0,2,36.70252990722656,-119.25440216064452,4
2018,2018-06-09,1016,6,2,10,6,N,A,Y,A,H,A,C,02,E,08,F,,,Y,,A,N,N,D,1,0,0,1,22107.0,1,36.75345230102539,-119.72618865966795,3
2018,2018-06-10,1515,6,2,15,7,N,A,N,A,H,A,C,02,N,08,F,,,Y,,A,Y,N,D,1,0,0,1,22107.0,1,37.00971603393555,-119.42147064208984,3
2018,2018-06-10,1810,6,2,18,7,Y,A,N,A,H,A,A,01,,12,D,,,,,C,Y,N,D,2,0,0,0,21453.0,3,36.69245910644531,-119.73660278320312,3
2020,2020-03-12,1948,3,1,19,4,N,A,N,A,H,C,N,60,S,11,G,Y,,,,B,N,F,D,1,1,0,0,21955.0,2,36.574085235595696,-119.6223373413086,3
2018,2018-05-19,1220,5,1,12,6,N,A,Y,A,H,A,A,07,W,08,E,,,,,I,Y,N,D,2,0,0,0,22107.0,1,36.75200653076172,-119.79104614257812,1
2018,2018-06-10,5,6,2,0,7,N,A,N,A,H,D,A,01,E,01,E,,,,,I,Y,N,D,1,0,0,0,23152.0,1,36.18123626708984,-120.14257049560548,3
2018,2018-05-29,2030,5,1,20,2,N,A,Y,A,D,C,A,01,S,03,C,,,,,C,N,N,A,1,0,0,0,22350.0,2,36.75015640258789,-119.82480621337892,4
2018,2018-06-05,1740,6,2,17,2,N,A,N,A,H,A,-,- ,E,18,E,,,,,I,Y,N,D,1,0,0,0,,1,36.70777130126953,-119.71807861328124,4
2018,2018-06-06,1715,6,2,17,3,N,A,N,A,H,A,A,01,E,12,G,Y,,,,B,N,N,A,1,1,0,0,21453.0,2,36.79317855834961,-119.700439453125,3
2018,2018-06-04,1255,6,2,12,1,N,A,Y,A,H,A,A,07,E,01,C,,,,Y,C,Y,N,D,1,0,0,0,23152.0,3,36.73616790771485,-119.57318115234376,2
2018,2018-06-04,1435,6,2,14,1,N,A,Y,A,H,A,C,02,E,03,D,,,Y,,C,Y,N,D,1,0,0,1,22350.0,2,36.7456283569336,-119.0813446044922,4
2018,2018-06-14,1745,6,2,17,4,N,A,Y,A,H,A,A,01,N,03,C,,,,,C,Y,N,D,1,0,0,0,22350.0,3,36.81114959716797,-119.7854461669922,4
2018,2018-06-07,2350,6,2,23,4,N,A,Y,A,H,D,G,25,E,08,E,,,,Y,I,Y,N,D,1,0,0,0,22107.0,1,36.16366958618164,-120.65419006347656,4
2018,2018-06-11,1530,6,2,15,1,N,A,N,A,H,A,L,04,N,09,D,,Y,,,G,N,N,A,1,0,1,0,21804.0,2,36.822853088378906,-119.81735229492188,3
2018,2018-06-13,1655,6,2,16,3,N,A,Y,A,H,A,A,01,N,03,C,,,,,C,Y,N,D,2,0,0,0,22350.0,2,36.48917388916016,-119.6291046142578,4
2018,2018-06-05,745,6,2,7,2,N,A,N,A,H,A,A,01,E,03,C,,,,,C,Y,N,D,1,0,0,0,22350.0,2,36.82279586791992,-119.82047271728516,4
2018,2018-06-08,0,6,2,0,5,N,A,Y,A,H,D,-,- ,N,18,E,,,,,I,Y,N,D,1,0,0,0,,1,36.16231536865234,-120.64984130859376,4
2018,2018-06-06,930,6,2,9,3,N,A,N,A,H,A,A,01,S,09,B,,,,Y,C,N,N,D,1,0,0,0,21801.0,2,36.589881896972656,-119.88809204101562,4
2018,2018-06-09,1017,6,2,10,6,N,A,Y,A,H,A,A,01,E,03,B,Y,,,,C,Y,N,D,3,2,0,0,22350.0,4,36.753433227539055,-119.7262954711914,2
2018,2018-06-11,1950,6,2,19,1,N,A,Y,A,H,A,A,01,S,01,E,,,,,I,Y,N,D,3,0,0,0,23152.0,1,36.76823425292969,-119.83641052246094,3
2018,2018-04-05,2040,4,1,20,4,N,B,Y,A,H,D,N,60,S,11,G,Y,,,,B,N,F,D,0,0,0,0,21954.0,2,36.63914108276367,-120.622314453125,1
2018,2018-05-05,2039,5,1,20,6,N,A,Y,A,H,D,A,01,N,01,A,,,,,C,Y,N,D,1,0,0,0,23152.0,2,36.642311096191406,-119.78590393066406,1
2018,2018-06-13,1410,6,2,14,3,N,A,N,A,H,A,J,43,N,08,E,,,,,I,Y,N,D,1,0,0,0,22107.0,1,36.925392150878906,-119.73311614990234,4
2018,2018-06-08,1815,6,2,18,5,N,A,N,A,H,A,A,01,S,03,C,,,Y,,C,N,N,D,2,0,0,1,22350.0,2,36.71915435791016,-119.86238861083984,3
2018,2018-06-12,1225,6,2,12,2,N,A,Y,A,H,A,D,22,W,03,C,,,,,C,N,N,D,1,0,0,0,22350.0,2,36.80202102661133,-119.73963165283205,4
2018,2018-06-12,8,6,2,0,2,N,A,Y,A,H,C,N,60,N,11,G,Y,,,,B,N,F,D,1,1,0,0,21956.0,2,36.7392692565918,-119.80922698974608,4
2018,2018-06-10,1640,6,2,16,7,N,A,Y,A,H,A,A,01,S,03,C,,,,,C,Y,N,D,1,0,0,0,22350.0,2,,,4
2018,2018-06-12,955,6,2,9,2,N,A,N,A,H,A,A,01,E,08,F,,,,,I,Y,N,D,1,0,0,0,22107.0,1,36.488967895507805,-119.88597869873048,3
2018,2018-06-06,1140,6,2,11,3,N,A,Y,A,H,A,D,22,S,03,C,,,,,C,Y,N,D,3,0,0,0,22350.0,4,36.80263900756836,-119.7851333618164,4
2018,2018-06-12,747,6,2,7,2,Y,A,N,A,H,A,N,60,,11,G,Y,,,,B,N,N,A,1,1,0,0,21954.0,2,36.80117034912109,-119.8039779663086,4
2018,2018-06-11,1510,6,2,15,1,N,A,Y,A,H,A,A,01,S,08,E,,,,,I,Y,N,D,1,0,0,0,22107.0,1,36.13327407836913,-120.15501403808594,3
2018,2018-06-08,1915,6,2,19,5,N,A,N,A,H,A,A,01,E,01,F,,,,,A,Y,N,D,1,0,0,0,23152.0,1,36.57615661621094,-119.60317993164062,3
2018,2018-06-15,810,6,2,8,5,N,A,Y,A,H,A,A,01,E,08,E,,,,,I,Y,N,D,1,0,0,0,22107.0,1,36.96541976928711,-119.51912689208984,3
2018,2018-06-12,15,6,2,0,2,N,A,Y,A,H,D,G,25,N,03,C,,,,Y,C,Y,N,D,1,0,0,0,22350.0,2,36.79672622680664,-120.7368392944336,2
2018,2018-06-07,1355,6,2,13,4,N,A,N,A,H,A,A,01,E,01,D,,,,Y,C,Y,N,D,1,0,0,0,23152.0,2,36.996089935302734,-119.40814971923828,4
2018,2018-06-10,25,6,2,0,7,N,A,Y,A,H,D,A,01,N,08,F,,,,,A,Y,N,D,1,0,0,0,22107.0,1,36.467819213867195,-120.42366027832033,4
2018,2018-06-13,1000,6,2,10,3,Y,A,N,A,H,A,D,22,,12,D,,,,,C,Y,N,A,1,0,0,0,22450.0,3,36.67779159545898,-119.80883026123048,4
2018,2018-06-17,2150,6,2,21,7,N,A,Y,A,H,C,D,22,W,03,C,,,,,C,Y,N,D,2,0,0,0,22350.0,3,36.743030548095696,-119.81134033203124,4
2018,2018-06-17,1050,6,2,10,7,N,B,N,A,H,A,A,01,S,03,C,,,,,C,N,N,A,1,0,0,0,22350.0,2,36.786277770996094,-119.87133026123048,4
2018,2018-06-18,1440,6,2,14,1,N,A,Y,A,H,A,A,07,S,03,C,,,,,C,N,N,D,1,0,0,0,22350.0,2,36.745697021484375,-119.82134246826172,4
2018,2018-06-08,1712,6,2,17,5,N,A,N,A,H,A,A,01,W,08,E,,,,,I,Y,N,D,1,0,0,0,22107.0,1,36.137882232666016,-120.12419128417967,4
2018,2018-06-11,811,6,2,8,1,N,A,Y,A,H,A,J,48,E,08,D,,,,,C,Y,N,D,1,0,0,0,22107.0,2,36.73525238037109,-119.92693328857422,4
2018,2018-06-11,1710,6,2,17,1,Y,A,N,A,H,A,A,07,,12,D,,,,,C,Y,N,A,4,0,0,0,22450.0,2,36.76443862915039,-119.8982162475586,4