ACCIDENT_YEAR,COLLISION_DATE,COLLISION_TIME,MONTH,SEASON,24HOURS,DAY_OF_WEEK,INTERSECTION,WEATHER_1,STATE_HWY_IND,ROAD_SURFACE,ROAD_COND_1,LIGHTING,STWD_VEHTYPE_AT_FAULT,CHP_VEHTYPE_AT_FAULT,DIRECTION,PCF_VIOL_CATEGORY,TYPE_OF_COLLISION,PEDESTRIAN_ACCIDENT,BICYCLE_ACCIDENT,MOTORCYCLE_ACCIDENT,TRUCK_ACCIDENT,MVIW,TOW_AWAY,HIT_AND_RUN,CONTROL_DEVICE,NUMBER_INJURED,COUNT_PED_INJURED,COUNT_BICYCLIST_INJURED,COUNT_MC_INJURED,PCF_VIOLATION,PARTY_COUNT,POINT_Y,POINT_X,COLLISION_SEVERITY
2019,2019-09-12,555,9,3,5,4,N,A,N,A,H,A,D,22,E,08,A,,,,,C,Y,N,D,2,0,0,0,22107.0,2,36.488746643066406,-119.9287109375,2
2019,2019-09-18,1915,9,3,19,3,N,A,N,A,H,A,C,02,E,08,F,,,Y,,A,Y,N,D,2,0,0,2,22107.0,2,36.96220016479492,-119.44956207275392,2
2019,2019-09-18,1227,9,3,12,3,Y,A,N,A,H,A,D,22,,12,D,,,,,C,Y,N,A,3,0,0,0,22450.0,2,36.77888870239258,-119.91632080078124,4
2019,2019-09-18,2115,9,3,21,3,N,A,N,A,H,D,A,01,S,08,E,,,,,I,Y,N,D,2,0,0,0,22107.0,1,36.948291778564446,-120.59969329833984,3
2019,2019-09-16,1645,9,3,16,1,N,A,Y,A,H,A,A,01,S,08,A,,,,Y,C,Y,N,D,1,0,0,0,22107.0,2,36.51084899902344,-120.46420288085938,2
2019,2019-09-16,150,9,3,1,1,Y,A,Y,A,H,D,A,07,,01,B,,,,,I,Y,N,A,1,0,0,0,23152.0,1,36.706809997558594,-119.78508758544922,4
2019,2019-09-19,715,9,3,7,4,N,A,Y,A,A,A,C,02,E,08,F,,,Y,,A,Y,N,D,1,0,0,1,22107.0,1,36.74105072021485,-119.81197357177734,3
2019,2019-09-12,2500,9,3,25,4,Y,A,N,A,H,A,-,99,,10,G,Y,,,,B,N,F,A,1,1,0,0,21950.0,2,36.75038909912109,-119.7273178100586,4
2019,2019-09-19,755,9,3,7,4,Y,A,N,A,H,A,A,01,,12,D,,,,Y,C,Y,N,A,1,0,0,0,22450.0,2,36.76433944702149,-119.91622924804688,3
2019,2019-09-17,650,9,3,6,2,N,A,N,A,H,A,A,01,N,03,C,,,,,C,Y,N,D,1,0,0,0,22350.0,2,36.62310791015625,-119.45771026611328,4
2019,2019-09-17,728,9,3,7,2,N,A,N,A,H,A,A,08,E,08,E,,,,,I,Y,N,D,1,0,0,0,22107.0,1,36.72101974487305,-119.86235809326172,3
2019,2019-09-18,525,9,3,5,3,N,A,Y,A,H,D,A,01,S,06,A,,,,Y,C,N,N,D,3,0,0,0,21751.0,4,36.45341110229492,-119.63615417480467,3
2019,2019-09-18,800,9,3,8,3,N,A,Y,A,H,A,A,01,E,03,C,,,,,C,Y,N,D,4,0,0,0,22350.0,4,36.7532958984375,-119.6930923461914,4
2019,2019-09-18,610,9,3,6,3,Y,A,N,A,H,A,A,01,,09,D,,,,,C,Y,N,D,1,0,0,0,21801.0,2,36.60369110107422,-119.37670135498048,4
2019,2019-09-19,1720,9,3,17,4,N,A,Y,A,H,A,A,01,N,03,C,,,,,C,N,N,D,2,0,0,0,22350.0,2,36.794395446777344,-119.78475952148438,4
2019,2019-09-13,1320,9,3,13,5,Y,A,N,A,H,A,D,22,,12,D,,,,,C,Y,N,A,2,0,0,0,22450.0,2,36.692241668701165,-119.80882263183594,3
2019,2019-09-16,1310,9,3,13,1,N,A,Y,A,H,A,-,- ,S,18,E,,,,,I,Y,N,D,2,0,0,0,,1,36.763378143310554,-119.77568817138672,3
2019,2019-09-21,1633,9,3,16,6,N,A,N,A,H,A,D,22,E,03,C,,,,,C,Y,N,A,5,0,0,0,22350.0,2,36.54734802246094,-119.79088592529295,4
2019,2019-09-16,815,9,3,8,1,N,A,Y,A,H,A,A,01,N,03,C,,,,,C,Y,N,D,1,0,0,0,22350.0,2,36.78418731689453,-119.78436279296876,4
2019,2019-09-21,2310,9,3,23,6,N,A,N,A,H,D,A,01,E,03,E,,,,,I,Y,N,D,1,0,0,0,22350.0,1,36.58103942871094,-119.3139190673828,4
2019,2019-09-21,845,9,3,8,6,N,A,N,A,H,A,A,01,S,06,B,,Y,,,G,N,N,D,1,0,1,0,21750.0,2,36.567279815673835,-119.57504272460938,4
2019,2019-09-14,1449,9,3,14,6,N,A,N,A,H,A,D,22,S,01,A,,,,,C,Y,N,D,3,0,0,0,23152.0,2,36.553443908691406,-119.52117156982422,2
2019,2019-09-23,1635,9,3,16,1,N,A,N,A,H,A,D,22,E,08,E,,,,,I,Y,N,D,2,0,0,0,22107.0,1,36.61856842041016,-119.42365264892578,4
2020,2020-05-24,1850,5,1,18,7,Y,A,N,A,H,B,-,- ,,- ,A,,,,,C,Y,N,A,3,0,0,0,,2,36.59077072143555,-119.61963653564452,3
2019,2019-09-19,1410,9,3,14,4,N,A,Y,A,H,A,A,01,S,03,C,,,,,C,Y,N,D,2,0,0,0,22350.0,4,36.829681396484375,-119.78491973876952,4
2019,2019-09-17,735,9,3,7,2,N,A,Y,A,H,A,E,22,N,03,C,,,,,C,N,N,D,1,0,0,0,22350.0,2,36.70724487304688,-119.77425384521484,4
2019,2019-09-18,714,9,3,7,3,N,A,N,A,H,A,D,22,W,03,C,,,,,C,Y,N,D,1,0,0,0,22350.0,2,36.402050018310554,-119.7851104736328,4
2019,2019-09-23,230,9,3,2,1,N,A,Y,A,H,D,A,01,N,01,B,,,,,C,Y,N,D,1,0,0,0,23152.0,2,36.38921356201172,-120.35277557373048,3
2019,2019-09-23,1905,9,3,19,1,Y,A,N,A,H,B,A,01,,09,D,,,,,C,Y,N,A,1,0,0,0,21802.0,2,36.706741333007805,-119.81790924072266,4
2019,2019-09-23,1455,9,3,14,1,Y,A,N,A,H,A,A,01,,09,D,,,,,C,Y,N,A,1,0,0,0,21802.0,2,36.7138786315918,-119.84449005126952,4
2019,2019-09-20,1110,9,3,11,5,Y,A,N,A,H,A,A,01,,09,D,,,,,C,Y,N,A,2,0,0,0,21802.0,3,36.69282913208008,-119.66397094726562,4
2019,2019-09-23,810,9,3,8,1,N,A,Y,A,H,A,A,01,W,03,C,,,,,C,Y,N,D,1,0,0,0,22350.0,2,36.738479614257805,-119.8209991455078,4
2019,2019-09-22,1607,9,3,16,7,Y,A,N,A,H,A,A,01,,03,B,,,,,C,Y,F,D,1,0,0,0,22350.0,2,36.85091018676758,-120.56329345703124,2
2019,2019-09-24,1720,9,3,17,2,N,A,Y,A,H,A,D,22,N,03,C,,,,,C,N,N,D,2,0,0,0,22350.0,3,36.81822204589844,-119.7855224609375,4
2019,2019-09-23,1620,9,3,16,1,Y,A,N,A,H,A,A,01,,09,D,,,,,C,Y,N,A,1,0,0,0,21802.0,2,36.676719665527344,-119.448486328125,4
2019,2019-09-19,1625,9,3,16,4,Y,A,N,A,H,A,A,07,,12,B,,,,,C,N,N,A,2,0,0,0,22450.0,2,36.79386138916016,-119.61026000976562,4
2019,2019-09-19,646,9,3,6,4,Y,A,N,A,H,A,D,22,,09,E,,,,,I,Y,N,A,1,0,0,0,21802.0,2,36.576358795166016,-119.70050048828124,4
2019,2019-09-25,1339,9,3,13,3,N,A,N,A,H,A,D,22,S,03,C,,,,,C,Y,N,A,1,0,0,0,22350.0,2,36.7285041809082,-119.70011138916016,4
2019,2019-09-19,1435,9,3,14,4,N,A,Y,A,H,A,A,01,S,03,C,,,,,C,N,N,D,1,0,0,0,22350.0,4,36.74585723876953,-119.82141876220705,4
2019,2019-09-25,1550,9,3,15,3,N,A,Y,A,H,A,A,01,N,03,C,,,,,C,Y,N,D,2,0,0,0,22350.0,3,36.68959426879882,-119.75564575195312,4
2019,2019-09-26,1225,9,3,12,4,Y,A,N,A,H,A,A,01,,09,D,,,,,C,N,N,D,2,0,0,0,21802.0,2,36.618549346923835,-119.41297149658205,4
2019,2019-09-17,1930,9,3,19,2,N,A,N,A,H,D,C,02,S,01,F,,,Y,,A,N,N,D,1,0,0,1,23152.0,2,36.76945495605469,-120.1234130859375,2
2019,2019-09-19,725,9,3,7,4,N,B,N,A,H,B,A,01,S,03,C,,,,,C,Y,N,D,2,0,0,0,22350.0,2,36.67557144165039,-119.69993591308594,2
2019,2019-09-19,1710,9,3,17,4,Y,A,N,A,H,A,A,07,,09,D,,,,,C,Y,N,A,1,0,0,0,21802.0,2,36.576358795166016,-119.70050048828124,3
2019,2019-09-23,603,9,3,6,1,Y,A,N,A,H,B,A,01,,12,D,,,,,C,Y,N,A,1,0,0,0,22450.0,2,36.70746994018555,-119.64599609375,4
2019,2019-09-25,605,9,3,6,3,N,A,Y,A,H,A,A,01,S,03,C,,,,Y,C,Y,N,D,1,0,0,0,22350.0,2,36.82931518554688,-120.75971221923828,3
2019,2019-09-26,715,9,3,7,4,N,A,N,A,H,A,F,26,S,09,E,,,,Y,I,Y,N,A,1,0,0,0,21802.0,2,36.777862548828125,-120.65711212158205,4
2019,2019-09-18,1340,9,3,13,3,N,A,N,A,H,A,A,01,W,08,F,,,,,A,Y,N,D,1,0,0,0,22107.0,1,36.61907577514648,-119.50591278076172,4
2019,2019-09-20,2022,9,3,20,5,N,A,Y,A,H,D,-,99,N,08,B,,,,,C,Y,F,D,5,0,0,0,22107.0,2,36.650066375732415,-119.71023559570312,3
2019,2019-09-21,510,9,3,5,6,Y,A,N,A,H,D,A,07,,12,D,,,,,C,Y,N,A,1,0,0,0,22450.0,2,36.7493896484375,-120.13224792480467,4
2019,2019-09-22,50,9,3,0,7,N,A,Y,A,H,D,A,01,N,01,E,,,,,I,Y,N,D,1,0,0,0,23152.0,1,36.759368896484375,-120.06008911132812,3
2019,2019-09-21,5,9,3,0,6,N,A,Y,A,H,D,A,07,N,01,E,,,,,I,Y,N,D,1,0,0,0,23152.0,1,36.75511932373047,-119.77568817138672,3
2019,2019-09-22,2130,9,3,21,7,N,A,Y,A,H,C,A,01,S,03,C,,,,,C,Y,N,A,1,0,0,0,22350.0,3,36.43084716796875,-119.80121612548828,4
2019,2019-09-10,1545,9,3,15,2,Y,A,N,A,H,A,H,18,,03,E,,,,,I,N,N,D,1,0,0,0,22350.0,1,36.814979553222656,-119.79715728759766,4
2019,2019-09-28,1000,9,3,10,6,N,A,Y,A,H,A,A,01,W,08,E,,,,,I,Y,N,D,1,0,0,0,22107.0,1,36.14279174804688,-120.61962127685548,3
2019,2019-09-21,1150,9,3,11,6,Y,A,N,A,H,A,A,01,,09,D,,,,,C,Y,N,A,2,0,0,0,21802.0,2,36.43087005615234,-119.85118103027344,4
2019,2019-09-26,558,9,3,5,4,Y,A,Y,A,H,C,G,25,,09,D,,,,Y,C,Y,N,D,1,0,0,0,21804.0,2,36.07289505004882,-120.10239410400392,4
2019,2019-09-23,1515,9,3,15,1,N,A,N,A,H,A,A,07,S,09,D,,,,,C,Y,N,D,2,0,0,0,21801.0,2,36.53070831298828,-119.8812255859375,3
2019,2019-09-22,625,9,3,6,7,N,A,Y,A,H,A,D,22,N,03,C,,,,,C,Y,N,A,1,0,0,0,22350.0,2,36.431446075439446,-119.80109405517578,4
2019,2019-09-23,1805,9,3,18,1,Y,A,N,A,H,A,A,01,,01,D,,,,,C,Y,N,A,1,0,0,0,23152.0,2,36.72769927978516,-119.96996307373048,3
2019,2019-09-21,553,9,3,5,6,N,A,N,A,H,B,A,01,N,03,C,,,,,C,Y,F,D,1,0,0,0,22350.0,2,36.651321411132805,-119.45758056640624,4
2019,2019-09-24,1535,9,3,15,2,N,A,Y,A,H,A,A,01,N,03,C,,,,,C,N,N,D,1,0,0,0,22350.0,2,36.78874969482422,-119.7844467163086,4
2019,2019-09-24,730,9,3,7,2,N,A,Y,A,H,A,C,02,S,03,C,,,Y,,C,Y,N,D,1,0,0,1,22350.0,2,36.818790435791016,-119.78551483154295,3
2019,2019-09-25,1225,9,3,12,3,N,A,N,A,H,A,A,01,N,01,E,,,,,J,Y,N,D,1,0,0,0,23152.0,1,36.53337860107422,-119.71868896484376,2
2019,2019-09-26,848,9,3,8,4,Y,A,N,A,H,A,A,01,,09,D,,,,,C,Y,N,A,2,0,0,0,21802.0,2,36.649070739746094,-119.68203735351562,4
2019,2019-09-26,2343,9,3,23,4,N,A,N,A,H,D,A,07,E,01,E,,,,,I,Y,N,D,1,0,0,0,23152.0,1,36.82273864746094,-119.83699035644533,3
2018,2018-12-22,606,12,4,6,6,Y,B,Y,B,H,D,A,01,,12,D,,,,,C,Y,N,A,2,0,0,0,22450.0,2,36.60348892211913,-120.06141662597656,1
2019,2019-07-16,1735,7,2,17,2,Y,A,Y,A,H,A,A,08,,08,D,,,Y,,C,Y,N,D,0,0,0,0,22107.0,2,37.09463882446289,-119.31818389892578,1
2019,2019-09-27,1819,9,3,18,5,N,A,Y,A,H,A,D,22,S,03,C,,,,,C,Y,N,D,1,0,0,0,22350.0,2,36.663440704345696,-119.72492218017578,4
2019,2019-09-26,1815,9,3,18,4,N,A,Y,A,H,A,D,22,N,03,C,,,,,C,Y,N,D,2,0,0,0,22350.0,2,36.67897033691406,-119.78574371337892,4
2019,2019-09-27,610,9,3,6,5,N,A,N,A,H,D,A,01,N,03,C,,,,,C,N,N,C,1,0,0,0,22350.0,2,36.547245025634766,-119.84519958496094,4
2019,2019-09-25,1420,9,3,14,3,N,A,N,A,H,A,G,25,N,03,F,,,,Y,A,Y,N,D,1,0,0,0,22350.0,1,36.42898941040039,-120.33840942382812,4
2019,2019-09-27,2212,9,3,22,5,N,A,Y,A,H,C,A,01,E,01,E,,,,,I,Y,F,D,2,0,0,0,23152.0,1,36.80709838867188,-119.73422241210938,3
2019,2019-09-27,1515,9,3,15,5,N,A,N,A,H,A,A,07,E,08,E,,,,,I,Y,N,D,1,0,0,0,22107.0,1,36.87506103515625,-119.34104919433594,4
2019,2019-09-25,732,9,3,7,3,Y,A,Y,A,H,A,D,22,,12,D,,,,,C,Y,N,A,4,0,0,0,21453.0,3,36.7369270324707,-119.64602661132812,4
2019,2019-09-14,1940,9,3,19,6,N,A,Y,A,H,C,A,01,S,01,C,,,,,C,Y,N,D,2,0,0,0,23152.0,2,36.78750991821289,-119.85475158691406,4
2019,2019-09-21,455,9,3,4,6,N,A,Y,A,H,D,A,01,N,01,F,,,,,A,Y,N,D,1,0,0,0,23152.0,1,36.62287902832031,-119.78596496582033,3
2019,2019-09-24,1110,9,3,11,2,Y,A,Y,A,H,A,D,22,,12,D,,,,,C,Y,N,A,1,0,0,0,22450.0,2,36.137893676757805,-120.102783203125,3
2019,2019-09-24,640,9,3,6,2,N,A,N,A,H,A,G,25,S,09,D,,,,Y,C,Y,N,D,1,0,0,0,21801.0,3,36.691349029541016,-119.45742797851562,4
2019,2019-09-29,1530,9,3,15,7,Y,A,Y,A,H,A,D,22,,09,D,,,,,C,Y,N,A,1,0,0,0,21802.0,2,36.61977767944336,-119.78596496582033,3
2019,2019-09-25,1249,9,3,12,3,N,A,Y,A,H,A,A,01,S,03,C,,,,Y,C,Y,N,D,3,0,0,0,22350.0,3,36.51778793334961,-119.62894439697266,3
2019,2019-09-27,1750,9,3,17,5,N,A,Y,A,H,A,D,22,N,08,E,,,,,I,Y,N,D,1,0,0,0,22107.0,1,36.25691986083984,-120.31473541259766,2
2019,2019-09-30,735,9,3,7,1,N,C,Y,B,H,A,A,01,E,08,E,,,,,I,Y,N,D,2,0,0,0,22107.0,1,37.06798553466797,-119.35660552978516,3
2019,2019-09-28,2320,9,3,23,6,N,A,N,A,H,D,A,01,E,03,C,,,,,C,Y,N,D,2,0,0,0,22350.0,2,36.137451171875,-120.21034240722656,4
2019,2019-09-20,2040,9,3,20,5,Y,A,N,A,H,D,A,01,,09,D,,,,,C,Y,N,D,1,0,0,0,21802.0,2,36.70746994018555,-119.64599609375,4
2019,2019-09-23,1540,9,3,15,1,N,A,N,A,H,A,D,22,E,01,F,,,,,A,Y,N,D,1,0,0,0,23152.0,1,36.59004974365234,-119.51046752929688,3
2019,2019-09-28,1934,9,3,19,6,N,A,N,A,H,D,L,04,W,08,D,,Y,,,G,N,N,D,1,0,1,0,22107.0,2,36.75038909912109,-119.7279052734375,3
2019,2019-09-29,2115,9,3,21,7,N,A,N,A,H,D,D,22,E,01,E,,,,,I,Y,N,D,1,0,0,0,23152.0,1,36.48879623413086,-119.91973876953124,4
2019,2019-09-26,1710,9,3,17,4,Y,A,N,A,H,A,A,01,,03,D,,,,,C,Y,N,D,2,0,0,0,22350.0,2,36.70645904541016,-119.87146759033205,4
2019,2019-09-27,1425,9,3,14,5,N,A,Y,A,H,A,A,01,N,03,C,,,,,C,Y,N,D,1,0,0,0,22350.0,2,36.56371307373047,-120.09358978271484,4
2019,2019-09-27,1448,9,3,14,5,Y,A,Y,A,H,A,A,01,,09,D,,,,,C,Y,N,A,1,0,0,0,21802.0,2,,,4
2019,2019-09-30,804,9,3,8,1,Y,A,N,A,H,A,H,15,,08,A,,,,,C,N,N,A,2,0,0,0,22107.0,2,36.79571914672852,-119.80860900878906,4
2019,2019-09-30,1527,9,3,15,1,N,A,N,A,H,A,C,02,E,22,E,,,Y,,I,N,N,D,1,0,0,1,,1,36.8300666809082,-119.58255004882812,2
2019,2019-10-01,707,10,3,7,2,Y,A,N,A,H,A,A,01,,09,D,,,,,C,Y,N,D,2,0,0,0,21802.0,2,36.60369110107422,-119.37670135498048,3
2019,2019-09-28,1850,9,3,18,6,N,A,Y,A,H,B,A,01,N,08,E,,,,,I,Y,N,D,1,0,0,0,22107.0,1,36.54236602783203,-120.50357055664062,3
2019,2019-10-01,620,10,3,6,2,N,A,N,A,H,B,A,01,W,08,E,,,,,I,Y,N,D,1,0,0,0,22107.0,1,36.96666717529297,-119.47146606445312,3
2019,2019-10-01,1625,10,3,16,2,N,A,Y,A,H,A,D,22,S,08,A,,,,,C,Y,N,D,1,0,0,0,22107.0,2,36.78347396850586,-120.40389251708984,3
2019,2019-09-30,2337,9,3,23,1,N,A,N,A,H,D,A,01,S,01,E,,,,,I,Y,N,D,1,0,0,0,23152.0,1,36.669258117675774,-119.72466278076172,3
2019,2019-09-28,1333,9,3,13,6,N,A,N,A,H,A,-,- ,E,07,B,,,Y,,C,N,N,D,2,0,0,2,21658.0,2,36.4238166809082,-119.81262969970705,2
2019,2019-10-01,1500,10,3,15,2,N,A,N,A,H,A,G,25,W,03,C,,,,Y,C,Y,N,A,1,0,0,0,22350.0,2,36.60538864135742,-119.61074066162108,4
2019,2019-10-01,2128,10,3,21,2,Y,A,Y,A,H,C,A,08,,12,D,,,,,C,Y,N,A,1,0,0,0,21453.0,2,,,4
2019,2019-10-01,725,10,3,7,2,N,A,N,A,H,A,A,08,W,03,C,,,,,C,Y,N,D,2,0,0,0,22350.0,2,36.63312911987305,-119.439208984375,4
2019,2019-10-02,1040,10,3,10,3,Y,A,N,A,H,A,G,26,,09,D,,,,Y,C,N,N,A,2,0,0,0,21802.0,2,36.7138786315918,-119.84449005126952,4
2019,2019-09-28,1410,9,3,14,6,Y,A,N,A,H,A,A,07,,09,D,,,,,C,Y,N,A,2,0,0,0,21802.0,2,36.60369110107422,-119.37670135498048,3
2019,2019-09-29,1250,9,3,12,7,N,A,N,A,H,A,A,01,E,08,E,,,,,I,Y,N,D,1,0,0,0,22107.0,1,36.90075302124024,-119.46622467041016,4
2019,2019-10-04,1410,10,3,14,5,N,A,Y,A,H,A,A,07,S,03,C,,,,,C,Y,N,D,1,0,0,0,22350.0,2,36.79059600830078,-119.78424072265624,4
2019,2019-10-04,1600,10,3,16,5,N,A,Y,A,H,A,A,01,N,03,C,,,,,C,N,N,A,1,0,0,0,22350.0,2,36.62866973876953,-119.6868896484375,4
2019,2019-10-04,1751,10,3,17,5,N,A,Y,A,H,B,A,01,N,08,C,,,,,C,N,N,A,1,0,0,0,22107.0,2,36.617034912109375,-119.674072265625,4
2019,2019-10-01,1730,10,3,17,2,N,A,Y,A,H,A,D,22,S,03,C,,,,,C,N,N,D,1,0,0,0,22350.0,2,36.73855209350586,-119.77741241455078,4
2019,2019-10-04,1948,10,3,19,5,N,A,Y,A,H,C,A,01,W,03,C,,,,,C,N,N,D,1,0,0,0,22350.0,2,36.74618148803711,-119.80521392822266,4
2019,2019-10-04,1435,10,3,14,5,N,A,Y,A,H,A,A,07,E,03,C,,,,,C,Y,N,D,2,0,0,0,22350.0,2,36.74867248535156,-119.80050659179688,3
2020,2020-03-30,1718,3,1,17,1,Y,A,N,A,H,A,A,01,,09,D,,,,,C,N,N,D,1,0,0,0,21804.0,2,36.14321899414063,-120.36045074462892,4
2019,2019-10-05,625,10,3,6,6,N,A,N,A,H,B,-,99,S,05,B,,,,,C,Y,M,D,1,0,0,0,21650.0,2,36.84499740600586,-120.46085357666016,3
2019,2019-10-05,1507,10,3,15,6,N,A,Y,A,H,A,-,- ,N,18,H,,,,,A,Y,N,D,1,0,0,0,,1,36.76215744018555,-120.71314239501952,3
2019,2019-09-21,1654,9,3,16,6,N,A,Y,A,H,A,A,01,S,03,C,,,,,C,Y,N,D,3,0,0,0,22350.0,3,36.60480880737305,-119.78598785400392,3
2019,2019-09-23,1745,9,3,17,1,Y,A,N,A,H,A,D,22,,09,D,,,,,C,Y,N,A,1,0,0,0,21802.0,2,36.749858856201165,-119.91619110107422,3
2019,2019-10-01,850,10,3,8,2,N,A,Y,A,H,A,A,01,W,03,C,,,,,C,N,N,D,2,0,0,0,22350.0,2,36.75542831420898,-119.76193237304688,4
2019,2019-10-02,1915,10,3,19,3,Y,A,N,A,H,D,D,22,,12,D,,,,,C,Y,N,A,2,0,0,0,22450.0,2,36.6048583984375,-119.88082885742188,3
2019,2019-10-03,2342,10,3,23,4,N,A,Y,A,H,C,A,07,E,08,E,,,,,I,Y,N,D,2,0,0,0,22107.0,1,36.75112533569336,-119.79381561279295,2
2019,2019-10-03,705,10,3,7,4,Y,A,N,A,H,A,C,02,,06,D,,,Y,,C,N,N,A,1,0,0,1,21750.0,2,36.79399871826172,-119.799560546875,4
2019,2019-10-03,939,10,3,9,4,N,A,N,A,H,A,A,01,E,03,C,,,,,C,Y,N,D,1,0,0,0,22350.0,3,36.503616333007805,-119.62448120117188,2
2019,2019-10-03,407,10,3,4,4,Y,A,N,A,H,D,A,01,,01,D,,,,,C,Y,N,A,1,0,0,0,23152.0,2,36.793899536132805,-119.80860137939452,3
2019,2019-09-07,440,9,3,4,6,N,A,N,A,H,D,A,01,W,01,F,,,,,A,Y,N,D,0,0,0,0,23152.0,1,36.181507110595696,-120.01383209228516,1
2019,2019-10-04,642,10,3,6,5,Y,A,N,A,H,B,A,01,,09,D,,,,,C,Y,N,A,1,0,0,0,21802.0,2,36.61988067626953,-119.66439819335938,2
2019,2019-10-03,1135,10,3,11,4,N,A,Y,A,H,A,A,01,S,21,C,,,,,C,N,N,D,2,0,0,0,22106.0,3,36.63209915161133,-119.78595733642578,4
2019,2019-10-04,1350,10,3,13,5,N,A,Y,A,H,A,A,01,N,04,C,,,,,C,N,N,D,1,0,0,0,21703.0,3,36.80223083496094,-119.7851333618164,4
2019,2019-10-04,2333,10,3,23,5,N,A,N,A,H,D,N,60,N,11,G,Y,,,,B,N,N,D,1,1,0,0,21954.0,2,36.57682800292969,-119.52127838134766,2
2019,2019-08-02,2049,8,2,20,5,N,A,Y,A,H,D,A,01,N,08,A,,,,,C,Y,N,D,5,0,0,0,22107.0,2,36.4390754699707,-119.79952239990234,1
2019,2019-10-04,1430,10,3,14,5,N,A,Y,A,H,A,A,08,N,03,C,,,,,C,Y,F,D,2,0,0,0,22350.0,3,36.82320785522461,-119.78538513183594,2
2019,2019-10-04,1428,10,3,14,5,N,A,N,A,H,A,A,07,S,09,D,,,,,C,Y,N,D,2,0,0,0,21801.0,2,36.503414154052734,-119.68299865722656,4
2019,2019-10-04,1229,10,3,12,5,Y,A,N,A,H,A,A,01,,12,D,,,,Y,C,Y,N,A,1,0,0,0,22450.0,2,36.69282913208008,-119.66397094726562,2
2019,2019-10-03,1555,10,3,15,4,N,A,Y,A,H,A,A,07,N,03,C,,,,,C,N,N,D,1,0,0,0,22350.0,3,36.77281188964844,-119.78474426269533,4
2019,2019-10-05,30,10,3,0,6,N,A,Y,A,H,D,A,01,S,01,C,,,,,C,Y,F,D,3,0,0,0,23152.0,2,36.7889404296875,-119.7844467163086,2
2019,2019-10-05,1930,10,3,19,6,N,A,Y,A,H,C,A,01,N,03,C,,,,,C,Y,N,D,2,0,0,0,22350.0,2,36.7663459777832,-119.77883911132812,4
2019,2019-10-05,1435,10,3,14,6,Y,A,N,A,H,A,A,07,,12,D,,,,,C,Y,N,A,6,0,0,0,22450.0,2,36.7138786315918,-119.84449005126952,4
2019,2019-10-05,1355,10,3,13,6,N,A,N,A,H,A,A,01,S,09,A,,,,,C,Y,N,D,2,0,0,0,21801.0,2,37.06181335449219,-119.4951171875,4
2019,2019-10-05,35,10,3,0,6,N,A,Y,A,H,D,A,01,S,01,C,,,,,C,Y,N,D,3,0,0,0,23152.0,2,36.788928985595696,-119.7844467163086,3
2019,2019-10-05,1015,10,3,10,6,N,A,Y,A,H,A,A,01,E,03,C,,,,,C,N,N,D,1,0,0,0,22350.0,2,36.748905181884766,-119.80006408691406,4
2019,2019-10-06,150,10,3,1,7,N,A,Y,A,H,D,A,01,N,01,C,,,,,C,Y,N,D,3,0,0,0,23152.0,3,36.7724609375,-119.83876037597656,4
2019,2019-10-06,2000,10,3,20,7,Y,A,Y,A,H,D,A,01,,12,D,,,,,C,Y,N,A,2,0,0,0,22450.0,2,36.73036193847656,-119.28663635253906,4
2019,2019-08-02,2054,8,2,20,5,N,A,Y,A,C,D,A,01,N,03,D,Y,,,Y,C,Y,N,D,1,1,0,0,22350.0,5,36.4390754699707,-119.79952239990234,2
2019,2019-10-06,120,10,3,1,7,N,A,Y,A,H,C,A,01,S,01,C,,,,,C,Y,M,A,1,0,0,0,23152.0,3,36.822750091552734,-119.78507995605467,4
2019,2019-10-06,1517,10,3,15,7,N,A,N,A,H,A,A,07,W,08,E,,,,,I,Y,N,D,2,0,0,0,22107.0,1,36.82290267944336,-119.61964416503906,3
2019,2019-10-07,1025,10,3,10,1,Y,A,N,A,H,A,A,07,,09,D,,,,,C,Y,N,A,1,0,0,0,21802.0,2,36.72769927978516,-119.96996307373048,3
2019,2019-10-08,930,10,3,9,2,N,A,Y,A,H,A,A,01,S,03,C,,,,,C,N,N,D,1,0,0,0,22350.0,2,36.59749603271485,-119.65243530273438,4