ACCIDENT_YEAR,COLLISION_DATE,COLLISION_TIME,MONTH,SEASON,24HOURS,DAY_OF_WEEK,INTERSECTION,WEATHER_1,STATE_HWY_IND,ROAD_SURFACE,ROAD_COND_1,LIGHTING,STWD_VEHTYPE_AT_FAULT,CHP_VEHTYPE_AT_FAULT,DIRECTION,PCF_VIOL_CATEGORY,TYPE_OF_COLLISION,PEDESTRIAN_ACCIDENT,BICYCLE_ACCIDENT,MOTORCYCLE_ACCIDENT,TRUCK_ACCIDENT,MVIW,TOW_AWAY,HIT_AND_RUN,CONTROL_DEVICE,NUMBER_INJURED,COUNT_PED_INJURED,COUNT_BICYCLIST_INJURED,COUNT_MC_INJURED,PCF_VIOLATION,PARTY_COUNT,POINT_Y,POINT_X,COLLISION_SEVERITY
2020,2020-10-06,1300,10,3,13,2,N,F,N,A,H,A,A,01,E,08,C,,,,,C,Y,N,D,1,0,0,0,22107.0,2,36.75038909912109,-119.72647094726562,4
2020,2020-10-09,2100,10,3,21,5,N,A,N,A,H,D,A,01,S,08,E,,,,,I,Y,N,D,1,0,0,0,22107.0,1,36.58990859985352,-119.46923065185548,4
2020,2020-10-10,1230,10,3,12,6,Y,A,N,A,H,A,C,02,,21,F,,,Y,,A,N,N,A,1,0,0,1,22106.0,1,36.667850494384766,-119.15521240234376,3
2020,2020-10-07,1235,10,3,12,3,Y,A,N,A,H,A,A,01,,09,D,,,,,C,Y,N,A,2,0,0,0,21802.0,2,36.706241607666016,-119.93435668945312,2
2020,2020-10-11,1430,10,3,14,7,Y,A,N,A,H,A,D,22,,09,D,,,,,C,N,N,D,1,0,0,0,21800.0,2,36.792781829833984,-119.7051010131836,4
2020,2020-10-07,450,10,3,4,3,N,A,N,A,H,D,D,22,N,08,F,,,,,I,Y,N,D,1,0,0,0,22107.0,1,36.93948745727539,-119.73029327392578,4
2020,2020-10-10,1355,10,3,13,6,N,A,Y,A,H,A,A,01,S,04,C,,,,,C,Y,N,D,6,0,0,0,21703.0,2,36.60009765625,-119.6552963256836,3
2020,2020-10-07,2044,10,3,20,3,Y,A,N,A,H,D,A,01,,03,C,,,,,C,N,N,D,2,0,0,0,22350.0,2,36.69934844970703,-119.61029815673828,4
2020,2020-10-12,345,10,3,3,1,N,A,Y,A,H,D,A,01,W,05,A,,,,,C,Y,N,D,2,0,0,0,21650.0,2,36.13697052001953,-120.27523040771484,3
2020,2020-10-09,1608,10,3,16,5,N,B,N,A,H,A,D,22,E,03,B,,,,,C,Y,N,A,2,0,0,0,22350.0,2,36.77793884277344,-120.72006225585938,3
2020,2020-10-10,1129,10,3,11,6,N,A,Y,A,H,A,C,02,N,08,E,,,Y,,I,Y,N,D,1,0,0,1,22107.0,1,36.97237777709961,-119.52825164794922,4
2020,2020-10-07,1740,10,3,17,3,N,A,Y,A,D,E,A,07,S,03,C,,,,,C,Y,F,D,1,0,0,0,22350.0,2,36.561138153076165,-119.61289215087892,2
2020,2020-10-07,952,10,3,9,3,N,A,N,A,H,A,A,01,W,01,E,,,,,I,Y,N,D,1,0,0,0,23152.0,1,36.8187370300293,-119.38717651367188,3
2020,2020-10-07,1235,10,3,12,3,N,A,Y,A,H,A,D,22,W,03,C,,,,,C,N,N,A,1,0,0,0,22350.0,2,36.7357292175293,-119.61051940917967,3
2020,2020-10-11,130,10,3,1,7,N,A,Y,A,H,D,A,01,E,01,E,,,,,I,Y,N,D,1,0,0,0,23152.0,1,36.92868423461913,-119.50906372070312,3
2020,2020-10-11,1608,10,3,16,7,Y,A,N,A,H,A,A,01,,01,E,,,,,I,Y,N,A,2,0,0,0,23152.0,1,36.67663192749024,-119.43055725097656,2
2020,2020-10-12,1955,10,3,19,1,N,A,Y,A,H,C,A,01,N,08,D,,,,,C,Y,N,D,5,0,0,0,22107.0,2,36.614532470703125,-119.67097473144533,4
2020,2020-10-12,1330,10,3,13,1,N,A,N,A,H,A,A,07,W,08,E,,,,,I,Y,N,D,1,0,0,0,22107.0,1,36.689937591552734,-119.10442352294922,4
2020,2020-10-12,805,10,3,8,1,N,A,N,A,H,A,D,22,E,03,C,,,,,C,Y,N,D,1,0,0,0,22350.0,2,36.61848449707031,-119.40290069580078,4
2020,2020-10-04,1719,10,3,17,7,N,A,Y,A,H,A,D,22,S,08,F,,,,,A,Y,N,D,0,0,0,0,22107.0,1,36.792377471923835,-120.41152954101562,1
2020,2020-10-12,1743,10,3,17,1,N,A,N,A,H,A,A,01,S,08,E,,,,,I,Y,N,D,1,0,0,0,22107.0,1,36.63865280151367,-119.77278137207033,4
2020,2020-10-12,1725,10,3,17,1,N,A,N,A,H,A,A,01,E,03,C,,,,,C,Y,N,D,2,0,0,0,22350.0,2,36.66997528076172,-119.50591278076172,4
2020,2020-10-12,2247,10,3,22,1,N,A,Y,A,H,D,A,01,E,03,C,,,,,C,Y,M,D,1,0,0,0,22350.0,2,36.73591232299805,-119.57292175292967,3
2020,2020-10-17,1733,10,3,17,6,N,A,N,A,H,A,D,22,E,08,E,,,,,I,Y,N,D,1,0,0,0,22107.0,1,36.850341796875,-120.75479125976562,3
2020,2020-10-11,15,10,3,0,7,N,A,N,A,H,D,A,01,E,01,B,,,,,C,Y,N,D,1,0,0,0,23152.0,2,36.547061920166016,-119.61846923828124,4
2020,2020-10-04,1418,10,3,14,7,N,A,N,A,H,A,A,01,N,01,D,,,Y,,C,Y,N,D,1,0,0,1,23152.0,2,36.97121810913086,-119.62088012695312,2
2020,2020-10-14,1540,10,3,15,3,Y,A,N,A,H,A,A,07,,09,A,,,,,C,Y,N,D,1,0,0,0,21802.0,2,36.83734893798828,-119.60993957519533,4
2020,2020-10-13,1905,10,3,19,2,N,A,Y,A,H,C,A,01,N,03,C,,,,,C,Y,N,A,1,0,0,0,22350.0,2,36.80826187133789,-119.88623046875,4
2020,2020-10-20,1700,10,3,17,2,N,A,Y,A,H,A,D,22,N,03,C,,,,,C,Y,N,D,3,0,0,0,22350.0,2,36.6464958190918,-119.7063446044922,4
2020,2020-10-11,731,10,3,7,7,N,A,Y,A,H,A,A,01,S,03,C,,,,Y,C,Y,N,D,3,0,0,0,22350.0,3,36.55392074584961,-120.5182876586914,3
2020,2020-05-05,210,5,1,2,2,N,A,Y,A,H,C,A,01,S,01,E,,,,,I,Y,N,D,3,0,0,0,23152.0,1,36.81455993652344,-119.78548431396484,1
2020,2020-10-13,1735,10,3,17,2,Y,A,N,A,H,A,A,01,,09,D,,,,,C,N,N,A,1,0,0,0,21802.0,2,36.575299,-119.457819,4
2020,2020-08-19,200,8,2,2,3,N,A,N,A,H,D,A,01,E,08,A,,,,Y,C,Y,N,D,0,0,0,0,22107.0,2,36.70646667480469,-119.86966705322266,1
2020,2020-10-14,1640,10,3,16,3,Y,A,N,A,H,A,A,01,,09,A,,,Y,,C,Y,N,A,1,0,0,1,21801.0,2,36.79446029663086,-119.70913696289062,4
2020,2020-10-12,110,10,3,1,1,Y,A,N,A,H,D,A,07,,01,E,,,,,I,Y,N,A,2,0,0,0,23152.0,1,36.82094192504882,-119.38269805908205,2
2020,2020-10-14,1640,10,3,16,3,N,A,Y,A,H,A,A,01,N,03,C,,,,Y,C,N,N,D,1,0,0,0,22350.0,2,36.7672119140625,-119.8358154296875,4
2020,2020-10-12,1115,10,3,11,1,N,A,N,A,H,A,A,01,E,08,F,,,,,A,Y,N,D,1,0,0,0,22107.0,1,36.561836242675774,-119.77972412109376,2
2020,2020-10-12,1820,10,3,18,1,N,A,N,A,H,B,A,01,N,08,E,,,,,I,Y,N,D,1,0,0,0,22107.0,1,36.71743392944336,-119.45738220214844,4
2020,2020-10-12,1825,10,3,18,1,N,A,Y,A,H,A,C,02,W,08,F,,,Y,,A,Y,N,D,1,0,0,1,22107.0,1,37.01723861694336,-119.52627563476562,3
2020,2020-10-12,1826,10,3,18,1,N,A,Y,A,H,A,C,02,W,08,F,,,Y,,A,Y,N,D,1,0,0,1,22107.0,1,37.01723861694336,-119.52627563476562,3
2020,2020-10-19,1830,10,3,18,1,N,A,N,A,H,D,A,07,N,08,F,,,,,A,Y,N,D,1,0,0,0,22107.0,1,36.66205978393555,-119.30465698242188,3
2020,2020-10-16,1547,10,3,15,5,Y,A,N,A,H,A,A,01,,12,D,,,,,C,Y,N,A,1,0,0,0,21453.0,2,36.80855941772461,-119.79944610595705,4
2020,2020-10-16,855,10,3,8,5,N,A,N,A,H,A,A,07,S,03,C,,,,,C,Y,N,A,2,0,0,0,22350.0,3,36.75739669799805,-119.66403198242188,4
2020,2020-10-16,1224,10,3,12,5,N,A,Y,A,H,A,D,22,N,03,C,,,,,C,Y,N,D,1,0,0,0,22350.0,2,36.8008041381836,-119.87586212158205,4
2020,2020-10-13,1835,10,3,18,2,N,A,Y,A,H,B,A,01,N,01,C,,,,,C,Y,N,D,2,0,0,0,23152.0,2,36.47872543334961,-119.63501739501952,3
2020,2020-10-16,1705,10,3,17,5,N,A,Y,A,D,A,G,25,N,03,C,,,,Y,C,Y,N,D,3,0,0,0,22350.0,4,36.55170822143555,-119.60184478759766,3
2020,2020-10-12,1420,10,3,14,1,Y,A,N,A,H,A,A,01,,09,D,,,,,C,Y,N,A,3,0,0,0,21802.0,3,36.618549346923835,-119.41297149658205,3
2020,2020-10-19,1725,10,3,17,1,N,A,Y,A,H,A,A,07,S,03,C,,,,,C,Y,N,D,1,0,0,0,22350.0,2,36.73862457275391,-119.80805206298828,4
2020,2020-10-17,1740,10,3,17,6,N,A,N,A,H,A,-,- ,W,18,H,,,,,H,N,N,D,1,0,0,0,,1,36.56119537353516,-119.4971160888672,4
2020,2020-10-17,805,10,3,8,6,N,A,N,A,H,A,A,01,W,04,C,,,,,C,Y,N,D,1,0,0,0,21703.0,2,36.63303756713867,-119.41830444335938,4
2020,2020-10-18,1505,10,3,15,7,N,A,Y,A,H,A,A,01,E,03,C,,,,,C,N,N,D,1,0,0,0,22350.0,2,36.73472595214844,-120.0964813232422,3
2020,2020-10-17,926,10,3,9,6,Y,A,Y,A,H,A,A,08,,12,D,,,,,C,Y,N,A,1,0,0,0,21453.0,2,36.518341064453125,-119.7861785888672,4
2020,2020-10-14,1219,10,3,12,3,N,A,Y,A,H,A,G,25,S,03,C,,,,Y,C,Y,F,D,3,0,0,0,22350.0,4,36.502544403076165,-120.45651245117188,2
2020,2020-10-15,835,10,3,8,4,N,A,Y,A,H,A,A,01,S,07,B,,,,,C,Y,N,D,2,0,0,0,21658.0,2,36.76115798950195,-119.77525329589844,4
2020,2020-10-16,1220,10,3,12,5,N,A,Y,A,H,A,-,- ,N,00,B,,,,,C,Y,N,D,2,0,0,0,,2,36.80070495605469,-119.87571716308594,4
2020,2020-10-15,1855,10,3,18,4,N,A,Y,A,H,C,G,25,S,07,B,,,,Y,C,Y,N,D,1,0,0,0,21658.0,2,36.70598220825195,-119.77332305908205,4
2020,2020-10-16,1550,10,3,15,5,N,A,Y,A,H,A,D,22,S,03,C,,,,Y,C,Y,N,D,1,0,0,0,22350.0,2,36.423858642578125,-119.80265808105467,2
2020,2020-10-17,2118,10,3,21,6,Y,A,N,A,H,D,A,01,,12,D,,,,,C,Y,N,A,1,0,0,0,22450.0,2,36.71377944946289,-119.86238098144533,4
2020,2020-10-16,645,10,3,6,5,N,A,Y,A,H,B,A,01,S,03,C,,,,Y,C,Y,N,D,2,0,0,0,22350.0,3,36.429630279541016,-119.8014678955078,3
2020,2020-10-18,1449,10,3,14,7,N,A,Y,A,H,A,C,02,S,08,E,,,Y,,I,Y,N,D,2,0,0,2,22107.0,1,36.72348403930664,-119.28522491455078,3
2020,2020-10-16,1800,10,3,18,5,N,A,Y,A,H,B,A,01,W,07,B,,,,,C,Y,N,D,2,0,0,0,21658.0,2,36.75287628173828,-119.70719146728516,4
2020,2020-10-16,1620,10,3,16,5,N,A,N,A,H,A,C,02,W,01,B,,,Y,,C,Y,N,D,2,0,0,2,23152.0,4,36.808547973632805,-119.80142974853516,2
2020,2020-10-17,1858,10,3,18,6,N,A,Y,A,H,D,A,08,N,03,E,,,,,J,Y,N,D,1,0,0,0,22350.0,3,36.607524871826165,-119.6632843017578,4
2020,2020-10-17,1215,10,3,12,6,Y,A,N,A,H,A,A,01,,12,A,,,,,C,Y,N,A,2,0,0,0,22450.0,2,36.60369110107422,-119.37670135498048,2
2020,2020-10-18,806,10,3,8,7,N,A,Y,A,H,A,A,01,N,01,E,,,,,I,Y,N,D,1,0,0,0,23152.0,1,36.69528198242188,-120.06066131591795,4
2020,2020-10-18,815,10,3,8,7,N,A,Y,A,H,A,A,01,N,01,F,,,,,I,Y,N,D,1,0,0,0,23152.0,1,36.74145126342773,-119.81603240966795,4
2020,2020-10-18,2250,10,3,22,7,N,A,N,A,H,D,A,01,W,08,F,,,,,J,Y,N,D,1,0,0,0,22107.0,1,36.70745086669922,-119.6468505859375,2
2020,2020-10-19,20,10,3,0,1,N,A,Y,A,H,D,A,01,W,01,C,,,,Y,C,Y,N,D,1,0,0,0,23152.0,2,36.7349967956543,-119.97857666015624,3
2020,2020-10-26,705,10,3,7,1,N,A,Y,A,H,B,G,25,S,07,C,,,,Y,C,N,N,D,1,0,0,0,21658.0,2,36.71958160400391,-120.68391418457033,4
2020,2020-10-12,550,10,3,5,1,Y,A,N,A,H,D,A,01,,03,D,,,,Y,C,Y,N,A,2,0,0,0,22350.0,2,36.757488250732415,-119.69113159179688,2
2020,2020-10-20,1420,10,3,14,2,N,A,Y,A,H,A,A,01,N,03,C,,,,,C,Y,N,D,2,0,0,0,22350.0,2,36.80284881591797,-119.78512573242188,3
2020,2020-10-19,100,10,3,1,1,N,A,N,A,H,D,A,01,S,08,E,,,,,I,Y,N,D,1,0,0,0,22107.0,1,36.46087646484375,-119.85131072998048,3
2020,2020-10-19,1033,10,3,10,1,N,A,Y,A,H,A,A,01,N,08,E,,,,,I,Y,N,D,1,0,0,0,22107.0,1,36.79491424560546,-119.78516387939452,4
2020,2020-10-19,530,10,3,5,1,Y,A,N,A,H,D,A,08,,09,D,,,,,C,Y,N,A,1,0,0,0,21802.0,2,36.69282913208008,-119.66397094726562,2
2020,2020-10-20,1230,10,3,12,2,Y,A,N,A,H,A,A,07,,09,D,,,,,C,Y,N,A,2,0,0,0,21802.0,2,36.547019958496094,-119.88114166259766,3
2020,2020-10-21,755,10,3,7,3,Y,A,N,A,H,A,E,22,,09,D,,,,,C,Y,N,D,4,0,0,0,21802.0,2,36.749858856201165,-119.91619110107422,1
2020,2020-10-20,630,10,3,6,2,Y,A,N,A,H,D,D,22,,09,D,,,,,C,Y,N,A,1,0,0,0,21802.0,2,36.969829559326165,-119.6243896484375,4
2020,2020-10-21,1735,10,3,17,3,N,A,Y,A,H,A,D,22,E,01,E,,,,,I,Y,N,D,1,0,0,0,23152.0,1,36.904109954833984,-119.51908111572266,3
2020,2020-10-20,1610,10,3,16,2,Y,A,N,A,H,A,D,22,,09,D,,,,,C,Y,N,A,1,0,0,0,21802.0,2,36.77188873291016,-119.8533172607422,4
2020,2020-10-16,1625,10,3,16,5,N,A,Y,A,H,A,F,26,E,03,C,,,,Y,C,Y,N,D,1,0,0,0,22350.0,4,36.74966812133789,-119.79861450195312,4
2020,2020-10-19,1520,10,3,15,1,N,A,N,A,H,A,A,08,W,03,C,,,,,C,N,N,D,1,0,0,0,22350.0,3,36.79388046264648,-119.81403350830078,4
2020,2020-10-22,1210,10,3,12,4,Y,A,N,A,H,A,D,22,,12,D,,,,,C,Y,N,A,3,0,0,0,22450.0,3,36.749610900878906,-119.96990203857422,4
2020,2020-10-22,1120,10,3,11,4,N,A,Y,A,D,A,A,01,N,03,C,,,,,C,Y,N,D,2,0,0,0,22350.0,2,36.535503387451165,-119.58275604248048,3
2020,2020-10-22,1440,10,3,14,4,N,A,Y,A,H,A,D,22,S,07,B,,,,,C,Y,N,D,1,0,0,0,21658.0,2,36.7560920715332,-119.8290557861328,4
2020,2020-10-21,1610,10,3,16,3,N,A,N,A,H,A,A,01,W,01,A,,,,,C,Y,N,D,1,0,0,0,23152.0,2,36.561878204345696,-119.739013671875,3
2020,2020-10-22,1645,10,3,16,4,N,A,N,A,H,A,A,01,N,08,E,,,,,I,Y,N,D,1,0,0,0,22107.0,1,36.59919738769531,-119.36779022216795,3
2020,2020-10-05,520,10,3,5,1,Y,F,N,A,H,D,D,22,,09,D,,,,,C,N,N,A,1,0,0,0,21802.0,2,36.80810928344727,-119.55600738525392,4
2020,2020-10-21,1808,10,3,18,3,Y,A,Y,A,H,B,D,22,,16,E,,,,,I,Y,N,D,1,0,0,0,24002.0,2,36.76534271240234,-119.74917602539062,4
2020,2020-10-17,1455,10,3,14,6,N,A,Y,A,H,A,A,01,S,08,H,,,,,A,Y,N,D,1,0,0,0,22107.0,1,,,3
2020,2020-10-22,705,10,3,7,4,N,A,Y,A,H,A,A,08,W,07,C,,,,,C,Y,N,D,1,0,0,0,21658.0,2,36.755149841308594,-119.75820159912108,4
2020,2020-10-20,1753,10,3,17,2,Y,A,Y,A,H,A,A,08,,09,D,,,,,C,Y,N,A,3,0,0,0,21802.0,2,36.48917007446289,-119.6291046142578,2
2020,2020-10-22,1720,10,3,17,4,N,A,N,A,H,A,D,22,W,09,D,,,,,C,Y,N,D,3,0,0,0,21801.0,3,36.70656204223633,-119.85558319091795,4
2020,2020-10-23,1010,10,3,10,5,Y,A,N,A,H,A,A,01,,09,D,,,,,A,Y,N,A,1,0,0,0,21802.0,2,36.648941040039055,-119.74578094482422,4
2020,2020-10-22,1450,10,3,14,4,N,A,Y,A,H,A,A,01,S,07,B,,,,Y,C,Y,N,D,1,0,0,0,21658.0,3,36.757102966308594,-119.82966613769533,4
2020,2020-10-22,1720,10,3,17,4,N,A,Y,A,H,A,A,01,S,03,C,,,,,C,Y,N,D,2,0,0,0,22350.0,2,36.73854064941406,-119.8078842163086,4
2020,2020-10-25,2000,10,3,20,7,N,A,N,A,H,D,D,22,W,03,C,,,,,C,Y,N,D,1,0,0,0,22350.0,2,36.735931396484375,-119.70353698730467,4
2020,2020-10-22,1025,10,3,10,4,N,A,N,A,H,A,A,01,E,08,B,,,,,A,Y,F,D,2,0,0,0,22107.0,4,36.794063568115234,-119.7936782836914,2
2020,2020-10-22,1125,10,3,11,4,N,A,Y,A,H,A,N,60,E,11,G,Y,,,,B,N,N,D,1,1,0,0,21954.0,2,36.75345993041992,-119.78144073486328,3
2020,2020-10-23,1625,10,3,16,5,Y,A,N,A,A,A,A,01,,09,D,,,,,C,Y,N,D,3,0,0,0,21801.0,3,36.79029083251953,-119.80864715576172,4
2020,2020-10-25,2107,10,3,21,7,N,A,Y,A,H,D,-,- ,N,00,B,,,,,C,N,N,D,3,0,0,0,,2,36.533203125,-119.57997131347656,4
2020,2020-10-24,1925,10,3,19,6,N,A,N,A,H,D,C,02,N,08,F,,,Y,,A,Y,N,D,1,0,0,1,22107.0,1,36.90039825439453,-119.72998809814452,3
2020,2020-10-23,1553,10,3,15,5,Y,A,N,A,H,A,A,01,,09,D,,,,,C,Y,N,A,1,0,0,0,21802.0,2,36.655960083007805,-119.57456207275392,4
2020,2020-10-26,1720,10,3,17,1,Y,A,N,A,H,A,G,27,,08,F,,,,Y,A,Y,N,D,1,0,0,0,22107.0,1,36.43032836914063,-119.94116973876952,4
2020,2020-10-24,1425,10,3,14,6,N,A,Y,A,H,A,L,04,W,03,F,,Y,,,A,N,N,D,1,0,1,0,22350.0,1,36.254199981689446,-120.2572784423828,3
2020,2020-10-24,2005,10,3,20,6,N,A,Y,A,H,D,A,01,E,08,B,,,,,C,Y,F,D,1,0,0,0,22107.0,3,36.74266815185546,-119.81202697753906,4
2020,2020-10-24,1830,10,3,18,6,N,A,N,A,H,D,A,01,E,03,C,,,,,C,Y,N,D,1,0,0,0,22350.0,2,36.706592559814446,-119.6088638305664,4
2020,2020-10-23,1656,10,3,16,5,N,A,N,A,H,A,A,01,N,08,F,,,,,A,Y,N,D,2,0,0,0,22107.0,1,36.74604415893555,-119.16333770751952,2
2020,2020-10-26,1900,10,3,19,1,N,A,Y,A,H,C,A,01,N,09,D,,,,,C,Y,N,D,1,0,0,0,21801.0,2,36.51850128173828,-119.62894439697266,4
2020,2020-10-24,500,10,3,5,6,N,A,N,A,H,D,A,01,E,01,E,,,,,I,Y,N,D,2,0,0,0,23152.0,1,36.7279167175293,-119.9360580444336,4
2020,2020-10-26,1852,10,3,18,1,N,A,Y,A,H,D,A,08,S,03,C,,,,,C,Y,M,D,9,0,0,0,22350.0,5,36.41226959228516,-119.80503082275392,4
2020,2020-10-27,2000,10,3,20,2,N,A,Y,A,H,C,A,07,W,09,D,,,,,C,Y,N,D,1,0,0,0,21804.0,2,36.73435974121094,-120.32286834716795,4
2020,2020-10-27,2105,10,3,21,2,N,A,N,A,H,D,D,22,S,01,E,,,,,J,Y,N,D,1,0,0,0,23152.0,1,36.951698303222656,-119.65367889404295,3
2020,2020-10-23,2155,10,3,21,5,N,A,N,A,H,C,A,01,E,01,C,,,,,C,Y,N,D,2,0,0,0,23152.0,2,36.8667106628418,-119.71520233154295,3
2020,2020-10-28,1640,10,3,16,3,N,A,Y,A,H,A,A,01,N,08,E,,,,,I,Y,N,D,2,0,0,0,22107.0,1,36.7291374206543,-119.79700469970705,4
2020,2020-10-31,1205,10,3,12,6,N,A,Y,A,H,A,E,22,S,08,F,,,,,A,Y,N,D,1,0,0,0,22107.0,1,36.109161376953125,-120.27166748046876,3
2020,2020-11-02,1300,11,3,13,1,N,B,Y,A,H,A,-,99,S,07,D,,,,Y,C,Y,F,D,1,0,0,0,21658.0,3,36.70815658569336,-120.67575073242188,4
2020,2020-09-23,1910,9,3,19,3,N,A,N,A,H,A,A,01,N,08,E,,,,,I,Y,N,D,1,0,0,0,22107.0,2,36.70403289794922,-119.72735595703124,2
2020,2020-10-26,1333,10,3,13,1,N,A,Y,A,H,A,A,07,N,08,F,,,,,A,Y,N,D,1,0,0,0,22107.0,1,36.71504974365234,-119.7824478149414,2
2020,2020-10-28,939,10,3,9,3,N,A,Y,A,H,A,A,01,E,08,E,,,,,I,Y,N,D,1,0,0,0,22107.0,1,36.75422668457031,-119.73434448242188,3
2020,2020-10-28,1215,10,3,12,3,N,A,Y,A,H,A,-,- ,N,00,B,,,,,C,N,N,D,1,0,0,0,,2,36.83831024169922,-119.7855224609375,4
2020,2020-10-28,2248,10,3,22,3,N,A,Y,A,H,D,A,01,E,08,E,,,,,I,Y,N,D,1,0,0,0,22107.0,1,36.78708267211913,-119.74921417236328,3
2020,2020-10-29,1800,10,3,18,4,Y,A,N,A,H,D,A,07,,09,D,,,,,C,Y,N,A,2,0,0,0,21802.0,2,36.66320037841797,-119.55651092529295,4
2020,2020-10-29,1710,10,3,17,4,Y,A,N,A,H,A,A,01,,09,D,,,,,C,Y,N,A,2,0,0,0,21802.0,2,36.64870071411133,-119.81777954101562,4
2020,2020-10-27,2330,10,3,23,2,N,A,N,A,H,D,A,01,S,08,E,,,,,I,Y,N,D,1,0,0,0,22107.0,1,36.720413208007805,-119.7546615600586,4
2020,2020-10-27,1335,10,3,13,2,Y,A,N,A,H,A,A,07,,09,D,,,,,C,Y,F,A,2,0,0,0,21802.0,2,36.561790466308594,-119.80886840820312,2
2020,2020-10-27,2010,10,3,20,2,Y,A,Y,A,H,C,A,01,,12,D,,,,,C,Y,N,A,1,0,0,0,21453.0,2,36.736427307128906,-119.63697814941406,4
2020,2020-10-20,945,10,3,9,2,Y,A,N,A,H,A,A,01,,12,D,,,,Y,C,Y,N,A,2,0,0,0,22450.0,2,36.14910125732422,-120.36557006835938,4
2020,2020-10-19,1350,10,3,13,1,N,A,N,A,H,A,A,01,W,01,F,,,,,A,Y,M,D,1,0,0,0,23152.0,1,37.00928497314453,-119.4132080078125,3
2020,2020-10-06,1623,10,3,16,2,N,A,N,A,H,A,A,01,W,03,C,,,,,C,Y,N,A,2,0,0,0,22350.0,2,36.67792510986328,-119.74266815185548,4
2020,2020-10-23,540,10,3,5,5,N,A,N,A,H,D,C,02,S,03,E,,,Y,,J,Y,N,D,1,0,0,1,22350.0,1,36.9634017944336,-119.72856903076172,2
2020,2020-10-05,1010,10,3,10,1,Y,A,N,A,H,A,-,- ,,00,D,,,,,C,Y,N,A,2,0,0,0,,2,36.677749633789055,-119.55654907226562,3
2020,2020-10-31,642,10,3,6,6,N,A,Y,A,H,B,A,01,N,08,E,,,,,I,Y,N,D,1,0,0,0,22107.0,1,36.460567474365234,-120.41674041748048,4
2020,2020-10-28,1510,10,3,15,3,N,A,Y,A,H,A,-,99,W,07,C,,,,,C,N,F,D,1,0,0,0,21658.0,3,36.74479675292969,-119.80721282958984,4
2020,2020-07-21,1152,7,2,11,2,N,A,N,A,H,A,A,01,S,04,C,,,,,C,Y,N,A,1,0,0,0,21703.0,2,36.6045036315918,-119.52101135253906,4
2020,2020-11-02,855,11,3,8,1,N,A,Y,A,H,A,A,01,E,03,C,,,,Y,C,Y,N,D,1,0,0,0,22350.0,2,36.25523376464844,-120.15769958496094,4
2020,2020-10-28,1715,10,3,17,3,Y,A,N,A,H,A,A,08,,09,D,,,,,C,Y,N,A,1,0,0,0,21802.0,2,36.72085952758789,-119.90763092041016,4
2020,2020-10-28,644,10,3,6,3,N,A,Y,A,H,C,D,22,W,03,C,,,,,C,Y,N,D,3,0,0,0,22350.0,3,36.74370574951172,-119.8098602294922,4
2020,2020-10-29,1555,10,3,15,4,Y,A,N,A,H,A,D,22,,09,D,,,,,C,Y,N,A,2,0,0,0,21802.0,2,36.5181999206543,-119.8269500732422,4
2020,2020-10-30,225,10,3,2,5,N,A,N,A,H,D,A,01,S,03,C,,,,,C,Y,N,D,2,0,0,0,22350.0,2,36.429512023925774,-119.8432159423828,4
2020,2020-10-28,1309,10,3,13,3,Y,A,N,A,H,A,A,01,,09,D,,,,,C,Y,N,A,2,0,0,0,21802.0,2,36.61980819702149,-119.61065673828124,4
2020,2020-10-30,1305,10,3,13,5,N,A,Y,A,H,A,A,01,N,03,C,,,,,C,Y,N,D,1,0,0,0,22350.0,2,36.75076675415039,-119.77595520019533,4
2020,2020-10-30,649,10,3,6,5,N,A,Y,A,H,B,A,01,S,08,E,,,,,I,Y,N,D,1,0,0,0,22107.0,1,36.79314804077149,-119.8645248413086,4
2020,2020-10-30,1405,10,3,14,5,N,A,N,A,H,A,A,01,W,03,C,,,,,C,Y,N,D,1,0,0,0,22350.0,2,36.705848693847656,-120.0517578125,3
2020,2020-10-30,1645,10,3,16,5,Y,A,N,A,H,A,D,22,,09,D,,,,,C,Y,N,A,3,0,0,0,21802.0,2,36.70663070678711,-119.84449768066406,4